status;time;card_type;city;amount;id
success;7/9/2025 10:48;Visa;Tehran;1427657.0;98
success;20/9/2025 13:10;MastCard;Tehran;1578078.0;52
fail;29/9/2025 3:27;Visa;Tehran ;250000.0;20
success;15/9/2025 13:13;Discover;Isfahan;0.0;40
success;11/9/2025 11:11;Visa;Tehran;1782689.0;59
fail;8/9/2025 21:21;Discover;Tehran;1050805.0;77
Success;29/9/2025 22:27;Visa;Tabriz;1387769.0;14
fail;21/9/2025 3:00;Master-Card;Tehran;1502601.0;44
success;7/9/2025 12:12;Discover;Isfahan;-999999.0;87
fail;26/9/2025 7:32;Visa;Tehran;0.0;82
success;19/9/2025 12:12;Visa;Tehran;200000.0;48
fail;23/9/2025 19:19;Amex;Shiraz;914282.0;94
fail;11/9/2025 7:32;visa;TEHRAN;774681.0;43
failed;11/9/2025 14:30;Visa;Isfahan;1305967.0;16
fail;24/9/2025 11:11;Visa;karaj;177050.0;35
failed;21/9/2025 11:11;MasterCard;Tehran;650000.0;53
success;4/9/2025 10:05;Amex;Ahvaz;12345.0;34
succeed;8/9/2025 19:51;Discover;Tehran;-999999.0;3
success;24/9/2025 3:00;Discover;karaj;50200.0;68
fail;3/9/2025 17:17;MasterCard;THR;1305967.0;5
fail;22/9/2025 0:00;Discover;Ahvaz;471227.0;10
failed;21/9/2025 11:11;nan;karaj;250000.0;52
failed;2/9/2025 11:11;Visa;Qom;177050.0;29
fail;24/9/2025 13:10;Discover;Tabriz;471227.0;97
success;12/9/2025 16:40;Vsa;Shiraz;9999999999.0;31
success;30/9/2025 16:40;Vsa;Isfahan;976246.0;66
FAIL;6/9/2025 1:01;Visa;Tehran;120000.0;76
Success;2/9/2025 16:40;VISA;Mashhad;1050805.0;92
succeed;28/9/2025 3:27;MastCard;Shiraz;0.0;69
failed;21/9/2025 21:10;Discover;Tehran;1158713.0;37
Success;1/9/2025 14:30;MasterCard;Shiraz;450000.0;27
fail;12/9/2025 22:27;Discover;Shiraz;-999999.0;88
failed;26/9/2025 3:27;Visa;Tehran;-999999.0;33
success;22/9/2025 2:54;Discover;Isfahan;100.5;68
FAIL;29/9/2025 11:11;Amex;Tehran ;-999999.0;59
success;12/9/2025 19:51;Vsa;THR;9999999999.0;64
fail;25/9/2025 12:34;Discover;Isfahan;-5000.0;85
success;17/9/2025 14:02;Discover;Isfahan;99999.0;89
success;27/9/2025 2:24;MasterCard;Tehran;1578078.0;44
fail;27/9/2025 11:11;Amex;Tehran;63489.0;96
fail;10/9/2025 19:29;MastCard;Tabriz;450000.0;89
success;28/9/2025 19:40;Discover;tehr@n;177050.0;49
fail;28/9/2025 12:12;Amex;tehr@n;1050805.0;53
fail;16/9/2025 7:32;Discover;karaj;-5000.0;74
fail;15/9/2025 11:11;MastCard;Isfahan;1578078.0;49
Success;30/9/2025 21:23;Visa;Tehran;343679.0;66
success;30/9/2025 9:09;Discover;Qom;555555.0;96
fail;15/9/2025 5:23;MasterCard;Shiraz;471227.0;63
success;30/9/2025 1:01;Master-Card;Isfahan;976246.0;25
success;19/9/2025 14:00;Amex;Karaj;343679.0;4
fail;12/9/2025 21:23;VISA;Karaj;1463119.0;51
fail;23/9/2025 8:08;Visa;Ahvaz;200000.0;11
success;20/9/2025 2:24;MasterCard;Mashhad;976246.0;17
success;25/9/2025 7:32;MasterCard;Ahvaz;9999999999.0;66
success;3/9/2025 18:12;Amex;Tehran;774681.0;70
success;5/9/2025 2:30;Vsa;Karaj;1578078.0;73
fail;19/9/2025 2:24;Vsa;Tabriz;205000.0;69
FAIL;7/9/2025 2:30;MastCard;Tabriz;1000.0;84
fail;21/9/2025 7:08;Amex;Tehran;-5000.0;29
success;9/9/2025 14:02;Master Card;Tehran;419089.0;85
fail;7/9/2025 9:09;Discover;nan;0.0;73
fail;18/9/2025 16:16;Vsa;Isfahan;9999999999.0;93
success;4/9/2025 16:40;nan;TEHRAN;-5000.0;72
fail;25/9/2025 19:29;MasterCard;Tehran;0.0;96
success;28/9/2025 14:11;MastCard;Tabriz;0.0;20
fail;14/9/2025 13:10;Discover;Qom;100.5;27
success;18/9/2025 3:27;Visa;Isfahan;1578078.0;8
success;26/9/2025 16:40;Amex;Shiraz;1427657.0;85
fail;9/9/2025 13:13;Visa;Isfahan;-999999.0;61
failed;26/9/2025 12:12;MasterCard;karaj;0.0;28
fail;21/9/2025 21:21;Master-Card;Isfahan;0.0;88
fail;2/9/2025 6:30;Visa;Qom;1768588.0;70
success;20/9/2025 11:11;Visa;Tabriz;555555.0;3
success;28/9/2025 4:04;Amex;Karaj;-5000.0;69
success;15/9/2025 7:07;Discover;Shiraz;205000.0;73
fail;28/9/2025 13:10;MasterCard;Isfahan;419089.0;7
failed;7/9/2025 6:06;MasterCard;Tabriz;914465.0;60
success;12/9/2025 23:59;Visa;Shiraz;545116.0;4
fail;29/9/2025 21:23;Visa;tehr@n;976246.0;5
fail;8/9/2025 19:40;Master-Card;Tehran;-5000.0;11
failed;15/9/2025 23:17;Visa;Ahvaz;0.0;15
success;3/9/2025 5:23;MasterCard;Qom;585954.0;64
fail;14/9/2025 7:08;VISA;Mashhad;583952.0;99
fail;17/9/2025 1:51;Vsa;Tehran ;1883871.0;13
fail;4/9/2025 5:23;Visa;Qom;100.5;7
success;18/9/2025 14:00;MasterCard;karaj;0.0;6
failed;8/9/2025 14:00;MastCard;Mashhad;583952.0;56
success;4/9/2025 10:05;MastCard;Tabriz;-1.0;64
success;2/9/2025 17:07;MastCard;Karaj;1578078.0;50
failed;30/9/2025 4:04;MasterCard;TEHRAN;99999.0;30
success;6/9/2025 8:08;Visa;karaj;0.0;22
success;22/9/2025 2:54;MasterCard;Tehran;1000.0;25
fail;10/9/2025 19:51;Amex;Tabriz;-999999.0;28
success;4/9/2025 3:27;Amex;Mashhad;1387769.0;84
success;22/9/2025 4:15;Visa;Qom;-999999.0;39
fail;29/9/2025 16:16;Visa;Tehran;1782689.0;67
succeed;18/9/2025 10:05;VISA;Tabriz;-5000.0;5
failed;26/9/2025 14:11;Visa;Ahvaz;1472823.0;65
success;12/9/2025 9:45;Discover;Karaj;1578078.0;15
success;2/9/2025 16:40;MastCard;karaj;100.5;91
success;10/9/2025 2:20;MasterCard;tehr@n;585954.0;67
fail;30/9/2025 9:09;Visa;Tabriz;177050.0;40
fail;4/9/2025 14:00;MasterCard;THR;1578078.0;99
success;14/9/2025 23:59;Amex;Shiraz;1427657.0;69
success;16/9/2025 1:01;MasterCard;tehr@n;-5000.0;96
failed;15/9/2025 22:27;nan;Tabriz;585954.0;77
fail;8/9/2025 23:17;Discover;Tabriz;99999.0;43
success;14/9/2025 17:07;Amex;Karaj;0.0;1
success;23/9/2025 19:29;Visa;TEHRAN;1427657.0;22
success;28/9/2025 2:37;Discover;karaj;343679.0;62
failed;25/9/2025 19:40;MastCard;Karaj;1782689.0;79
succeed;30/9/2025 13:10;Visa;Isfahan;1782689.0;26
fail;8/9/2025 11:11;Amex;Karaj;555555.0;18
fail;21/9/2025 3:27;Visa;Ahvaz;12345.0;48
fail;16/9/2025 7:08;Visa;Ahvaz;333333.0;9
success;13/9/2025 10:48;MasterCard;Karaj;200000.0;1
fail;18/9/2025 2:24;MastCard;Tehran;914465.0;9
success;15/9/2025 9:45;Visa;Shiraz;250000.0;23
success;21/9/2025 13:10;nan;Mashhad;471227.0;45
success;24/9/2025 15:45;Visa;Tehran ;1463119.0;2
success;26/9/2025 7:07;Visa;Shiraz;1427657.0;14
success;25/9/2025 21:23;Visa;Shiraz;100000.0;38
success;28/9/2025 4:40;Visa;nan;100.5;40
fail;28/9/2025 23:59;Visa;Tehran;583952.0;63
success;28/9/2025 21:23;Vsa;Tabriz;9999999999.0;82
success;13/9/2025 0:00;MasterCard;Shiraz;333333.0;16
success;9/9/2025 8:08;Discover;Tabriz;0.0;94
failed;29/9/2025 14:11;Master Card;Isfahan;-1.0;75
failed;15/9/2025 11:11;Discover;TEHRAN;555555.0;6
failed;13/9/2025 6:06;Visa;Qom;452545.0;3
fail;1/9/2025 16:40;Discover;Tehran;100.5;14
success;25/9/2025 9:00;Discover;Tabriz;0.0;66
fail;7/9/2025 18:12;MasterCard;Tehran;205000.0;97
fail;9/9/2025 8:08;Discover;Qom;9999999999.0;96
fail;24/9/2025 8:08;MasterCard;Tehran;343679.0;75
fail;1/9/2025 9:09;MastCard;THR;177050.0;87
fail;12/9/2025 12:12;Vsa;Qom;-999999.0;67
success;8/9/2025 16:40;MastCard;Tehran;774681.0;31
Success;24/9/2025 16:40;Visa;Tabriz;100.5;33
fail;11/9/2025 23:17;Visa;Shiraz;1000.0;89
failed;19/9/2025 2:37;MasterCard;Isfahan;120000.0;1
fail;17/9/2025 16:40;Visa;Mashhad;850000.0;44
fail;8/9/2025 22:27;Visa;TEHRAN;412308.0;15
success;3/9/2025 2:37;MasterCard;Isfahan;5000.0;37
success;3/9/2025 3:27;Discover;Isfahan;545116.0;27
fail;1/9/2025 2:37;MastCard;karaj;419089.0;48
fail;27/9/2025 19:40;Discover;Tabriz;-999999.0;27
success;5/9/2025 16:40;VISA;Tehran;100000.0;12
fail;10/9/2025 2:20;MastCard;Tehran;1305967.0;67
success;7/9/2025 3:27;Visa;tehr@n;-5000.0;30
success;26/9/2025 9:09;MasterCard;tehr@n;0.0;97
fail;9/9/2025 21:21;Amex;Tabriz;419089.0;88
failed;28/9/2025 0:00;MastCard;Qom;976246.0;66
fail;7/9/2025 23:59;MasterCard;Tehran;-5000.0;7
success;9/9/2025 10:48;MasterCard;Shiraz;1158713.0;34
success;8/9/2025 16:40;Discover;Tehran;0.0;32
FAIL;12/9/2025 19:51;Discover;Tehran;914465.0;39
success;2/9/2025 10:48;Master Card;karaj;1768588.0;97
success;1/9/2025 4:15;Discover;Tabriz;452545.0;43
fail;16/9/2025 12:34;Visa;Tehran;300000.0;43
success;23/9/2025 7:32;Visa;karaj;-999999.0;78
success;23/9/2025 22:27;Master-Card;Ahvaz;1768588.0;3
success;30/9/2025 18:00;Amex;Karaj;1427657.0;46
failed;24/9/2025 0:00;Vsa;TEHRAN;120000.0;32
fail;5/9/2025 7:32;Vsa;Mashhad;200000.0;43
failed;3/9/2025 7:32;Vsa;Tehran;0.0;81
failed;12/9/2025 2:30;Amex;Tehran;914282.0;3
success;8/9/2025 23:17;Visa;Tabriz;-5000.0;74
success;22/9/2025 20:33;Visa;Tehran;-5000.0;63
fail;27/9/2025 7:32;Amex;Qom;471227.0;40
succeed;3/9/2025 12:12;Discover;Tehran;177050.0;18
fail;1/9/2025 9:09;Amex;Isfahan;850000.0;67
success;3/9/2025 23:59;MasterCard;Tehran;914465.0;62
success;5/9/2025 2:37;Amex;Isfahan;250000.0;10
Success;15/9/2025 23:59;Visa;Shiraz;250000.0;52
success;14/9/2025 2:30;Visa;Isfahan;976246.0;73
success;3/9/2025 21:10;MastCard;Isfahan;900000.0;46
fail;1/9/2025 18:00;Visa;nan;0.0;55
fail;5/9/2025 5:56;Amex;Karaj;250000.0;46
fail;26/9/2025 19:19;Amex;Mashhad;12345.0;75
failed;23/9/2025 21:21;visa;Qom;1883871.0;60
success;14/9/2025 7:08;Vsa;Shiraz;850000.0;98
success;7/9/2025 2:37;MasterCard;Tehran;250000.0;26
success;27/9/2025 1:51;Amex;Tehran;300000.0;27
success;9/9/2025 12:44;Visa;Shiraz;585954.0;38
fail;15/9/2025 19:51;Discover;Isfahan;914282.0;22
fail;15/9/2025 0:00;MastCard;Tehran;1502601.0;26
fail;26/9/2025 2:37;Amex;Tabriz;1578078.0;87
success;10/9/2025 22:27;MasterCard;Tehran;1578078.0;69
fail;28/9/2025 0:00;Visa;TEHRAN;200000.0;35
success;13/9/2025 0:00;Vsa;Tabriz;0.0;66
success;19/9/2025 21:23;Discover;Tehran;914282.0;100
success;7/9/2025 20:33;Vsa;Shiraz;1000.0;73
fail;17/9/2025 10:48;Amex;Mashhad;1782689.0;51
fail;20/9/2025 20:33;Discover;Qom;419089.0;18
fail;29/9/2025 0:00;Visa;Isfahan;-5000.0;43
success;4/9/2025 21:23;Discover;Mashhad;1158713.0;12
fail;30/9/2025 10:48;Master-Card;Ahvaz;443463.0;3
failed;5/9/2025 10:05;Vsa;Tabriz;120000.0;82
success;23/9/2025 13:13;Amex;Isfahan;9999999999.0;7
fail;7/9/2025 12:34;MasterCard;tehr@n;1472823.0;98
success;13/9/2025 23:17;Amex;Tehran;419089.0;6
success;15/9/2025 1:51;MasterCard;Tabriz;-5000.0;82
success;11/9/2025 9:00;Amex;Tehran;650000.0;45
fail;29/9/2025 8:08;Discover;Tehran;9999999999.0;87
fail;4/9/2025 9:45;Vsa;Tabriz;0.0;39
fail;13/9/2025 18:45;MastCard;Tehran;1578078.0;51
fail;7/9/2025 11:11;Discover;Tehran;585954.0;9
failed;27/9/2025 2:54;Vsa;Isfahan;200000.0;100
success;19/9/2025 12:44;MasterCard;Tehran;583952.0;23
Success;22/9/2025 11:11;Visa;Ahvaz;1463119.0;12
fail;28/9/2025 7:32;Visa;Ahvaz;177050.0;89
fail;2/9/2025 23:17;MastCard;Isfahan;0.0;62
success;10/9/2025 14:11;Master-Card;ThRan;0.0;73
fail;13/9/2025 4:15;Vsa;Karaj;0.0;77
fail;30/9/2025 7:08;Amex;Karaj;9999999999.0;40
success;25/9/2025 2:20;Visa;Tehran;0.0;54
fail;21/9/2025 23:59;Visa;karaj;100.5;81
success;6/9/2025 19:40;Discover;tehr@n;1502601.0;7
fail;28/9/2025 20:33;Master-Card;Tabriz;-5000.0;17
success;28/9/2025 14:11;VISA;Karaj;200000.0;50
failed;12/9/2025 22:27;Discover;Karaj;419089.0;24
fail;12/9/2025 0:00;MastCard;Tabriz;200000.0;2
Success;20/9/2025 21:21;Amex;Mashhad;-1.0;100
success;30/9/2025 2:30;Visa;Tehran;914465.0;93
Success;30/9/2025 10:05;MasterCard;Tehran;50200.0;83
fail;11/9/2025 21:21;Vsa;Tehran;976246.0;33
success;26/9/2025 3:27;Discover;Qom;200000.0;21
fail;23/9/2025 21:23;Master-Card;Shiraz;177050.0;74
success;28/9/2025 19:19;Discover;TEHRAN;-5000.0;53
success;25/9/2025 14:55;Visa;Qom;-5000.0;46
success;7/9/2025 14:02;Visa;Tabriz;850000.0;45
Success;30/9/2025 14:11;Vsa;Tehran;443463.0;9
fail;1/9/2025 2:30;MasterCard;THR;99999.0;6
fail;1/9/2025 14:00;Vsa;Mashhad;9999999999.0;51
success;25/9/2025 13:13;MasterCard;Karaj;-5000.0;35
success;27/9/2025 4:04;MasterCard;Tehran;1463119.0;82
success;30/9/2025 10:05;Vsa;Mashhad;976246.0;53
success;25/9/2025 2:30;MasterCard;Tabriz;63489.0;19
Success;20/9/2025 10:05;Vsa;Tehran;177050.0;69
success;13/9/2025 19:29;Visa;Ahvaz;650000.0;25
fail;9/9/2025 11:11;Amex;Mashhad;120000.0;11
fail;3/9/2025 14:11;MastCard;Tabriz;650000.0;74
FAIL;7/9/2025 0:00;Master-Card;Ahvaz;0.0;17
success;6/9/2025 5:23;Visa;Mashhad;471227.0;36
Success;8/9/2025 2:54;Amex;Tehran;-5000.0;91
fail;27/9/2025 10:48;MasterCard;tehr@n;412308.0;96
success;9/9/2025 5:56;Discover;Tabriz;1305967.0;97
success;30/9/2025 10:05;Visa;karaj;914282.0;21
fail;5/9/2025 14:11;Visa;karaj;583952.0;18
success;1/9/2025 0:00;Vsa;Tehran;900000.0;60
success;19/9/2025 3:00;MastCard;Mashhad;1768588.0;18
success;10/9/2025 12:12;Discover;Tehran;419089.0;1
failed;12/9/2025 19:19;Vsa;Isfahan;1578078.0;14
failed;24/9/2025 3:27;Visa;Karaj;177050.0;8
failed;15/9/2025 2:30;Amex;Tabriz;343679.0;66
failed;27/9/2025 5:23;Master-Card;Tehran;443463.0;51
success;22/9/2025 2:37;Vsa;Mashhad;850000.0;79
fail;24/9/2025 2:37;Discover;Qom;0.0;60
failed;9/9/2025 11:11;MastCard;Shiraz;-5000.0;34
success;20/9/2025 12:12;MasterCard;Ahvaz;1768588.0;36
fail;17/9/2025 8:08;Vsa;Karaj;443463.0;62
success;30/9/2025 14:30;MasterCard;karaj;200000.0;1
fail;17/9/2025 7:08;MastCard;Tabriz;0.0;85
success;26/9/2025 13:13;Visa;Qom;200000.0;42
fail;20/9/2025 14:11;Amex;Isfahan;123456.0;1
fail;12/9/2025 20:33;Amex;Tehran ;976246.0;97
Success;30/9/2025 2:24;Amex;Isfahan;-1.0;84
success;7/9/2025 14:00;MastCard;Tehran ;1502601.0;54
success;2/9/2025 14:30;nan;Ahvaz;452545.0;47
success;3/9/2025 17:17;Vsa;Karaj;-5000.0;39
failed;17/9/2025 5:56;Visa;Mashhad;343679.0;30
success;5/9/2025 9:09;Vsa;Isfahan;471227.0;7
success;17/9/2025 12:12;Visa;Mashhad;50200.0;22
FAIL;24/9/2025 20:20;Amex;Tabriz;1472823.0;50
fail;17/9/2025 18:12;Master-Card;TEHRAN;250000.0;45
Success;27/9/2025 2:20;Visa;Ahvaz;914282.0;74
fail;17/9/2025 21:21;Master-Card;Ahvaz;333333.0;72
success;2/9/2025 20:20;Vsa;Isfahan;5000.0;92
fail;2/9/2025 12:12;MasterCard;Tehran;914465.0;10
success;28/9/2025 11:11;Discover;Karaj;471227.0;14
success;22/9/2025 7:08;MasterCard;Isfahan;120000.0;46
succeed;23/9/2025 23:59;VISA;THR;250000.0;75
FAIL;5/9/2025 10:05;Visa;Ahvaz;850000.0;6
FAIL;1/9/2025 10:48;Amex;Tehran;450000.0;21
fail;1/9/2025 14:02;Visa;Qom;585954.0;62
succeed;19/9/2025 14:55;Visa;Karaj;-999999.0;98
success;30/9/2025 2:30;MastCard;Qom;0.0;19
failed;2/9/2025 19:51;Discover;Mashhad;300000.0;89
fail;21/9/2025 10:48;visa;Tabriz;123456.0;82
success;12/9/2025 20:20;MasterCard;Tabriz;774681.0;100
FAIL;26/9/2025 21:21;MasterCard;Ahvaz;1768588.0;62
Success;6/9/2025 23:59;Visa;Tehran;471227.0;83
success;23/9/2025 1:01;Master Card;Ahvaz;343679.0;53
failed;4/9/2025 9:45;Visa;Mashhad;-5000.0;24
fail;23/9/2025 14:11;MasterCard;tehr@n;976246.0;56
success;11/9/2025 2:37;MasterCard;nan;343679.0;62
success;24/9/2025 7:32;MasterCard;Shiraz;250000.0;34
fail;27/9/2025 5:56;Amex;Isfahan;545116.0;22
fail;17/9/2025 10:05;Amex;Mashhad;1463119.0;68
fail;6/9/2025 19:40;Visa;Tabriz;250000.0;57
success;24/9/2025 15:45;MasterCard;Tehran;100000.0;10
fail;5/9/2025 14:11;Vsa;Qom;63489.0;66
success;20/9/2025 12:34;MasterCard;Ahvaz;1578078.0;8
fail;2/9/2025 11:11;Visa;Tabriz;177050.0;98
success;6/9/2025 6:30;Discover;Isfahan;976246.0;38
success;22/9/2025 8:08;Visa;Qom;0.0;62
success;11/9/2025 14:55;Visa;TEHRAN;1782689.0;28
success;16/9/2025 21:21;Discover;Tehran;333333.0;10
success;16/9/2025 4:40;MasterCard;Tabriz;0.0;45
fail;1/9/2025 11:11;Visa;TEHRAN;1782689.0;65
failed;9/9/2025 2:54;Amex;Tehran;650000.0;99
fail;28/9/2025 9:00;visa;Shiraz;177050.0;67
fail;27/9/2025 21:23;VISA;Shiraz;412308.0;9
success;6/9/2025 6:06;Vsa;Isfahan;452545.0;5
fail;16/9/2025 0:00;Discover;Mashhad;1427657.0;10
failed;29/9/2025 23:59;Visa;THR;100000.0;12
fail;3/9/2025 5:23;Vsa;Tehran;0.0;82
success;20/9/2025 12:44;Visa;Tabriz;914282.0;58
fail;28/9/2025 19:29;Visa;Mashhad;914465.0;21
fail;27/9/2025 13:10;MasterCard;Isfahan;-999999.0;21
fail;4/9/2025 14:11;Visa;Qom;1472823.0;65
failed;19/9/2025 23:59;Vsa;TEHRAN;0.0;3
FAIL;26/9/2025 7:08;Vsa;TEHRAN;-999999.0;69
success;3/9/2025 3:27;MastCard;Tabriz;419089.0;90
failed;19/9/2025 14:55;Vsa;Tabriz;12345.0;64
success;20/9/2025 19:51;Visa;Tehran;555555.0;49
FAIL;7/9/2025 7:08;MastCard;TEHRAN;471227.0;72
failed;20/9/2025 16:40;Discover;Isfahan;-5000.0;17
fail;9/9/2025 3:00;MastCard;Mashhad;200000.0;73
success;1/9/2025 19:51;Visa;Ahvaz;-1.0;32
success;8/9/2025 19:51;MastCard;Mashhad;100.5;70
fail;7/9/2025 17:17;VISA;Tehran;63489.0;21
fail;18/9/2025 10:48;Visa;Isfahan;914282.0;7
Success;8/9/2025 11:11;Visa;Shiraz;443463.0;7
Success;1/9/2025 2:37;Visa;Karaj;850000.0;27
failed;11/9/2025 13:10;MasterCard;Shiraz;123456.0;8
succeed;28/9/2025 2:30;Discover;Tehran;100.5;73
failed;25/9/2025 11:11;Vsa;Tabriz;1578078.0;28
fail;25/9/2025 5:23;MasterCard;Karaj;0.0;79
fail;18/9/2025 12:12;MasterCard;THR;-5000.0;66
fail;23/9/2025 11:11;MastCard;Tehran;976246.0;71
fail;30/9/2025 17:07;Discover;Tehran;-999999.0;47
fail;10/9/2025 2:30;Discover;Shiraz;0.0;82
success;3/9/2025 18:12;MastCard;Qom;1768588.0;87
failed;7/9/2025 1:01;Vsa;Tehran;1463119.0;10
failed;28/9/2025 21:10;Visa;Qom;914282.0;33
success;16/9/2025 13:13;Visa;Tehran ;900000.0;7
Success;26/9/2025 10:48;Visa;Shiraz;99999.0;3
success;16/9/2025 12:44;Discover;Mashhad;1.0;14
failed;25/9/2025 4:40;Discover;karaj;1158713.0;44
success;20/9/2025 12:12;MastCard;Tabriz;-999999.0;46
fail;28/9/2025 20:33;Vsa;Isfahan;1578078.0;61
Success;17/9/2025 5:56;Visa;Mashhad;-5000.0;36
fail;2/9/2025 7:08;Amex;Mashhad;100.5;13
success;1/9/2025 20:33;Discover;TEHRAN;100000.0;16
fail;16/9/2025 19:51;MasterCard;Tabriz;1578078.0;80
success;30/9/2025 21:10;Amex;Tehran;471227.0;5
succeed;12/9/2025 16:40;Master-Card;TEHRAN;0.0;90
fail;5/9/2025 9:45;Visa;Tabriz;-5000.0;38
failed;5/9/2025 19:40;Visa;Isfahan;1883871.0;50
fail;27/9/2025 4:15;Amex;Mashhad;585954.0;38
fail;23/9/2025 23:17;MasterCard;Tehran ;1.0;56
fail;9/9/2025 19:51;Visa;Mashhad;419089.0;63
success;9/9/2025 23:17;Visa;Mashhad;914465.0;48
fail;3/9/2025 16:16;Amex;Qom;1050805.0;91
success;19/9/2025 14:11;Discover;Tehran ;583952.0;59
fail;16/9/2025 23:17;visa;karaj;-999999.0;77
fail;16/9/2025 12:44;MasterCard;Tehran;1782689.0;44
success;3/9/2025 13:13;Visa;Ahvaz;200000.0;91
fail;20/9/2025 14:30;Amex;karaj;0.0;55
fail;24/9/2025 7:08;Discover;Karaj;343679.0;55
fail;22/9/2025 7:08;MasterCard;Shiraz;9999999999.0;1
success;24/9/2025 3:00;MasterCard;Isfahan;1502601.0;8
success;1/9/2025 10:48;MasterCard;Shiraz;-999999.0;4
fail;24/9/2025 6:30;Vsa;Karaj;0.0;85
fail;20/9/2025 12:44;Visa;Tehran;343679.0;87
success;11/9/2025 3:27;Master-Card;Tabriz;900000.0;53
fail;17/9/2025 9:00;Vsa;Tehran;914465.0;58
failed;8/9/2025 7:07;Discover;karaj;99999.0;37
success;4/9/2025 7:08;Visa;Karaj;0.0;49
success;6/9/2025 1:01;Discover;Mashhad;343679.0;67
fail;8/9/2025 16:40;Discover;karaj;914465.0;19
success;20/9/2025 7:08;Amex;Karaj;-5000.0;1
failed;30/9/2025 12:44;Visa;TEHRAN;120000.0;29
success;3/9/2025 14:11;nan;Tehran;1463119.0;88
success;16/9/2025 12:34;Visa;Mashhad;1463119.0;33
success;30/9/2025 10:05;Discover;Karaj;914465.0;52
success;25/9/2025 9:45;Visa;Tabriz;555555.0;41
fail;3/9/2025 8:59;Discover;Tabriz;1387769.0;23
success;25/9/2025 7:08;Vsa;Isfahan;450000.0;5
fail;29/9/2025 16:16;Amex;Ahvaz;-1.0;71
success;18/9/2025 10:48;Visa;Mashhad;5000.0;57
failed;14/9/2025 8:59;Master-Card;Mashhad;100.5;6
failed;18/9/2025 20:33;Vsa;Isfahan;-5000.0;49
success;2/9/2025 19:51;MastCard;Tabriz;774681.0;22
fail;22/9/2025 23:17;Vsa;TEHRAN;471227.0;77
fail;3/9/2025 7:08;Amex;Tabriz;177050.0;76
success;16/9/2025 2:24;MasterCard;Qom;914282.0;4
failed;29/9/2025 12:44;Discover;Tehran;450000.0;72
success;9/9/2025 21:21;Visa;Isfahan;0.0;64
fail;4/9/2025 7:32;Amex;TEHRAN;63489.0;37
Success;1/9/2025 23:59;Master-Card;nan;555555.0;31
succeed;4/9/2025 21:21;Amex;Isfahan;-999999.0;37
success;1/9/2025 4:15;nan;Tehran;200000.0;45
success;14/9/2025 8:08;Discover;Tabriz;1578078.0;91
success;21/9/2025 14:00;MastCard;Tabriz;583952.0;8
success;16/9/2025 10:05;Amex;Shiraz;63489.0;40
FAIL;20/9/2025 10:05;MastCard;Mashhad;250000.0;98
fail;24/9/2025 13:13;Amex;Ahvaz;583952.0;94
success;8/9/2025 3:27;Visa;Karaj;1768588.0;5
success;7/9/2025 15:45;Visa;Tabriz;5000.0;28
failed;3/9/2025 4:15;VISA;Ahvaz;1472823.0;81
failed;17/9/2025 10:48;Visa;karaj;1000.0;88
FAIL;1/9/2025 23:59;MasterCard;Qom;1463119.0;9
success;16/9/2025 10:05;MasterCard;TEHRAN;-999999.0;2
failed;12/9/2025 13:13;Discover;Ahvaz;1782689.0;63
success;27/9/2025 15:45;Vsa;Qom;250000.0;97
success;19/9/2025 9:09;MastCard;TEHRAN;1782689.0;51
fail;22/9/2025 7:07;Master-Card;Qom;1502601.0;31
failed;23/9/2025 4:40;MasterCard;Mashhad;200000.0;7
succeed;22/9/2025 4:15;Amex;Isfahan;452545.0;30
fail;14/9/2025 20:20;Master-Card;THR;-5000.0;58
fail;30/9/2025 7:32;visa;Tehran;1768588.0;3
failed;6/9/2025 14:00;VISA;Mashhad;-999999.0;51
success;6/9/2025 5:23;MastCard;Qom;-5000.0;56
FAIL;13/9/2025 6:30;Visa;Qom;1.0;73
fail;19/9/2025 16:16;Visa;Shiraz;333333.0;10
fail;22/9/2025 2:54;Vsa;Mashhad;452545.0;61
success;8/9/2025 2:30;Vsa;Tabriz;1883871.0;50
fail;27/9/2025 19:51;MastCard;THR;-5000.0;47
fail;27/9/2025 7:07;Discover;Shiraz;-5000.0;91
fail;2/9/2025 21:23;Amex;THR;-5000.0;1
fail;21/9/2025 11:11;Discover;Tabriz;0.0;95
fail;30/9/2025 21:23;MasterCard;Shiraz;1502601.0;57
Success;1/9/2025 8:59;Discover;Karaj;650000.0;38
fail;28/9/2025 19:51;nan;Isfahan;1578078.0;62
success;15/9/2025 21:21;Discover;karaj;914465.0;79
failed;1/9/2025 14:30;Amex;Tehran;443463.0;90
success;5/9/2025 17:17;Discover;Qom;123456.0;70
success;28/9/2025 21:23;Amex;Shiraz;1305967.0;82
success;29/9/2025 21:21;Amex;Mashhad;0.0;65
failed;16/9/2025 9:45;nan;Shiraz;120000.0;62
failed;19/9/2025 16:40;Visa;Tehran;200000.0;56
success;4/9/2025 2:20;Visa;Karaj;99999.0;67
failed;3/9/2025 4:15;MastCard;Isfahan;100000.0;17
success;17/9/2025 21:10;Discover;Mashhad;-5000.0;8
fail;17/9/2025 4:40;Visa;Tabriz;900000.0;60
failed;12/9/2025 9:45;MasterCard;Mashhad;177050.0;40
success;28/9/2025 12:12;Amex;Shiraz;-5000.0;81
failed;30/9/2025 5:56;Visa;karaj;976246.0;90
fail;29/9/2025 16:40;Discover;Mashhad;343679.0;62
fail;14/9/2025 4:40;Vsa;Tabriz;333333.0;41
Success;21/9/2025 0:00;MasterCard;Mashhad;1387769.0;12
fail;6/9/2025 20:33;Visa;Karaj;471227.0;94
Success;3/9/2025 17:17;Discover;Isfahan;-999999.0;90
Success;28/9/2025 4:15;Amex;Isfahan;0.0;54
failed;9/9/2025 13:13;Visa;Qom;333333.0;90
success;5/9/2025 20:33;Vsa;Tabriz;450000.0;94
success;24/9/2025 19:40;MastCard;Tabriz;-999999.0;11
failed;29/9/2025 21:23;MasterCard;Tehran;-999999.0;60
success;17/9/2025 8:08;nan;Isfahan;-999999.0;68
success;14/9/2025 10:48;Discover;Tehran;1387769.0;78
succeed;21/9/2025 12:44;Discover;Qom;900000.0;46
success;3/9/2025 7:08;Amex;Tehran;-5000.0;38
FAIL;28/9/2025 4:15;Amex;Isfahan;5000.0;61
fail;1/9/2025 14:55;Discover;Tabriz;1782689.0;17
fail;20/9/2025 10:48;Discover;Shiraz;583952.0;66
success;29/9/2025 12:12;MasterCard;THR;1883871.0;72
fail;21/9/2025 9:45;Discover;Shiraz;914282.0;36
success;23/9/2025 12:44;MastCard;Qom;1.0;74
fail;1/9/2025 9:00;Amex;Shiraz;1472823.0;7
FAIL;3/9/2025 12:34;MasterCard;Tehran;0.0;16
fail;18/9/2025 12:12;MasterCard;Tehran;123456.0;14
success;25/9/2025 11:11;Discover;Tehran;1463119.0;80
fail;10/9/2025 19:51;Discover;Tehran;177050.0;25
success;22/9/2025 12:34;Visa;Tabriz;0.0;4
fail;26/9/2025 19:29;Discover;Mashhad;1578078.0;29
fail;3/9/2025 17:07;Discover;Tehran;471227.0;56
success;8/9/2025 14:00;Amex;tehr@n;545116.0;6
fail;14/9/2025 14:02;Vsa;THR;850000.0;1
fail;24/9/2025 19:40;MasterCard;Tehran ;1782689.0;39
failed;18/9/2025 19:51;Master Card;Tehran;123456.0;1
fail;15/9/2025 5:56;Vsa;THR;100.5;63
success;22/9/2025 2:54;visa;Ahvaz;419089.0;57
fail;23/9/2025 20:20;Master-Card;TEHRAN;100000.0;67
fail;2/9/2025 4:40;Amex;Mashhad;5000.0;65
success;27/9/2025 13:13;Amex;Ahvaz;100.5;65
fail;10/9/2025 11:11;Visa;Tehran;9999999999.0;21
failed;2/9/2025 19:40;MastCard;Tehran;1463119.0;30
Success;26/9/2025 8:08;Amex;Tehran;419089.0;97
fail;17/9/2025 2:37;MasterCard;TEHRAN;177050.0;33
succeed;8/9/2025 14:11;MastCard;Tehran;-5000.0;48
fail;1/9/2025 17:07;MasterCard;Tehran;0.0;22
fail;9/9/2025 7:07;MasterCard;tehr@n;0.0;95
fail;11/9/2025 2:20;MasterCard;Tehran;1782689.0;54
success;22/9/2025 19:19;MastCard;THR;471227.0;4
success;16/9/2025 5:23;Master-Card;Ahvaz;0.0;88
fail;7/9/2025 23:59;Vsa;Tehran;0.0;55
failed;29/9/2025 5:56;Vsa;Tehran;333333.0;44
success;10/9/2025 21:23;Visa;Mashhad;471227.0;90
fail;23/9/2025 6:06;nan;nan;1782689.0;12
success;26/9/2025 2:24;Discover;THR;452545.0;81
Success;3/9/2025 21:23;Master-Card;Tabriz;-999999.0;79
fail;18/9/2025 2:37;Visa;Isfahan;1158713.0;74
fail;25/9/2025 18:45;MasterCard;Isfahan;-999999.0;100
success;24/9/2025 20:33;MastCard;Karaj;1463119.0;52
success;13/9/2025 13:13;Amex;Isfahan;99999.0;94
success;28/9/2025 2:30;MasterCard;Tehran;900000.0;76
fail;26/9/2025 12:34;MastCard;Karaj;-5000.0;65
success;7/9/2025 20:33;Amex;Mashhad;120000.0;65
success;25/9/2025 12:34;Discover;Tehran;774681.0;10
success;4/9/2025 10:48;Amex;Ahvaz;9999999999.0;18
fail;13/9/2025 6:06;Visa;Qom;99999.0;47
success;20/9/2025 4:40;MastCard;Mashhad;-5000.0;66
fail;1/9/2025 19:51;Visa;Shiraz;471227.0;49
success;8/9/2025 0:00;Amex;Mashhad;200000.0;72
Success;14/9/2025 3:27;MasterCard;Shiraz;-999999.0;22
success;16/9/2025 13:13;Discover;THR;650000.0;87
fail;14/9/2025 12:34;MasterCard;Shiraz;774681.0;26
success;12/9/2025 23:17;Amex;Shiraz;200000.0;91
failed;19/9/2025 22:27;VISA;Shiraz;914282.0;9
success;23/9/2025 16:40;Vsa;Mashhad;9999999999.0;21
success;15/9/2025 7:08;MastCard;Tehran;900000.0;96
fail;28/9/2025 14:55;MasterCard;Isfahan;250000.0;63
success;2/9/2025 18:00;Discover;Karaj;-5000.0;6
success;2/9/2025 10:05;Visa;Isfahan;120000.0;14
succeed;23/9/2025 19:19;Discover;Isfahan;900000.0;33
success;22/9/2025 18:12;Vsa;Ahvaz;555555.0;71
success;19/9/2025 19:51;Discover;Tehran;471227.0;24
success;25/9/2025 9:09;MasterCard;Karaj;63489.0;73
fail;26/9/2025 6:06;Discover;Mashhad;1000.0;75
failed;30/9/2025 23:59;Discover;Isfahan;412308.0;88
success;29/9/2025 6:06;Visa;Isfahan;0.0;51
succeed;22/9/2025 13:13;Amex;Tehran;-999999.0;2
success;26/9/2025 1:01;MasterCard;Isfahan;0.0;15
fail;26/9/2025 11:11;Amex;Isfahan;177050.0;35
success;22/9/2025 21:23;Amex;Isfahan;1387769.0;36
fail;17/9/2025 20:33;Vsa;Shiraz;1387769.0;93
fail;20/9/2025 0:00;MastCard;Mashhad;976246.0;39
fail;10/9/2025 9:00;Vsa;Ahvaz;-5000.0;4
success;6/9/2025 14:02;MasterCard;Shiraz;914282.0;64
success;15/9/2025 1:01;Discover;Tehran;1502601.0;74
fail;22/9/2025 17:17;nan;Tabriz;-5000.0;6
success;11/9/2025 19:29;Visa;Tehran;1305967.0;57
success;28/9/2025 13:10;Visa;tehr@n;914465.0;30
Success;5/9/2025 18:45;MasterCard;THR;419089.0;100
success;1/9/2025 23:17;Amex;Tehran;1578078.0;74
success;8/9/2025 2:30;Visa;Qom;-999999.0;97
fail;21/9/2025 22:27;MastCard;Tehran ;976246.0;67
success;28/9/2025 12:44;Amex;Karaj;1.0;91
success;12/9/2025 9:00;MasterCard;Mashhad;177050.0;15
failed;12/9/2025 4:15;MasterCard;Tabriz;1387769.0;17
fail;5/9/2025 12:44;MasterCard;Tabriz;0.0;92
success;7/9/2025 3:27;Visa;Karaj;200000.0;18
success;4/9/2025 21:21;Visa;Ahvaz;-1.0;19
fail;6/9/2025 8:08;Discover;Mashhad;0.0;76
success;13/9/2025 5:23;MastCard;Tehran;100.5;89
Success;20/9/2025 21:23;Amex;tehr@n;123456.0;69
success;30/9/2025 5:23;MasterCard;karaj;-5000.0;24
succeed;15/9/2025 19:51;Amex;Tehran;100.5;92
fail;3/9/2025 11:11;Amex;Tehran;976246.0;48
success;23/9/2025 8:08;Discover;Qom;200000.0;30
success;8/9/2025 8:08;Visa;Tabriz;0.0;15
success;20/9/2025 4:04;Master-Card;Tabriz;-5000.0;47
FAIL;16/9/2025 14:30;Amex;Tehran;1883871.0;44
fail;13/9/2025 2:37;MastCard;tehr@n;343679.0;99
failed;18/9/2025 7:08;MasterCard;karaj;1387769.0;27
success;28/9/2025 5:56;MastCard;Tehran;0.0;84
fail;10/9/2025 19:51;Amex;THR;-5000.0;64
failed;30/9/2025 10:05;Visa;Karaj;-5000.0;41
success;19/9/2025 7:07;Master-Card;Tabriz;471227.0;97
failed;17/9/2025 4:40;Discover;THR;1578078.0;68
fail;24/9/2025 20:20;Visa;Qom;443463.0;5
failed;19/9/2025 14:00;Visa;THR;1472823.0;53
success;28/9/2025 18:12;MastCard;Mashhad;914465.0;8
fail;26/9/2025 7:08;MastCard;Mashhad;555555.0;22
success;23/9/2025 1:01;MastCard;Tabriz;850000.0;7
fail;26/9/2025 14:55;nan;Isfahan;300000.0;22
success;5/9/2025 14:11;Discover;Qom;471227.0;46
fail;26/9/2025 8:59;Amex;tehr@n;471227.0;30
fail;21/9/2025 18:00;Amex;Qom;100.5;16
fail;30/9/2025 12:12;VISA;Tehran;343679.0;79
success;23/9/2025 17:07;Discover;Tehran;1502601.0;5
success;9/9/2025 10:05;Master Card;THR;1000.0;67
success;12/9/2025 23:59;Visa;Isfahan;1158713.0;23
fail;21/9/2025 14:02;MastCard;Tabriz;1782689.0;61
success;1/9/2025 17:17;Amex;Ahvaz;1.0;74
success;26/9/2025 1:51;Vsa;tehr@n;177050.0;5
fail;26/9/2025 6:30;Visa;Ahvaz;419089.0;23
failed;1/9/2025 7:08;Visa;Tehran;0.0;79
success;15/9/2025 0:00;Visa;Isfahan;63489.0;82
success;2/9/2025 2:37;Amex;Ahvaz;471227.0;25
fail;30/9/2025 17:17;Amex;TEHRAN;585954.0;8
fail;22/9/2025 10:05;Master-Card;nan;9999999999.0;96
failed;16/9/2025 23:17;MasterCard;Mashhad;-999999.0;21
failed;25/9/2025 11:11;Visa;karaj;1463119.0;2
fail;8/9/2025 21:10;Visa;Tehran;585954.0;22
fail;13/9/2025 18:12;Visa;Tabriz;100.5;72
success;21/9/2025 7:08;Vsa;Isfahan;177050.0;88
success;1/9/2025 17:07;Vsa;Tehran ;-5000.0;97
failed;16/9/2025 22:27;visa;Tehran;583952.0;72
fail;29/9/2025 12:12;MasterCard;Tabriz;50200.0;68
success;7/9/2025 9:45;Visa;tehr@n;-1.0;64
fail;5/9/2025 12:12;Discover;Tabriz;205000.0;95
fail;22/9/2025 2:20;Amex;Tabriz;200000.0;19
fail;29/9/2025 5:56;VISA;Karaj;1463119.0;88
failed;23/9/2025 19:51;Visa;Karaj;1305967.0;82
success;3/9/2025 23:17;Visa;Mashhad;976246.0;53
failed;12/9/2025 3:27;MastCard;tehr@n;123456.0;94
fail;26/9/2025 6:06;MastCard;Tabriz;900000.0;88
fail;16/9/2025 2:24;Discover;TEHRAN;0.0;98
fail;19/9/2025 16:40;Vsa;Ahvaz;1387769.0;52
fail;5/9/2025 23:59;Visa;Isfahan;1578078.0;47
failed;22/9/2025 23:59;nan;Ahvaz;0.0;82
fail;25/9/2025 16:16;Visa;Tehran;412308.0;54
fail;29/9/2025 3:27;Visa;Tehran;419089.0;44
fail;14/9/2025 12:34;Discover;tehr@n;-5000.0;98
fail;28/9/2025 6:30;Visa;Tehran;1463119.0;7
success;5/9/2025 16:16;MasterCard;Tehran;-5000.0;93
success;15/9/2025 2:30;MastCard;Isfahan;1463119.0;1
success;17/9/2025 22:27;MasterCard;Tehran;650000.0;63
success;30/9/2025 8:08;Amex;THR;-5000.0;99
fail;14/9/2025 4:15;Discover;TEHRAN;555555.0;39
fail;30/9/2025 23:59;Visa;Mashhad;300000.0;19
success;20/9/2025 2:30;VISA;Isfahan;123456.0;31
success;5/9/2025 17:07;Vsa;Qom;850000.0;77
fail;12/9/2025 9:00;Visa;Tabriz;1427657.0;24
fail;16/9/2025 5:56;MasterCard;Tabriz;412308.0;69
fail;26/9/2025 1:01;Amex;Tehran;120000.0;88
fail;26/9/2025 9:45;Visa;Mashhad;0.0;83
fail;16/9/2025 19:29;Amex;Shiraz;12345.0;65
fail;21/9/2025 14:11;MasterCard;tehr@n;1578078.0;33
success;7/9/2025 3:27;Visa;Karaj;343679.0;59
fail;4/9/2025 19:19;Visa;Karaj;0.0;33
fail;1/9/2025 14:30;MastCard;Tabriz;200000.0;32
failed;30/9/2025 19:19;Discover;THR;-5000.0;59
success;30/9/2025 8:08;Discover;tehr@n;-999999.0;93
Success;5/9/2025 12:12;MastCard;tehr@n;-5000.0;41
fail;23/9/2025 3:27;MastCard;Tehran;123456.0;12
success;26/9/2025 7:08;Discover;Qom;583952.0;73
fail;10/9/2025 10:48;Master-Card;Shiraz;5000.0;11
success;22/9/2025 19:19;MastCard;Tabriz;9999999999.0;98
fail;5/9/2025 12:12;Discover;nan;914465.0;19
fail;4/9/2025 3:27;MasterCard;Tabriz;850000.0;54
Success;2/9/2025 17:07;MastCard;Tabriz;1782689.0;57
success;20/9/2025 7:07;Visa;Mashhad;63489.0;42
Success;10/9/2025 2:24;MasterCard;Tabriz;419089.0;99
fail;26/9/2025 8:59;Amex;TEHRAN;100.5;71
fail;19/9/2025 18:00;MasterCard;Isfahan;100.5;31
fail;26/9/2025 5:56;Amex;Isfahan;900000.0;52
success;1/9/2025 5:56;Amex;Shiraz;900000.0;2
success;24/9/2025 7:08;Visa;Tehran;0.0;83
Success;5/9/2025 16:16;MasterCard;Ahvaz;177050.0;38
fail;13/9/2025 18:12;MasterCard;Ahvaz;63489.0;32
success;4/9/2025 12:12;Vsa;Mashhad;850000.0;10
fail;16/9/2025 14:11;Amex;tehr@n;0.0;8
fail;24/9/2025 15:45;MasterCard;Qom;555555.0;91
success;16/9/2025 9:45;VISA;Karaj;-5000.0;95
success;23/9/2025 21:10;Visa;TEHRAN;9999999999.0;75
fail;2/9/2025 12:44;Visa;Shiraz;1768588.0;20
fail;17/9/2025 5:23;Discover;Isfahan;0.0;20
success;28/9/2025 2:24;Visa;Tehran;1158713.0;9
success;27/9/2025 2:24;Amex;Karaj;100.5;72
fail;20/9/2025 18:00;Visa;Tehran ;1768588.0;15
fail;24/9/2025 14:55;Visa;Mashhad;452545.0;99
fail;12/9/2025 10:48;Discover;Isfahan;976246.0;89
FAIL;18/9/2025 10:48;MastCard;Mashhad;585954.0;98
Success;3/9/2025 2:37;Master-Card;Karaj;200000.0;63
success;28/9/2025 23:59;Vsa;Tehran;471227.0;92
succeed;1/9/2025 8:08;Visa;THR;976246.0;21
success;1/9/2025 13:13;Amex;THR;1578078.0;5
fail;29/9/2025 3:27;Visa;Qom;976246.0;35
fail;19/9/2025 20:33;Discover;Tehran;583952.0;85
Success;11/9/2025 11:11;Vsa;Shiraz;1782689.0;68
success;5/9/2025 17:07;MasterCard;Tehran;177050.0;48
failed;12/9/2025 11:11;Visa;Mashhad;1427657.0;80
failed;3/9/2025 13:13;MasterCard;Tehran;583952.0;96
success;1/9/2025 3:00;Visa;Qom;177050.0;91
fail;1/9/2025 11:11;Discover;Tabriz;0.0;62
fail;8/9/2025 2:37;MasterCard;karaj;0.0;35
fail;10/9/2025 23:17;Discover;Ahvaz;850000.0;70
fail;11/9/2025 17:07;nan;nan;774681.0;98
success;12/9/2025 4:15;Amex;Tabriz;1883871.0;21
fail;29/9/2025 20:20;Vsa;Tehran;9999999999.0;80
fail;13/9/2025 16:16;MastCard;Isfahan;-999999.0;39
success;12/9/2025 17:17;Amex;Tehran;0.0;34
fail;14/9/2025 6:06;MasterCard;Tehran;0.0;15
success;2/9/2025 2:37;Visa;Qom;1782689.0;6
success;29/9/2025 19:51;Amex;Qom;9999999999.0;66
success;19/9/2025 6:30;Discover;Tehran;555555.0;89
Success;18/9/2025 1:01;Visa;Isfahan;0.0;56
fail;3/9/2025 18:00;MasterCard;Mashhad;1782689.0;49
fail;23/9/2025 7:08;MastCard;Tabriz;12345.0;93
failed;17/9/2025 14:11;VISA;THR;123456.0;1
success;26/9/2025 13:13;Discover;Tehran;914465.0;65
success;8/9/2025 6:30;MasterCard;Tabriz;100.5;28
fail;29/9/2025 21:23;Master-Card;Tehran;1502601.0;20
failed;26/9/2025 23:17;Discover;Tehran;177050.0;48
Success;10/9/2025 5:23;Visa;THR;-999999.0;72
success;26/9/2025 10:48;Discover;Tabriz;976246.0;65
fail;30/9/2025 1:01;Master-Card;Karaj;555555.0;91
failed;2/9/2025 18:00;Visa;Isfahan;900000.0;51
failed;19/9/2025 19:29;Discover;Shiraz;-999999.0;43
success;9/9/2025 8:08;MasterCard;TEHRAN;900000.0;49
fail;7/9/2025 7:32;Vsa;karaj;976246.0;25
failed;4/9/2025 6:30;nan;Tehran;0.0;74
fail;26/9/2025 19:29;MasterCard;karaj;177050.0;76
fail;21/9/2025 0:00;nan;Mashhad;-5000.0;41
success;18/9/2025 18:00;Visa;Isfahan;850000.0;71
fail;13/9/2025 2:54;Visa;Shiraz;0.0;64
success;11/9/2025 22:27;Master Card;tehr@n;650000.0;61
success;29/9/2025 9:45;MasterCard;Tehran;0.0;12
fail;24/9/2025 14:02;Visa;Ahvaz;1387769.0;81
success;4/9/2025 19:19;MasterCard;Tabriz;12345.0;69
Success;25/9/2025 13:10;Vsa;Isfahan;452545.0;14
fail;21/9/2025 14:30;Vsa;THR;1578078.0;34
success;29/9/2025 8:08;Master-Card;Qom;5000.0;48
fail;25/9/2025 12:34;Amex;Tehran;976246.0;61
success;4/9/2025 9:00;Master-Card;Mashhad;583952.0;81
fail;10/9/2025 5:56;MasterCard;Ahvaz;585954.0;35
fail;5/9/2025 9:09;Amex;Mashhad;177050.0;65
fail;9/9/2025 14:55;MastCard;Tehran;914282.0;59
succeed;24/9/2025 5:56;MasterCard;Mashhad;205000.0;36
success;3/9/2025 4:40;Visa;TEHRAN;1000.0;79
success;17/9/2025 14:55;Discover;Shiraz;0.0;19
fail;3/9/2025 2:30;Amex;Karaj;1502601.0;42
success;16/9/2025 8:59;Visa;Ahvaz;-5000.0;69
fail;4/9/2025 10:48;Visa;Tehran;0.0;19
fail;18/9/2025 14:02;Discover;Qom;205000.0;39
success;17/9/2025 16:16;Visa;Isfahan;583952.0;69
fail;7/9/2025 5:23;MastCard;Tehran;1.0;52
fail;24/9/2025 13:13;Discover;Tabriz;63489.0;12
success;23/9/2025 11:11;Visa;Ahvaz;177050.0;83
failed;30/9/2025 4:04;MastCard;Tehran;1502601.0;47
fail;5/9/2025 18:12;Vsa;Tabriz;-5000.0;76
fail;12/9/2025 10:48;Visa;Tabriz;-5000.0;36
fail;17/9/2025 6:30;Discover;Tehran;774681.0;63
FAIL;23/9/2025 14:30;Master Card;Mashhad;0.0;76
failed;13/9/2025 0:00;Discover;Ahvaz;443463.0;82
success;23/9/2025 18:00;nan;Tehran;12345.0;51
Success;25/9/2025 0:00;Discover;Tehran;-1.0;43
success;3/9/2025 2:37;Visa;Karaj;1305967.0;34
succeed;9/9/2025 10:05;Visa;Qom;471227.0;98
fail;30/9/2025 12:12;Visa;Karaj;583952.0;49
fail;17/9/2025 3:00;Master-Card;Tabriz;63489.0;18
success;17/9/2025 11:11;visa;Ahvaz;1768588.0;61
fail;30/9/2025 2:37;Master Card;Mashhad;850000.0;57
success;20/9/2025 2:37;Master-Card;Shiraz;12345.0;94
fail;16/9/2025 2:24;Vsa;Tehran;-999999.0;5
success;25/9/2025 16:40;Amex;Tabriz;5000.0;90
fail;22/9/2025 16:40;Vsa;Ahvaz;1578078.0;24
fail;13/9/2025 21:21;Visa;Tabriz;63489.0;94
Success;27/9/2025 21:10;Discover;Tehran;585954.0;64
failed;19/9/2025 19:40;Amex;Qom;555555.0;59
FAIL;17/9/2025 22:27;Master-Card;Qom;177050.0;38
success;4/9/2025 18:45;Amex;Shiraz;1578078.0;33
success;12/9/2025 13:13;Vsa;Shiraz;900000.0;10
success;29/9/2025 21:23;MasterCard;Mashhad;12345.0;37
fail;9/9/2025 21:21;MastCard;Mashhad;200000.0;98
fail;19/9/2025 18:12;visa;TEHRAN;50200.0;88
fail;12/9/2025 14:11;Visa;Mashhad;471227.0;11
failed;9/9/2025 2:24;nan;Shiraz;976246.0;24
fail;7/9/2025 18:12;MasterCard;Tabriz;250000.0;89
Success;28/9/2025 3:27;Amex;THR;205000.0;71
success;14/9/2025 16:40;Master-Card;Tehran;471227.0;21
success;20/9/2025 9:00;MasterCard;Qom;250000.0;20
fail;19/9/2025 14:11;MasterCard;Isfahan;1305967.0;10
fail;26/9/2025 5:23;MasterCard;Qom;914282.0;90
Success;15/9/2025 6:30;Visa;Isfahan;443463.0;47
fail;16/9/2025 3:27;MasterCard;Karaj;1502601.0;47
fail;21/9/2025 6:06;Discover;Tehran;1.0;15
fail;5/9/2025 9:09;nan;Isfahan;0.0;44
fail;3/9/2025 17:07;Visa;karaj;0.0;62
fail;12/9/2025 2:37;MasterCard;Tabriz;-5000.0;6
success;25/9/2025 6:30;Master Card;Tehran;250000.0;66
success;20/9/2025 2:30;Master-Card;Mashhad;471227.0;76
success;27/9/2025 20:33;MastCard;Tehran ;583952.0;4
fail;21/9/2025 0:00;Amex;Tehran;900000.0;23
failed;4/9/2025 4:15;Discover;Tehran;1782689.0;13
success;21/9/2025 1:01;Discover;Qom;-999999.0;81
fail;23/9/2025 23:17;Visa;Tabriz;1000.0;31
fail;16/9/2025 19:29;Vsa;Isfahan;120000.0;16
fail;25/9/2025 14:30;Discover;karaj;343679.0;41
failed;7/9/2025 19:19;MastCard;Tehran;-5000.0;91
success;13/9/2025 2:20;Discover;Karaj;1427657.0;93
failed;21/9/2025 1:51;MasterCard;Mashhad;-999999.0;1
fail;10/9/2025 22:27;Amex;TEHRAN;650000.0;12
success;26/9/2025 10:05;Vsa;Tehran ;-5000.0;56
fail;7/9/2025 18:12;Visa;Mashhad;12345.0;50
fail;14/9/2025 8:08;MasterCard;Qom;412308.0;20
success;26/9/2025 8:59;Visa;Karaj;-5000.0;66
fail;5/9/2025 17:07;Visa;Tabriz;100.5;36
success;3/9/2025 9:45;Amex;Tabriz;914282.0;79
success;23/9/2025 8:59;Visa;Tehran ;205000.0;38
failed;29/9/2025 9:09;Visa;Isfahan;1387769.0;22
fail;11/9/2025 7:32;Master-Card;Tehran;0.0;61
failed;11/9/2025 4:40;MasterCard;karaj;9999999999.0;50
succeed;18/9/2025 13:13;Visa;Qom;-999999.0;97
Success;15/9/2025 7:32;Visa;Tehran;774681.0;59
success;12/9/2025 23:59;Visa;Tehran;1050805.0;20
failed;9/9/2025 7:08;MasterCard;Tabriz;452545.0;36
success;10/9/2025 19:51;MastCard;TEHRAN;914465.0;98
fail;26/9/2025 5:56;Amex;tehr@n;0.0;15
success;12/9/2025 19:40;Visa;Tabriz;333333.0;62
success;17/9/2025 13:10;Amex;karaj;0.0;3
succeed;29/9/2025 21:21;MasterCard;Isfahan;471227.0;94
success;6/9/2025 19:19;MasterCard;Shiraz;99999.0;92
fail;7/9/2025 14:00;Vsa;Isfahan;200000.0;5
success;14/9/2025 17:17;Discover;Mashhad;585954.0;56
FAIL;13/9/2025 7:08;Visa;Tabriz;1.0;31
fail;8/9/2025 16:40;Master-Card;Tehran;99999.0;87
fail;10/9/2025 11:11;Visa;Tehran;177050.0;35
success;9/9/2025 8:08;Discover;Tabriz;0.0;71
fail;18/9/2025 19:40;MastCard;Tehran ;300000.0;70
fail;27/9/2025 16:16;MastCard;Tehran ;-999999.0;26
fail;26/9/2025 14:00;Vsa;karaj;0.0;1
failed;2/9/2025 23:17;Visa;Tabriz;343679.0;83
fail;5/9/2025 13:13;Discover;Isfahan;583952.0;7
success;29/9/2025 14:30;Visa;Isfahan;850000.0;36
success;5/9/2025 3:00;MasterCard;Isfahan;177050.0;76
Success;6/9/2025 11:11;Discover;Tehran;0.0;84
succeed;19/9/2025 14:30;MastCard;Mashhad;0.0;88
success;8/9/2025 3:27;Visa;Tehran;-5000.0;25
Success;16/9/2025 1:51;Visa;Ahvaz;545116.0;95
fail;13/9/2025 19:29;MasterCard;Karaj;1158713.0;59
success;1/9/2025 11:11;Master Card;Isfahan;1.0;61
success;22/9/2025 12:12;Master-Card;Shiraz;585954.0;29
fail;20/9/2025 14:00;visa;Tabriz;1768588.0;96
success;17/9/2025 2:20;MasterCard;Tabriz;333333.0;18
fail;7/9/2025 17:07;Visa;Tabriz;452545.0;41
failed;25/9/2025 6:30;Discover;Ahvaz;0.0;19
fail;13/9/2025 16:40;MastCard;Tabriz;1578078.0;4
success;4/9/2025 2:24;Visa;Qom;1782689.0;65
fail;4/9/2025 11:11;Discover;Tehran;1.0;41
fail;6/9/2025 14:02;Visa;Tabriz;452545.0;15
succeed;28/9/2025 13:13;MasterCard;Tabriz;412308.0;54
success;19/9/2025 3:27;Visa;Shiraz;0.0;64
FAIL;29/9/2025 12:34;Visa;Mashhad;443463.0;72
fail;12/9/2025 19:29;MasterCard;Karaj;100.5;15
fail;22/9/2025 23:59;Discover;Tabriz;177050.0;79
success;7/9/2025 3:27;MasterCard;Tehran;545116.0;50
success;27/9/2025 19:19;MastCard;Karaj;1427657.0;22
fail;10/9/2025 9:45;Visa;Tehran;205000.0;18
success;26/9/2025 7:08;Vsa;Tabriz;1.0;80
fail;19/9/2025 13:10;Visa;Tabriz;-5000.0;2
fail;7/9/2025 14:55;MasterCard;Karaj;177050.0;36
fail;30/9/2025 5:56;Amex;Shiraz;343679.0;20
success;3/9/2025 14:11;Master Card;Tehran;177050.0;16
success;13/9/2025 12:12;Amex;Qom;1.0;67
success;13/9/2025 3:27;Visa;Karaj;419089.0;30
success;18/9/2025 12:34;MasterCard;Isfahan;1387769.0;55
fail;28/9/2025 3:27;MasterCard;Tabriz;100000.0;66
Success;30/9/2025 2:37;MasterCard;Karaj;63489.0;100
Success;26/9/2025 18:12;Visa;Shiraz;9999999999.0;26
success;20/9/2025 10:48;MasterCard;Tehran;-5000.0;57
fail;28/9/2025 2:54;Visa;Shiraz;300000.0;69
success;8/9/2025 3:27;MastCard;Mashhad;100000.0;2
success;29/9/2025 3:27;Amex;Ahvaz;419089.0;56
succeed;9/9/2025 11:11;Visa;Tehran;1427657.0;84
succeed;7/9/2025 14:30;Master-Card;Tabriz;99999.0;62
failed;1/9/2025 13:10;Amex;Qom;850000.0;34
fail;3/9/2025 7:07;Discover;Mashhad;333333.0;99
Success;13/9/2025 10:05;Visa;Isfahan;0.0;56
success;28/9/2025 2:37;Amex;Karaj;200000.0;55
failed;30/9/2025 21:23;Discover;Qom;-5000.0;20
success;25/9/2025 7:07;Master-Card;Karaj;177050.0;50
fail;28/9/2025 19:19;Visa;Tehran;0.0;25
success;17/9/2025 9:00;Visa;Karaj;900000.0;84
fail;25/9/2025 2:37;Master Card;Mashhad;250000.0;25
fail;24/9/2025 21:10;VISA;Tehran;850000.0;53
failed;1/9/2025 10:05;Visa;Tabriz;412308.0;14
fail;6/9/2025 2:30;MastCard;Tehran;9999999999.0;60
fail;21/9/2025 14:11;Visa;Mashhad;1.0;43
fail;6/9/2025 8:59;MastCard;Tabriz;343679.0;62
fail;26/9/2025 17:07;Master-Card;ThRan;1768588.0;76
succeed;12/9/2025 19:19;Visa;THR;100.5;69
fail;13/9/2025 4:40;Discover;karaj;412308.0;63
fail;13/9/2025 18:45;Visa;Mashhad;0.0;2
Success;29/9/2025 1:01;Visa;Ahvaz;545116.0;54
failed;15/9/2025 10:48;Visa;Tabriz;419089.0;16
fail;21/9/2025 18:00;Vsa;Qom;471227.0;55
success;16/9/2025 13:10;Discover;Isfahan;300000.0;95
success;22/9/2025 7:07;MasterCard;Tehran;976246.0;43
success;21/9/2025 5:23;Vsa;Tehran;443463.0;61
success;11/9/2025 17:07;MasterCard;Qom;-999999.0;38
succeed;28/9/2025 7:07;MasterCard;Tehran;1472823.0;45
fail;5/9/2025 1:01;Visa;Karaj;1305967.0;51
fail;4/9/2025 2:30;Amex;TEHRAN;583952.0;42
fail;3/9/2025 6:06;Visa;Tehran;0.0;24
success;19/9/2025 7:32;MastCard;Mashhad;650000.0;30
Success;20/9/2025 2:37;Discover;Karaj;63489.0;37
success;25/9/2025 21:23;MastCard;Tabriz;774681.0;53
fail;18/9/2025 21:23;Amex;TEHRAN;443463.0;63
success;15/9/2025 6:30;Amex;THR;0.0;11
success;9/9/2025 15:45;Discover;Tehran;900000.0;78
FAIL;17/9/2025 2:37;Discover;Tehran;250000.0;23
success;14/9/2025 7:08;Master-Card;Tehran ;-1.0;80
success;15/9/2025 0:00;Visa;tehr@n;1502601.0;50
success;1/9/2025 1:51;Visa;Isfahan;100.5;85
success;21/9/2025 19:19;Amex;Tehran;250000.0;55
success;22/9/2025 18:12;Vsa;Shiraz;419089.0;55
fail;22/9/2025 3:27;Discover;Tabriz;-999999.0;4
failed;3/9/2025 9:45;Amex;tehr@n;1050805.0;98
success;16/9/2025 1:01;Amex;Ahvaz;914282.0;54
success;23/9/2025 20:20;Visa;Shiraz;555555.0;61
succeed;25/9/2025 4:15;Amex;Tabriz;9999999999.0;78
failed;11/9/2025 4:40;Vsa;Karaj;1000.0;83
failed;12/9/2025 16:40;visa;Tabriz;452545.0;5
Success;10/9/2025 11:11;Visa;Tehran;914282.0;96
fail;16/9/2025 15:45;Amex;Mashhad;343679.0;18
success;8/9/2025 2:30;MasterCard;Mashhad;914282.0;44
success;6/9/2025 17:07;Visa;Ahvaz;-5000.0;31
fail;12/9/2025 2:20;Amex;THR;1578078.0;95
failed;24/9/2025 3:27;Visa;Isfahan;-5000.0;21
success;28/9/2025 18:45;Discover;Mashhad;1463119.0;47
success;21/9/2025 19:40;Discover;Mashhad;0.0;30
succeed;8/9/2025 3:27;Discover;Tabriz;450000.0;55
fail;26/9/2025 7:07;MasterCard;Karaj;0.0;68
success;28/9/2025 13:13;Discover;Mashhad;555555.0;69
success;4/9/2025 4:04;Amex;TEHRAN;1768588.0;41
fail;26/9/2025 1:51;Discover;Shiraz;177050.0;45
fail;8/9/2025 9:45;Amex;Tabriz;850000.0;74
failed;26/9/2025 23:17;Master-Card;Tehran;63489.0;92
success;28/9/2025 20:20;Visa;Isfahan;0.0;80
failed;18/9/2025 11:11;MasterCard;Isfahan;976246.0;30
success;28/9/2025 21:23;Amex;Isfahan;123456.0;77
fail;28/9/2025 2:30;Amex;Tehran;419089.0;85
fail;5/9/2025 9:00;Discover;Tehran ;0.0;45
fail;9/9/2025 23:17;Amex;Tehran;412308.0;45
FAIL;4/9/2025 7:08;Visa;Shiraz;343679.0;79
fail;27/9/2025 2:30;Discover;Tehran;900000.0;84
succeed;22/9/2025 21:10;MasterCard;Isfahan;-5000.0;84
succeed;17/9/2025 13:13;Visa;Tabriz;0.0;45
succeed;9/9/2025 13:10;MasterCard;Isfahan;-1.0;55
success;1/9/2025 11:11;Amex;Mashhad;1883871.0;59
FAIL;21/9/2025 1:01;MastCard;Qom;583952.0;5
fail;20/9/2025 19:51;Visa;Qom;914465.0;32
fail;13/9/2025 12:12;visa;Shiraz;-999999.0;6
fail;28/9/2025 19:40;Amex;karaj;471227.0;95
Success;16/9/2025 10:48;Discover;THR;123456.0;26
fail;29/9/2025 9:00;Discover;Karaj;200000.0;37
success;13/9/2025 6:30;Amex;Tehran;1782689.0;13
fail;14/9/2025 4:04;Master-Card;Tehran ;-999999.0;94
fail;3/9/2025 14:00;MasterCard;tehr@n;585954.0;69
fail;29/9/2025 7:08;Amex;Karaj;-999999.0;25
failed;6/9/2025 14:55;Discover;Mashhad;63489.0;13
success;18/9/2025 19:19;Discover;Tabriz;0.0;89
failed;19/9/2025 7:32;Discover;Ahvaz;471227.0;96
success;5/9/2025 2:54;MastCard;THR;120000.0;20
FAIL;15/9/2025 16:16;Discover;Shiraz;100000.0;72
success;25/9/2025 5:56;Visa;Shiraz;5000.0;60
success;2/9/2025 15:45;Discover;Tehran;1.0;73
success;10/9/2025 0:00;Master-Card;Isfahan;0.0;21
success;24/9/2025 3:27;MastCard;Karaj;914282.0;61
failed;30/9/2025 2:30;Discover;Tehran;850000.0;84
success;18/9/2025 21:21;Master-Card;Shiraz;774681.0;79
failed;27/9/2025 14:55;Visa;Ahvaz;419089.0;26
success;13/9/2025 21:23;Visa;Isfahan;1387769.0;54
fail;5/9/2025 10:48;Visa;Tehran;-5000.0;42
success;23/9/2025 2:37;Visa;karaj;914282.0;11
fail;24/9/2025 10:05;Visa;Tehran;-5000.0;37
success;1/9/2025 17:17;Amex;Isfahan;1427657.0;11
success;22/9/2025 7:07;Amex;Karaj;583952.0;27
succeed;1/9/2025 7:08;Amex;karaj;100000.0;95
fail;18/9/2025 3:00;MastCard;THR;471227.0;83
fail;15/9/2025 6:30;MastCard;Mashhad;0.0;34
fail;17/9/2025 8:08;Visa;Mashhad;1387769.0;38
fail;11/9/2025 17:17;Amex;karaj;0.0;61
failed;21/9/2025 21:23;Amex;Qom;99999.0;88
failed;26/9/2025 17:17;Master Card;Qom;250000.0;53
success;25/9/2025 0:00;Discover;Isfahan;12345.0;65
failed;22/9/2025 7:08;Visa;Isfahan;100.5;3
fail;27/9/2025 13:13;Amex;Mashhad;976246.0;67
fail;27/9/2025 17:17;MastCard;Isfahan;-5000.0;28
fail;17/9/2025 21:23;Discover;Isfahan;200000.0;14
failed;13/9/2025 23:17;Amex;nan;1502601.0;52
success;1/9/2025 4:40;Visa;Isfahan;1000.0;30
success;2/9/2025 3:27;VISA;Tabriz;1000.0;58
fail;9/9/2025 18:00;Visa;Isfahan;120000.0;54
fail;3/9/2025 16:40;Visa;Qom;-5000.0;69
Success;1/9/2025 23:59;Visa;TEHRAN;1578078.0;15
fail;21/9/2025 12:12;MasterCard;Ahvaz;471227.0;38
success;16/9/2025 7:07;Visa;karaj;205000.0;78
fail;23/9/2025 17:17;MastCard;THR;1578078.0;14
fail;6/9/2025 6:06;Master-Card;TEHRAN;583952.0;57
success;28/9/2025 12:12;Discover;Tabriz;-999999.0;59
fail;17/9/2025 12:44;Amex;Mashhad;343679.0;8
success;5/9/2025 13:13;Visa;Isfahan;1578078.0;72
success;5/9/2025 20:33;Discover;Isfahan;1463119.0;19
success;6/9/2025 14:02;Discover;Shiraz;120000.0;32
success;3/9/2025 23:17;Visa;Isfahan;419089.0;96
success;21/9/2025 1:01;Amex;Shiraz;5000.0;29
fail;23/9/2025 14:11;Visa;Isfahan;177050.0;41
success;5/9/2025 19:19;Master-Card;Tabriz;343679.0;75
success;21/9/2025 3:27;Amex;Isfahan;914282.0;45
fail;5/9/2025 7:08;MastCard;Ahvaz;-5000.0;13
failed;10/9/2025 2:24;nan;Qom;0.0;27
success;10/9/2025 23:17;Master Card;Tehran ;0.0;19
failed;19/9/2025 5:23;Amex;karaj;583952.0;26
failed;17/9/2025 7:07;MasterCard;Mashhad;5000.0;53
success;21/9/2025 21:10;Discover;Tabriz;343679.0;51
success;14/9/2025 22:27;MastCard;Shiraz;471227.0;37
success;9/9/2025 23:59;MasterCard;Karaj;63489.0;9
success;14/9/2025 8:59;nan;Mashhad;99999.0;93
failed;1/9/2025 16:16;Discover;Tabriz;63489.0;97
failed;19/9/2025 21:10;Discover;Qom;0.0;52
fail;13/9/2025 23:59;Discover;Tabriz;900000.0;54
success;13/9/2025 8:08;Vsa;tehr@n;452545.0;3
succeed;4/9/2025 2:54;Visa;Shiraz;650000.0;97
success;30/9/2025 5:23;MasterCard;Tabriz;976246.0;69
success;1/9/2025 23:59;MasterCard;Tabriz;-999999.0;8
success;17/9/2025 9:00;Visa;Karaj;1782689.0;14
fail;8/9/2025 10:48;MasterCard;Karaj;-999999.0;3
fail;2/9/2025 0:00;MasterCard;Qom;1768588.0;24
success;28/9/2025 3:27;Visa;Shiraz;100000.0;13
success;8/9/2025 2:30;MasterCard;Qom;-999999.0;43
success;7/9/2025 10:48;Master Card;Isfahan;774681.0;29
success;26/9/2025 3:27;VISA;tehr@n;63489.0;72
success;26/9/2025 5:23;MasterCard;Mashhad;585954.0;51
fail;2/9/2025 16:16;MasterCard;Tehran;1.0;42
fail;22/9/2025 14:00;Discover;Isfahan;250000.0;31
fail;22/9/2025 23:59;visa;Tehran;850000.0;63
success;3/9/2025 20:20;Discover;Isfahan;914282.0;26
fail;27/9/2025 12:44;MasterCard;Shiraz;-5000.0;18
success;18/9/2025 2:30;Visa;Tehran;0.0;82
fail;12/9/2025 2:20;Discover;THR;452545.0;57
success;1/9/2025 2:30;Visa;Shiraz;443463.0;7
fail;22/9/2025 19:29;MastCard;Tabriz;1050805.0;48
success;12/9/2025 21:10;Amex;Tabriz;1768588.0;80
success;5/9/2025 14:11;Amex;Mashhad;419089.0;60
fail;30/9/2025 2:54;Discover;Tabriz;774681.0;33
failed;30/9/2025 2:54;Vsa;Tehran;0.0;3
fail;27/9/2025 10:05;Visa;Tehran;-1.0;4
success;25/9/2025 9:45;Discover;Isfahan;1000.0;4
Success;17/9/2025 20:33;Amex;Tehran;914282.0;42
success;16/9/2025 20:33;Master-Card;Tehran;452545.0;9
failed;15/9/2025 21:23;Discover;THR;412308.0;51
fail;23/9/2025 7:07;MasterCard;Tabriz;177050.0;17
success;15/9/2025 11:11;MasterCard;Mashhad;0.0;17
success;5/9/2025 7:32;Master-Card;Tehran;1578078.0;98
fail;21/9/2025 23:17;Visa;Tehran;200000.0;20
success;14/9/2025 1:01;MasterCard;Karaj;1502601.0;14
fail;2/9/2025 7:08;Visa;Tehran;-5000.0;22
success;11/9/2025 0:00;Visa;Tehran;177050.0;52
Success;19/9/2025 1:51;Visa;Qom;5000.0;27
fail;7/9/2025 7:32;VISA;Tehran;1578078.0;43
fail;6/9/2025 10:48;Visa;Isfahan;419089.0;3
success;28/9/2025 4:15;nan;Tabriz;177050.0;89
success;2/9/2025 0:00;Visa;Tabriz;333333.0;95
success;6/9/2025 17:07;nan;Tehran;419089.0;8
success;18/9/2025 2:20;Amex;Tehran ;300000.0;87
fail;2/9/2025 19:19;Visa;Mashhad;177050.0;90
success;18/9/2025 19:40;Amex;Qom;-5000.0;10
failed;30/9/2025 12:12;Discover;Shiraz;1000.0;29
success;15/9/2025 9:09;Discover;Ahvaz;177050.0;40
success;27/9/2025 21:21;MasterCard;Shiraz;343679.0;65
fail;19/9/2025 12:12;MasterCard;Ahvaz;976246.0;21
fail;2/9/2025 0:00;Amex;Mashhad;-5000.0;24
fail;20/9/2025 19:29;Vsa;Isfahan;585954.0;73
success;25/9/2025 19:40;Discover;karaj;419089.0;60
Success;6/9/2025 13:13;nan;THR;1578078.0;26
success;1/9/2025 14:11;nan;Tehran;12345.0;9
fail;24/9/2025 14:55;Visa;Qom;583952.0;20
fail;15/9/2025 19:51;Visa;Karaj;471227.0;56
fail;28/9/2025 3:00;MasterCard;Tehran;300000.0;100
success;30/9/2025 2:24;Amex;tehr@n;177050.0;36
success;23/9/2025 6:30;Discover;Mashhad;583952.0;36
fail;10/9/2025 19:51;Discover;Shiraz;585954.0;73
success;19/9/2025 7:07;MastCard;Tehran;1883871.0;22
fail;17/9/2025 2:20;Amex;Tabriz;1463119.0;1
fail;5/9/2025 2:37;Visa;Tehran;450000.0;69
fail;29/9/2025 14:02;Master-Card;Tabriz;1578078.0;73
fail;4/9/2025 11:11;MastCard;Mashhad;1578078.0;37
fail;10/9/2025 4:04;Discover;karaj;123456.0;83
fail;24/9/2025 19:19;MastCard;Mashhad;850000.0;72
success;17/9/2025 16:16;Visa;Tabriz;200000.0;97
success;10/9/2025 5:56;MasterCard;Tehran;0.0;13
success;17/9/2025 2:20;Visa;Shiraz;555555.0;84
failed;28/9/2025 14:55;Visa;Isfahan;1782689.0;43
fail;20/9/2025 2:37;Discover;ThRan;1427657.0;37
failed;24/9/2025 9:00;Visa;Ahvaz;1158713.0;95
fail;5/9/2025 18:45;Amex;karaj;9999999999.0;74
fail;2/9/2025 18:12;MastCard;Tehran;-5000.0;96
success;6/9/2025 13:13;Visa;Ahvaz;1578078.0;25
fail;21/9/2025 4:15;Visa;Tehran;583952.0;94
FAIL;2/9/2025 12:12;Vsa;Qom;1305967.0;89
fail;13/9/2025 21:23;Visa;Mashhad;-5000.0;21
fail;30/9/2025 8:59;Discover;Qom;-5000.0;41
fail;11/9/2025 6:06;MasterCard;Tehran;555555.0;73
fail;11/9/2025 5:56;Vsa;Mashhad;0.0;42
fail;16/9/2025 6:30;Vsa;Tehran;545116.0;42
fail;11/9/2025 16:40;MastCard;Tehran;100.5;2
fail;19/9/2025 20:20;Discover;Shiraz;0.0;68
failed;15/9/2025 14:30;MastCard;tehr@n;1782689.0;8
fail;25/9/2025 7:32;Discover;Ahvaz;177050.0;97
fail;23/9/2025 2:30;Visa;Mashhad;774681.0;61
success;23/9/2025 23:59;Amex;Tehran;0.0;14
succeed;16/9/2025 3:27;MastCard;Tehran;-5000.0;77
fail;11/9/2025 12:12;Visa;Tehran;545116.0;21
fail;22/9/2025 21:23;Visa;Tehran ;0.0;24
FAIL;16/9/2025 6:30;Vsa;Isfahan;976246.0;50
fail;8/9/2025 7:07;Master-Card;karaj;900000.0;82
success;4/9/2025 11:11;Amex;Karaj;100.5;45
fail;8/9/2025 1:51;MasterCard;Qom;1782689.0;64
Success;4/9/2025 13:13;Vsa;tehr@n;-999999.0;64
succeed;24/9/2025 1:51;MastCard;Tabriz;205000.0;26
failed;25/9/2025 21:23;Amex;Mashhad;1050805.0;32
fail;3/9/2025 0:00;Discover;THR;-5000.0;57
fail;3/9/2025 12:34;Visa;Qom;50200.0;53
fail;27/9/2025 2:30;MasterCard;Tabriz;177050.0;33
failed;29/9/2025 21:10;Discover;Tabriz;555555.0;52
Success;18/9/2025 21:21;Discover;Ahvaz;545116.0;96
success;29/9/2025 3:00;MasterCard;Tehran;177050.0;18
success;26/9/2025 7:08;Visa;TEHRAN;177050.0;35
fail;19/9/2025 18:00;Vsa;Tehran;1427657.0;12
success;19/9/2025 10:05;Visa;Shiraz;9999999999.0;51
success;21/9/2025 21:23;MasterCard;Qom;177050.0;90
fail;5/9/2025 0:00;MastCard;Qom;585954.0;96
fail;18/9/2025 16:40;MasterCard;Mashhad;1768588.0;10
fail;28/9/2025 19:51;Discover;THR;200000.0;52
failed;10/9/2025 6:30;MasterCard;Shiraz;-5000.0;34
failed;29/9/2025 14:11;Master-Card;Ahvaz;1050805.0;67
FAIL;22/9/2025 19:51;visa;Tehran;1463119.0;39
success;21/9/2025 19:51;Amex;Tehran;250000.0;8
success;6/9/2025 13:13;Vsa;Tehran;250000.0;97
fail;1/9/2025 5:56;Visa;Tehran;177050.0;29
succeed;5/9/2025 23:17;Master-Card;Shiraz;774681.0;22
success;9/9/2025 13:13;Master Card;Mashhad;-5000.0;84
success;12/9/2025 15:45;Amex;Ahvaz;200000.0;70
success;26/9/2025 11:11;MastCard;Tehran;200000.0;61
failed;14/9/2025 14:55;MasterCard;Isfahan;419089.0;43
fail;2/9/2025 12:34;Discover;THR;-999999.0;49
fail;17/9/2025 14:00;Master-Card;tehr@n;343679.0;29
success;14/9/2025 22:27;Amex;TEHRAN;1463119.0;81
failed;26/9/2025 9:09;Amex;karaj;-5000.0;31
success;13/9/2025 3:27;Amex;Karaj;-5000.0;53
success;27/9/2025 4:15;Master-Card;TEHRAN;1768588.0;34
fail;9/9/2025 20:33;MastCard;Karaj;914282.0;38
success;26/9/2025 9:09;Visa;tehr@n;123456.0;57
success;25/9/2025 0:00;MasterCard;Tehran;1158713.0;4
success;15/9/2025 17:17;visa;TEHRAN;-5000.0;2
fail;25/9/2025 13:13;Amex;Qom;-5000.0;12
Success;22/9/2025 5:56;nan;Tehran;200000.0;35
success;15/9/2025 9:00;Vsa;Tabriz;1768588.0;70
failed;24/9/2025 21:10;Amex;THR;-1.0;72
fail;30/9/2025 1:01;Discover;Mashhad;0.0;21
fail;11/9/2025 4:15;Discover;ThRan;300000.0;61
failed;16/9/2025 16:40;Amex;Tehran;471227.0;35
fail;29/9/2025 5:23;MasterCard;Isfahan;-5000.0;48
success;17/9/2025 11:11;Vsa;Tabriz;585954.0;15
success;26/9/2025 2:37;MastCard;Mashhad;850000.0;71
success;4/9/2025 3:27;Discover;Shiraz;9999999999.0;15
fail;1/9/2025 14:55;MastCard;Shiraz;419089.0;6
fail;8/9/2025 4:15;MasterCard;Tehran;99999.0;81
Success;17/9/2025 13:10;Discover;Tehran;-999999.0;68
success;3/9/2025 0:00;MasterCard;Tehran;774681.0;22
fail;29/9/2025 6:30;Master-Card;THR;120000.0;32
fail;20/9/2025 6:30;Discover;Tabriz;583952.0;22
succeed;15/9/2025 1:01;Discover;Isfahan;0.0;27
fail;15/9/2025 23:59;Discover;Mashhad;-5000.0;15
success;24/9/2025 8:59;Visa;THR;1768588.0;44
success;22/9/2025 12:44;MasterCard;Tehran;100000.0;87
failed;14/9/2025 21:23;Visa;Tehran;1502601.0;93
success;26/9/2025 5:56;Vsa;Karaj;177050.0;9
success;28/9/2025 9:45;Visa;Tehran ;250000.0;34
fail;23/9/2025 6:30;Amex;Shiraz;1305967.0;73
failed;14/9/2025 2:54;Visa;Tabriz;-5000.0;15
success;24/9/2025 19:29;VISA;Mashhad;250000.0;62
Success;2/9/2025 2:54;MasterCard;Tehran ;976246.0;45
success;13/9/2025 19:40;Vsa;Mashhad;1578078.0;84
success;26/9/2025 14:11;Vsa;Isfahan;0.0;72
fail;14/9/2025 3:27;MastCard;Isfahan;1.0;58
success;27/9/2025 0:00;Vsa;Tehran ;100.5;93
fail;24/9/2025 12:34;Visa;Karaj;200000.0;19
fail;19/9/2025 14:02;MastCard;Karaj;471227.0;16
fail;7/9/2025 0:00;Discover;Tabriz;-5000.0;75
fail;3/9/2025 5:56;Vsa;Qom;5000.0;8
fail;15/9/2025 19:29;Master Card;Isfahan;419089.0;33
fail;23/9/2025 18:45;Master-Card;Tabriz;100.5;74
failed;14/9/2025 21:21;Visa;TEHRAN;914465.0;18
fail;11/9/2025 11:11;Discover;Isfahan;0.0;35
success;15/9/2025 6:06;Discover;Tabriz;585954.0;43
fail;28/9/2025 22:27;Visa;tehr@n;-5000.0;50
success;13/9/2025 2:20;Visa;Tehran;100.5;3
success;18/9/2025 15:45;Discover;Karaj;1463119.0;92
FAIL;26/9/2025 13:13;visa;Shiraz;900000.0;59
failed;6/9/2025 21:10;Amex;TEHRAN;0.0;28
success;3/9/2025 12:34;Amex;karaj;450000.0;46
success;19/9/2025 13:10;MasterCard;Karaj;1463119.0;64
fail;15/9/2025 2:24;Amex;Tabriz;774681.0;70
success;25/9/2025 14:55;Master Card;Mashhad;100.5;47
fail;23/9/2025 4:40;Amex;tehr@n;585954.0;14
fail;5/9/2025 10:05;Visa;Tehran;555555.0;7
fail;28/9/2025 12:44;MasterCard;Ahvaz;1427657.0;74
success;10/9/2025 11:11;visa;Tabriz;0.0;79
success;7/9/2025 14:11;Discover;Tehran;1.0;31
success;25/9/2025 21:10;Amex;Tabriz;583952.0;94
success;17/9/2025 11:11;Visa;Tehran;-999999.0;81
fail;7/9/2025 16:16;Visa;nan;333333.0;51
success;22/9/2025 12:12;Master-Card;THR;-999999.0;29
failed;26/9/2025 4:40;Discover;Mashhad;200000.0;15
failed;30/9/2025 4:40;Discover;Karaj;1578078.0;91
success;12/9/2025 14:02;Discover;Qom;0.0;76
success;25/9/2025 23:59;VISA;karaj;205000.0;25
success;17/9/2025 12:34;Visa;karaj;-5000.0;61
fail;13/9/2025 20:20;Vsa;Tabriz;0.0;41
fail;20/9/2025 7:07;Discover;Mashhad;450000.0;69
fail;25/9/2025 16:40;Master-Card;Shiraz;343679.0;4
fail;4/9/2025 16:40;visa;Tehran ;5000.0;57
success;10/9/2025 9:00;Discover;Karaj;1782689.0;31
succeed;3/9/2025 12:44;Visa;TEHRAN;914282.0;3
success;9/9/2025 18:00;Visa;karaj;471227.0;67
success;13/9/2025 8:59;MastCard;Qom;1050805.0;91
success;18/9/2025 12:12;Visa;TEHRAN;1768588.0;50
fail;15/9/2025 14:55;Discover;Isfahan;1883871.0;17
fail;4/9/2025 17:07;Visa;Isfahan;5000.0;60
success;15/9/2025 23:59;Discover;Ahvaz;471227.0;74
success;22/9/2025 17:17;Visa;Tehran;0.0;66
succeed;2/9/2025 22:27;Master-Card;Tabriz;0.0;89
fail;15/9/2025 6:06;Master-Card;Shiraz;0.0;75
failed;8/9/2025 19:29;MasterCard;Isfahan;1.0;24
fail;8/9/2025 12:12;Amex;tehr@n;63489.0;100
success;17/9/2025 2:30;Amex;tehr@n;177050.0;88
success;12/9/2025 14:02;MastCard;Mashhad;1883871.0;32
fail;19/9/2025 16:40;MasterCard;Qom;9999999999.0;88
fail;10/9/2025 2:20;MasterCard;Karaj;1578078.0;99
fail;9/9/2025 14:55;Amex;Mashhad;300000.0;19
fail;5/9/2025 14:11;MastCard;Tehran;100000.0;66
success;6/9/2025 23:59;Discover;Karaj;545116.0;60
fail;20/9/2025 12:12;Discover;Karaj;100.5;66
success;26/9/2025 19:51;Discover;Tabriz;-5000.0;15
fail;2/9/2025 13:10;Amex;karaj;914465.0;85
failed;27/9/2025 17:17;Discover;Shiraz;100.5;35
failed;24/9/2025 2:30;MasterCard;Tabriz;120000.0;69
success;27/9/2025 4:15;MasterCard;Shiraz;1387769.0;27
success;13/9/2025 0:00;Vsa;Tabriz;0.0;89
fail;6/9/2025 2:20;Visa;Tabriz;343679.0;7
failed;5/9/2025 13:13;Amex;karaj;1427657.0;6
fail;25/9/2025 15:45;Amex;tehr@n;1305967.0;33
fail;1/9/2025 2:37;Discover;Tabriz;300000.0;58
fail;21/9/2025 12:34;MasterCard;TEHRAN;100.5;49
success;22/9/2025 18:00;Vsa;Tabriz;200000.0;17
success;21/9/2025 7:08;Discover;Tehran;583952.0;42
success;6/9/2025 20:20;Master-Card;Tehran;343679.0;95
success;6/9/2025 1:51;Master-Card;Tabriz;450000.0;72
fail;23/9/2025 16:40;Amex;Isfahan;1000.0;40
Success;16/9/2025 14:55;Vsa;TEHRAN;914282.0;46
success;4/9/2025 21:23;Amex;Tabriz;-5000.0;71
success;30/9/2025 10:48;MasterCard;Isfahan;343679.0;70
success;11/9/2025 2:24;VISA;Karaj;850000.0;68
fail;30/9/2025 0:00;Discover;Tabriz;50200.0;1
fail;30/9/2025 3:27;Visa;Karaj;100.5;79
success;30/9/2025 0:00;Discover;Isfahan;914465.0;96
fail;24/9/2025 7:08;Amex;Tehran;343679.0;90
fail;23/9/2025 2:30;Visa;Karaj;774681.0;98
failed;9/9/2025 9:00;Master-Card;Tehran;0.0;52
success;23/9/2025 4:04;MasterCard;Tabriz;1472823.0;35
success;3/9/2025 22:27;Master-Card;Isfahan;471227.0;69
success;19/9/2025 18:12;Discover;Mashhad;1883871.0;5
Success;8/9/2025 17:07;Discover;Karaj;0.0;17
fail;5/9/2025 17:07;Visa;Mashhad;419089.0;53
failed;4/9/2025 2:30;Discover;Qom;1578078.0;52
success;24/9/2025 1:01;MasterCard;Qom;0.0;14
fail;6/9/2025 17:17;Master Card;Isfahan;583952.0;29
fail;2/9/2025 19:40;Discover;tehr@n;585954.0;8
success;20/9/2025 0:00;Amex;tehr@n;300000.0;99
success;28/9/2025 13:13;MasterCard;Qom;545116.0;1
fail;11/9/2025 14:00;Visa;Tehran;443463.0;29
success;4/9/2025 8:08;MasterCard;Mashhad;1578078.0;36
success;15/9/2025 16:40;Visa;Tehran;9999999999.0;51
success;6/9/2025 5:56;Master-Card;Mashhad;0.0;37
failed;22/9/2025 22:27;MastCard;Tehran;850000.0;94
failed;17/9/2025 23:59;Discover;Karaj;333333.0;69
success;30/9/2025 4:40;Amex;Tehran;583952.0;53
FAIL;24/9/2025 19:51;Visa;tehr@n;-1.0;97
fail;6/9/2025 2:30;MastCard;Tehran;0.0;52
fail;19/9/2025 19:29;Vsa;Shiraz;900000.0;89
fail;30/9/2025 1:51;Vsa;TEHRAN;1427657.0;83
success;25/9/2025 18:00;Discover;Tabriz;333333.0;12
success;2/9/2025 10:48;Discover;tehr@n;976246.0;52
success;15/9/2025 7:07;MasterCard;Isfahan;471227.0;1
fail;11/9/2025 19:40;VISA;Tehran ;914465.0;7
fail;8/9/2025 10:48;nan;Tehran ;9999999999.0;17
failed;26/9/2025 14:55;Discover;Tehran;1578078.0;99
failed;19/9/2025 11:11;Vsa;karaj;850000.0;43
success;13/9/2025 19:40;nan;Tehran;914282.0;71
success;12/9/2025 13:13;Discover;Tabriz;1768588.0;17
success;5/9/2025 14:55;Vsa;Tehran;1768588.0;59
fail;6/9/2025 17:07;Discover;Tehran;120000.0;3
success;26/9/2025 1:51;Discover;Shiraz;63489.0;29
success;22/9/2025 0:00;Visa;Mashhad;1883871.0;22
success;4/9/2025 19:19;MasterCard;Ahvaz;545116.0;38
fail;19/9/2025 3:27;Vsa;Tabriz;0.0;54
Success;20/9/2025 17:07;MasterCard;Tehran ;976246.0;94
failed;1/9/2025 14:11;Visa;Tehran;585954.0;50
fail;20/9/2025 14:02;Discover;Tehran;1158713.0;69
success;17/9/2025 2:37;Amex;Karaj;914282.0;30
Success;12/9/2025 2:20;Amex;THR;100.5;23
fail;15/9/2025 11:11;Amex;Ahvaz;100.5;85
success;1/9/2025 14:11;Visa;Mashhad;12345.0;91
success;26/9/2025 8:08;MastCard;Tabriz;205000.0;47
success;14/9/2025 7:08;nan;Tehran;976246.0;21
failed;6/9/2025 13:13;MasterCard;Mashhad;585954.0;20
fail;5/9/2025 6:06;MastCard;Mashhad;250000.0;23
fail;30/9/2025 16:40;nan;Isfahan;419089.0;68
fail;11/9/2025 19:51;Amex;Qom;9999999999.0;21
fail;4/9/2025 10:48;MastCard;Karaj;99999.0;21
success;13/9/2025 18:00;MastCard;Karaj;555555.0;1
success;11/9/2025 13:13;Discover;Tabriz;419089.0;15
fail;3/9/2025 13:13;Amex;Qom;0.0;17
success;1/9/2025 10:05;Vsa;Tehran;250000.0;51
success;6/9/2025 18:12;Discover;Tehran;200000.0;63
fail;18/9/2025 20:33;Master-Card;Ahvaz;1578078.0;14
success;24/9/2025 13:13;Amex;Karaj;0.0;59
success;10/9/2025 0:00;MasterCard;Ahvaz;914465.0;83
success;5/9/2025 0:00;Amex;Tehran;1578078.0;50
fail;23/9/2025 14:11;MasterCard;TEHRAN;0.0;34
success;10/9/2025 4:04;Vsa;Tehran;1387769.0;6
FAIL;12/9/2025 4:40;MasterCard;THR;1427657.0;49
success;2/9/2025 6:06;Master-Card;Isfahan;12345.0;6
fail;13/9/2025 12:12;MasterCard;Tehran;1000.0;69
success;8/9/2025 11:11;Amex;Tabriz;0.0;7
fail;2/9/2025 7:08;visa;Tehran;100.5;98
success;20/9/2025 2:37;Visa;Mashhad;471227.0;77
fail;1/9/2025 19:19;MastCard;tehr@n;545116.0;51
fail;5/9/2025 11:11;Visa;Tabriz;-999999.0;1
success;9/9/2025 2:54;Vsa;Shiraz;250000.0;13
fail;17/9/2025 17:07;Amex;TEHRAN;343679.0;43
fail;9/9/2025 6:06;nan;Shiraz;1578078.0;27
fail;11/9/2025 19:51;Master-Card;Isfahan;-1.0;71
fail;15/9/2025 18:45;Visa;nan;1782689.0;3
failed;24/9/2025 9:45;Visa;Tehran;-999999.0;58
Success;6/9/2025 11:11;Amex;Mashhad;100.5;90
fail;23/9/2025 8:59;MasterCard;Ahvaz;555555.0;98
success;3/9/2025 23:59;Visa;Tehran;850000.0;17
fail;30/9/2025 12:12;Visa;Karaj;555555.0;45
success;17/9/2025 12:12;Amex;Tabriz;0.0;78
success;5/9/2025 12:34;Visa;Tehran;0.0;58
fail;30/9/2025 18:45;Master-Card;Tabriz;1387769.0;56
success;28/9/2025 7:32;Vsa;Tehran ;-5000.0;54
fail;12/9/2025 4:15;Vsa;TEHRAN;333333.0;88
fail;18/9/2025 12:34;Visa;Tabriz;9999999999.0;89
success;14/9/2025 14:11;Visa;Tehran;1463119.0;29
success;21/9/2025 4:40;Amex;Isfahan;452545.0;54
success;24/9/2025 20:20;visa;Qom;1782689.0;27
success;11/9/2025 2:37;Discover;THR;205000.0;45
success;9/9/2025 5:56;Discover;Tehran ;333333.0;88
success;2/9/2025 11:11;Visa;Ahvaz;450000.0;31
fail;12/9/2025 14:30;MastCard;Qom;1578078.0;36
success;3/9/2025 14:00;Amex;Tehran;1.0;81
success;3/9/2025 2:37;Visa;Tehran;0.0;61
success;1/9/2025 12:12;MasterCard;Qom;0.0;37
success;8/9/2025 21:23;MastCard;Qom;1158713.0;67
fail;22/9/2025 7:08;MasterCard;karaj;200000.0;36
success;28/9/2025 8:08;MastCard;Tabriz;0.0;5
fail;29/9/2025 11:11;Vsa;Tehran;343679.0;46
success;8/9/2025 2:20;MastCard;Isfahan;177050.0;79
success;11/9/2025 3:00;Amex;Tehran ;0.0;52
failed;9/9/2025 2:30;Master-Card;Ahvaz;850000.0;49
success;5/9/2025 0:00;Master-Card;Tehran;-5000.0;6
failed;14/9/2025 2:30;Discover;THR;9999999999.0;10
success;28/9/2025 14:30;Visa;Mashhad;555555.0;97
FAIL;30/9/2025 5:56;Vsa;Isfahan;774681.0;23
success;3/9/2025 4:15;Visa;Isfahan;1158713.0;17
FAIL;21/9/2025 3:00;nan;Qom;100.5;84
fail;5/9/2025 5:56;Visa;Mashhad;1578078.0;44
fail;5/9/2025 8:59;nan;Shiraz;914282.0;41
success;19/9/2025 23:59;Amex;Qom;914465.0;15
succeed;27/9/2025 3:00;Vsa;Tehran;-999999.0;44
success;14/9/2025 8:08;MasterCard;Tabriz;0.0;58
fail;26/9/2025 19:29;visa;karaj;343679.0;87
success;30/9/2025 14:30;Visa;Shiraz;914282.0;50
success;4/9/2025 1:01;Discover;Mashhad;471227.0;52
fail;25/9/2025 7:07;Visa;Tehran;1158713.0;70
success;13/9/2025 21:23;Master Card;Tehran;545116.0;68
FAIL;10/9/2025 10:48;MasterCard;Tabriz;1768588.0;63
failed;25/9/2025 2:54;MastCard;Tehran;471227.0;58
fail;18/9/2025 7:07;MastCard;Mashhad;250000.0;23
fail;8/9/2025 1:51;Master-Card;karaj;1050805.0;44
fail;8/9/2025 10:05;Amex;Tabriz;900000.0;83
fail;7/9/2025 18:12;Amex;karaj;583952.0;96
fail;8/9/2025 23:59;MastCard;Karaj;419089.0;44
success;14/9/2025 3:27;MastCard;Tehran;555555.0;52
fail;19/9/2025 19:51;Visa;Shiraz;850000.0;67
failed;29/9/2025 6:30;Visa;Tehran;419089.0;28
Success;6/9/2025 20:20;Visa;Shiraz;976246.0;67
fail;1/9/2025 7:07;Discover;Tehran;774681.0;78
succeed;23/9/2025 2:24;MasterCard;Isfahan;850000.0;18
success;15/9/2025 4:40;Amex;Qom;774681.0;27
success;1/9/2025 12:34;Master Card;Tehran;1050805.0;51
fail;25/9/2025 13:10;Discover;Tehran;343679.0;60
success;17/9/2025 7:07;MastCard;Tabriz;0.0;74
fail;1/9/2025 7:07;MasterCard;Mashhad;123456.0;49
success;15/9/2025 23:59;Visa;THR;99999.0;15
fail;23/9/2025 7:32;Amex;Tehran;200000.0;83
success;2/9/2025 1:01;VISA;Isfahan;450000.0;73
fail;14/9/2025 3:00;Visa;Mashhad;-5000.0;68
fail;21/9/2025 2:37;MasterCard;Tabriz;1050805.0;15
success;8/9/2025 10:48;Visa;Shiraz;100.5;51
success;8/9/2025 18:00;Discover;Tabriz;-999999.0;48
success;19/9/2025 11:11;Amex;Ahvaz;850000.0;72
fail;7/9/2025 1:01;Vsa;Mashhad;177050.0;1
failed;19/9/2025 0:00;MastCard;Tehran;1472823.0;7
success;6/9/2025 18:12;MasterCard;Shiraz;0.0;53
fail;6/9/2025 20:33;nan;Qom;205000.0;31
success;3/9/2025 9:00;Discover;Isfahan;412308.0;18
success;7/9/2025 7:08;MastCard;Tehran;1502601.0;12
fail;19/9/2025 22:27;MasterCard;Tehran;555555.0;48
success;8/9/2025 23:17;Master-Card;Isfahan;914465.0;30
failed;10/9/2025 19:51;Vsa;Tehran;419089.0;98
success;20/9/2025 19:19;Master-Card;Qom;63489.0;7
fail;15/9/2025 13:10;Visa;Karaj;1000.0;93
failed;15/9/2025 16:16;MastCard;THR;200000.0;3
fail;29/9/2025 13:13;MastCard;Shiraz;9999999999.0;63
Success;1/9/2025 14:00;MastCard;Karaj;200000.0;6
fail;20/9/2025 14:30;MasterCard;Shiraz;1782689.0;96
success;30/9/2025 14:55;Visa;ThRan;914282.0;15
success;7/9/2025 21:21;Discover;Tabriz;63489.0;71
fail;27/9/2025 4:15;Discover;Tabriz;9999999999.0;43
success;4/9/2025 14:02;Master-Card;Tehran;63489.0;95
success;29/9/2025 13:10;Vsa;Mashhad;1782689.0;92
fail;6/9/2025 2:37;Visa;Tehran;200000.0;81
success;25/9/2025 3:27;Master Card;Tabriz;1305967.0;18
success;1/9/2025 11:11;Visa;Mashhad;333333.0;22
fail;29/9/2025 20:20;MasterCard;tehr@n;583952.0;61
succeed;5/9/2025 5:56;Visa;Tehran ;9999999999.0;61
failed;27/9/2025 12:12;Master-Card;Karaj;1050805.0;53
fail;23/9/2025 5:23;MastCard;Isfahan;585954.0;26
success;1/9/2025 2:37;Discover;THR;99999.0;92
fail;30/9/2025 20:20;MastCard;THR;-5000.0;40
success;4/9/2025 8:08;Visa;TEHRAN;177050.0;89
Success;22/9/2025 21:23;Discover;Shiraz;200000.0;8
fail;2/9/2025 22:27;Discover;Tehran;585954.0;21
failed;10/9/2025 14:30;Discover;Tehran;1578078.0;94
success;5/9/2025 9:09;Master-Card;TEHRAN;-5000.0;43
fail;27/9/2025 12:12;MastCard;Tehran;1387769.0;21
Success;10/9/2025 21:21;Discover;Tabriz;0.0;3
success;1/9/2025 11:11;Discover;Mashhad;-999999.0;31
success;22/9/2025 22:27;Visa;Tehran;583952.0;27
success;6/9/2025 0:00;Discover;TEHRAN;471227.0;27
fail;13/9/2025 20:20;MasterCard;Tabriz;-1.0;73
fail;15/9/2025 13:10;Discover;Tehran;471227.0;57
Success;4/9/2025 14:55;MastCard;nan;0.0;98
success;13/9/2025 21:23;MasterCard;Tabriz;-5000.0;33
failed;24/9/2025 5:56;Discover;THR;200000.0;91
fail;20/9/2025 19:40;nan;Mashhad;177050.0;93
success;24/9/2025 19:19;Discover;Shiraz;774681.0;44
FAIL;15/9/2025 14:11;MasterCard;Tabriz;914282.0;43
fail;29/9/2025 11:11;Discover;Mashhad;177050.0;31
fail;8/9/2025 7:08;Discover;Tabriz;1305967.0;65
success;5/9/2025 7:32;Visa;tehr@n;-5000.0;84
fail;29/9/2025 3:27;Discover;Tehran;0.0;76
fail;15/9/2025 1:51;Master-Card;Tabriz;-5000.0;17
failed;4/9/2025 14:30;MastCard;TEHRAN;412308.0;15
succeed;12/9/2025 3:27;MastCard;Mashhad;343679.0;34
success;13/9/2025 11:11;MasterCard;Qom;419089.0;80
success;2/9/2025 14:02;MasterCard;Shiraz;1387769.0;4
failed;27/9/2025 14:30;Discover;Tehran;343679.0;72
success;19/9/2025 19:19;Visa;Tehran;-1.0;99
fail;19/9/2025 23:59;Discover;tehr@n;1782689.0;90
fail;4/9/2025 1:51;MasterCard;Tabriz;-5000.0;79
fail;4/9/2025 6:06;Visa;Isfahan;100000.0;28
fail;26/9/2025 10:05;Visa;Karaj;1387769.0;73
fail;11/9/2025 4:04;Discover;Tabriz;200000.0;2
fail;27/9/2025 5:23;Discover;Karaj;0.0;17
fail;5/9/2025 1:51;Discover;Mashhad;1463119.0;58
fail;20/9/2025 3:27;Visa;THR;0.0;74
success;11/9/2025 4:04;Visa;Tabriz;200000.0;9
fail;30/9/2025 5:56;Discover;Tabriz;250000.0;31
failed;10/9/2025 20:20;Visa;karaj;585954.0;66
fail;8/9/2025 23:59;Discover;Tabriz;0.0;89
failed;6/9/2025 2:30;Visa;Isfahan;-5000.0;62
Success;6/9/2025 0:00;MastCard;Ahvaz;177050.0;19
success;8/9/2025 10:05;Discover;Shiraz;1578078.0;81
success;23/9/2025 13:13;Discover;Isfahan;650000.0;74
Success;15/9/2025 23:59;Visa;Tabriz;123456.0;55
fail;26/9/2025 7:32;Visa;Ahvaz;1782689.0;28
succeed;14/9/2025 10:05;Discover;Tehran;583952.0;93
success;11/9/2025 12:12;visa;TEHRAN;177050.0;50
success;12/9/2025 10:05;Vsa;Tehran;583952.0;65
fail;26/9/2025 6:30;Visa;Ahvaz;1782689.0;3
success;13/9/2025 3:00;Amex;Isfahan;177050.0;79
success;8/9/2025 14:11;Discover;Tehran;0.0;52
success;30/9/2025 19:19;Visa;Isfahan;900000.0;10
success;18/9/2025 20:20;MastCard;Tabriz;-999999.0;21
fail;25/9/2025 13:10;Visa;Tehran;1578078.0;37
fail;1/9/2025 9:09;MasterCard;Tabriz;1472823.0;15
success;15/9/2025 17:17;Amex;THR;9999999999.0;88
fail;8/9/2025 13:13;Amex;Tehran;443463.0;78
fail;28/9/2025 10:48;VISA;Tehran ;1387769.0;79
fail;11/9/2025 18:12;Vsa;Tehran;-999999.0;74
fail;12/9/2025 19:40;Vsa;Shiraz;0.0;9
success;12/9/2025 18:12;Discover;THR;-5000.0;44
fail;4/9/2025 19:51;Visa;tehr@n;1387769.0;39
Success;16/9/2025 23:59;MastCard;Tehran;1472823.0;5
success;4/9/2025 4:04;visa;Karaj;9999999999.0;25
success;5/9/2025 5:23;MasterCard;Tehran;914282.0;56
fail;24/9/2025 3:27;visa;Isfahan;343679.0;91
success;5/9/2025 8:08;Visa;Karaj;1768588.0;64
success;8/9/2025 16:40;Discover;Isfahan;1472823.0;72
succeed;10/9/2025 16:40;Visa;Tabriz;774681.0;87
success;17/9/2025 2:54;MasterCard;Tehran;1782689.0;52
success;28/9/2025 2:24;Vsa;Tehran;1782689.0;90
failed;26/9/2025 18:12;Discover;Tehran;976246.0;76
fail;9/9/2025 19:51;Master-Card;THR;343679.0;9
fail;22/9/2025 3:00;MasterCard;Tehran;177050.0;10
success;19/9/2025 6:30;MasterCard;Karaj;1463119.0;10
fail;29/9/2025 22:27;Vsa;Ahvaz;343679.0;73
fail;14/9/2025 4:04;Visa;Qom;-5000.0;62
success;8/9/2025 11:11;Vsa;Karaj;-5000.0;91
fail;9/9/2025 19:29;Discover;Shiraz;850000.0;100
success;22/9/2025 4:15;Discover;Mashhad;50200.0;92
Success;11/9/2025 4:15;Amex;Isfahan;-5000.0;60
fail;23/9/2025 4:40;Master-Card;tehr@n;50200.0;96
fail;1/9/2025 14:55;Amex;Tehran ;9999999999.0;19
fail;14/9/2025 6:06;Amex;Shiraz;205000.0;38
fail;5/9/2025 20:33;Vsa;Tehran;1768588.0;6
fail;21/9/2025 21:10;Discover;Mashhad;-1.0;15
fail;26/9/2025 6:06;Vsa;Mashhad;177050.0;94
success;14/9/2025 5:23;MasterCard;Ahvaz;650000.0;47
fail;4/9/2025 12:12;Visa;Shiraz;5000.0;45
success;22/9/2025 21:10;Discover;Mashhad;471227.0;5
failed;23/9/2025 23:59;Discover;Karaj;-5000.0;78
success;25/9/2025 3:27;Visa;Tehran;650000.0;53
success;1/9/2025 9:09;Discover;Ahvaz;123456.0;66
fail;22/9/2025 2:37;Visa;Tabriz;1158713.0;62
success;23/9/2025 14:02;MastCard;Shiraz;412308.0;23
fail;19/9/2025 3:00;Amex;Tehran;1782689.0;44
fail;8/9/2025 2:20;Amex;Tehran;914465.0;52
failed;15/9/2025 18:00;Discover;Tehran;50200.0;46
fail;21/9/2025 0:00;Vsa;TEHRAN;900000.0;19
fail;15/9/2025 22:27;Visa;Qom;1782689.0;89
failed;9/9/2025 8:08;Amex;Isfahan;-999999.0;84
failed;21/9/2025 14:00;Discover;Ahvaz;1768588.0;47
fail;9/9/2025 13:13;MasterCard;Shiraz;1158713.0;92
fail;10/9/2025 2:30;Discover;Shiraz;1305967.0;52
success;20/9/2025 7:08;Vsa;Mashhad;177050.0;24
success;25/9/2025 2:54;Master-Card;Tehran;-5000.0;17
fail;21/9/2025 17:17;MastCard;Tabriz;9999999999.0;90
success;26/9/2025 18:45;Visa;Tehran;177050.0;46
Success;9/9/2025 19:51;Discover;Shiraz;1305967.0;64
fail;3/9/2025 13:13;nan;Tabriz;1463119.0;96
failed;20/9/2025 21:21;MasterCard;Mashhad;976246.0;28
Success;25/9/2025 0:00;Master Card;Isfahan;0.0;50
fail;26/9/2025 2:20;Discover;Tehran;12345.0;64
success;11/9/2025 2:24;Master Card;tehr@n;-5000.0;28
fail;6/9/2025 0:00;nan;tehr@n;63489.0;87
success;2/9/2025 11:11;Amex;Tehran;443463.0;56
failed;7/9/2025 21:21;Visa;karaj;5000.0;59
fail;18/9/2025 8:08;MasterCard;Mashhad;1782689.0;5
success;27/9/2025 17:17;nan;Ahvaz;100.5;54
failed;2/9/2025 3:27;Master-Card;Tehran;583952.0;44
fail;27/9/2025 21:23;Visa;Tehran;99999.0;42
fail;17/9/2025 14:11;MasterCard;TEHRAN;1883871.0;72
fail;11/9/2025 16:16;Vsa;TEHRAN;914465.0;93
success;27/9/2025 21:23;Amex;Mashhad;0.0;57
FAIL;12/9/2025 18:12;Vsa;THR;177050.0;47
failed;27/9/2025 12:34;Vsa;Shiraz;-999999.0;76
success;19/9/2025 11:11;Master-Card;Tehran;-999999.0;25
success;22/9/2025 19:51;Visa;Tabriz;1768588.0;44
fail;24/9/2025 4:15;Visa;Tehran;9999999999.0;15
fail;25/9/2025 22:27;Visa;Ahvaz;545116.0;51
success;7/9/2025 14:02;nan;ThRan;333333.0;53
success;20/9/2025 13:13;MasterCard;Qom;585954.0;34
success;6/9/2025 11:11;Visa;Shiraz;100.5;77
Success;21/9/2025 13:10;Discover;Karaj;1463119.0;8
success;24/9/2025 6:30;Discover;Tabriz;774681.0;77
success;1/9/2025 5:23;Vsa;Isfahan;177050.0;70
fail;17/9/2025 11:11;MastCard;Isfahan;-999999.0;97
succeed;29/9/2025 9:09;MastCard;Qom;5000.0;21
success;11/9/2025 19:29;Visa;THR;200000.0;7
failed;22/9/2025 7:32;nan;Tabriz;452545.0;91
success;26/9/2025 2:20;Visa;Mashhad;443463.0;79
success;28/9/2025 7:08;Amex;Ahvaz;100.5;56
success;18/9/2025 19:19;Visa;Tehran;471227.0;49
fail;21/9/2025 4:04;Visa;Mashhad;976246.0;42
success;17/9/2025 16:40;Visa;Tehran;1578078.0;23
failed;7/9/2025 11:11;Amex;Qom;471227.0;52
fail;17/9/2025 19:29;Amex;Ahvaz;100000.0;79
fail;20/9/2025 7:32;Visa;Tabriz;585954.0;53
success;9/9/2025 2:37;Discover;THR;914282.0;16
fail;17/9/2025 5:56;Master-Card;Isfahan;177050.0;97
success;20/9/2025 8:08;Visa;Tehran;343679.0;37
success;22/9/2025 14:11;Visa;Mashhad;0.0;18
fail;22/9/2025 14:00;MasterCard;THR;1578078.0;20
failed;28/9/2025 17:07;Vsa;Tehran;1387769.0;46
success;29/9/2025 23:59;Discover;Tabriz;976246.0;2
failed;8/9/2025 13:13;visa;Shiraz;650000.0;88
success;17/9/2025 18:00;Discover;Isfahan;1463119.0;95
failed;7/9/2025 21:23;Discover;Tehran;177050.0;63
fail;1/9/2025 6:06;Visa;Tabriz;976246.0;3
fail;13/9/2025 9:45;MastCard;karaj;-999999.0;46
fail;30/9/2025 1:01;Discover;Tehran ;1000.0;49
success;23/9/2025 18:45;Amex;Tehran;99999.0;1
failed;19/9/2025 1:51;Visa;Qom;1387769.0;22
success;27/9/2025 8:59;Discover;Tehran;545116.0;94
failed;24/9/2025 10:48;Master-Card;Karaj;-999999.0;14
fail;19/9/2025 19:29;MastCard;Tehran;1782689.0;93
fail;30/9/2025 8:59;Visa;Tehran;-999999.0;85
failed;30/9/2025 23:17;Amex;Ahvaz;-5000.0;45
success;29/9/2025 17:07;Amex;Tehran;-5000.0;97
failed;17/9/2025 0:00;Visa;Tabriz;123456.0;6
fail;13/9/2025 5:23;MasterCard;tehr@n;1050805.0;65
Success;29/9/2025 15:45;Discover;ThRan;1387769.0;21
success;30/9/2025 23:17;MasterCard;Tehran;100000.0;4
success;16/9/2025 9:00;Vsa;Qom;100000.0;3
fail;8/9/2025 14:30;Visa;Qom;-5000.0;30
success;19/9/2025 8:08;Visa;Mashhad;1782689.0;31
failed;18/9/2025 2:20;Discover;TEHRAN;-5000.0;34
failed;1/9/2025 1:01;Master Card;Ahvaz;5000.0;83
fail;14/9/2025 2:20;MastCard;Ahvaz;12345.0;20
fail;19/9/2025 17:17;Visa;Tabriz;583952.0;88
success;15/9/2025 9:09;MasterCard;Isfahan;1000.0;54
fail;18/9/2025 18:00;Discover;Mashhad;-5000.0;25
success;2/9/2025 8:08;Amex;Tabriz;0.0;15
fail;22/9/2025 18:12;MasterCard;Tehran;9999999999.0;38
fail;28/9/2025 13:13;VISA;Tehran;343679.0;23
success;17/9/2025 0:00;Visa;Tehran;-999999.0;52
success;18/9/2025 7:32;Amex;Tabriz;419089.0;66
success;30/9/2025 19:51;MastCard;Tabriz;1768588.0;57
FAIL;6/9/2025 2:20;Vsa;Tabriz;585954.0;57
fail;19/9/2025 0:00;MasterCard;Mashhad;976246.0;79
success;4/9/2025 6:30;MastCard;Mashhad;1427657.0;52
fail;1/9/2025 7:07;Discover;Tabriz;0.0;35
success;8/9/2025 23:17;MasterCard;TEHRAN;585954.0;74
fail;29/9/2025 14:00;Master-Card;Qom;9999999999.0;14
fail;23/9/2025 2:37;Master Card;Ahvaz;471227.0;92
fail;7/9/2025 0:00;MastCard;TEHRAN;-1.0;14
fail;3/9/2025 7:08;Discover;Tehran;200000.0;100
failed;10/9/2025 10:05;Vsa;Isfahan;177050.0;33
success;10/9/2025 3:27;Visa;Isfahan;1578078.0;52
FAIL;19/9/2025 4:15;Visa;Isfahan;555555.0;1
success;14/9/2025 0:00;Amex;Tehran;-5000.0;34
fail;2/9/2025 12:12;Discover;karaj;1387769.0;19
fail;28/9/2025 15:45;Master Card;Tehran;976246.0;24
fail;1/9/2025 8:08;MasterCard;nan;585954.0;4
fail;23/9/2025 7:07;MasterCard;Ahvaz;-5000.0;36
success;23/9/2025 9:00;MastCard;Qom;1578078.0;77
success;28/9/2025 12:34;MastCard;Tehran;5000.0;58
fail;18/9/2025 18:00;MasterCard;Mashhad;1472823.0;32
fail;7/9/2025 15:45;Visa;Tabriz;50200.0;9
fail;29/9/2025 8:08;Vsa;Tabriz;1000.0;80
fail;8/9/2025 9:45;Discover;karaj;0.0;67
fail;1/9/2025 9:09;Visa;Isfahan;250000.0;20
success;25/9/2025 19:19;Amex;Mashhad;-999999.0;74
fail;23/9/2025 9:45;Visa;karaj;452545.0;62
success;3/9/2025 6:06;VISA;Tehran;545116.0;58
fail;24/9/2025 10:48;Amex;Qom;583952.0;22
fail;23/9/2025 8:08;visa;Qom;900000.0;67
failed;27/9/2025 5:23;Discover;Isfahan;100.5;75
success;29/9/2025 23:17;VISA;karaj;1782689.0;90
fail;8/9/2025 5:23;Visa;tehr@n;123456.0;48
failed;22/9/2025 7:07;Visa;Mashhad;200000.0;8
fail;25/9/2025 17:07;Visa;Mashhad;-5000.0;73
fail;15/9/2025 1:01;MasterCard;Mashhad;412308.0;15
success;5/9/2025 16:16;Visa;Karaj;-999999.0;32
success;3/9/2025 23:59;MasterCard;Shiraz;1387769.0;53
fail;19/9/2025 21:10;Discover;Tabriz;-999999.0;67
fail;1/9/2025 15:45;Discover;Tehran;0.0;4
failed;28/9/2025 12:12;Amex;tehr@n;850000.0;30
fail;15/9/2025 5:56;Visa;Tabriz;343679.0;13
fail;8/9/2025 6:30;MastCard;Shiraz;0.0;21
success;2/9/2025 5:23;Amex;karaj;300000.0;41
Success;3/9/2025 1:01;nan;Tabriz;250000.0;19
fail;24/9/2025 3:27;Discover;Shiraz;914465.0;48
success;14/9/2025 20:20;visa;Tehran;177050.0;87
success;24/9/2025 2:30;Amex;Tehran ;5000.0;63
success;14/9/2025 10:05;VISA;Tehran;200000.0;20
success;11/9/2025 23:17;Visa;Isfahan;12345.0;64
FAIL;16/9/2025 20:33;MastCard;Qom;250000.0;37
fail;4/9/2025 18:45;Vsa;Ahvaz;471227.0;31
fail;20/9/2025 19:29;Visa;Tehran;177050.0;74
Success;5/9/2025 12:12;Amex;Isfahan;545116.0;18
success;22/9/2025 14:11;Vsa;Tabriz;-5000.0;20
success;21/9/2025 7:08;Amex;Tabriz;50200.0;82
success;14/9/2025 16:40;Visa;Ahvaz;1158713.0;11
success;23/9/2025 14:11;MastCard;Tehran;976246.0;87
success;16/9/2025 14:30;Visa;Ahvaz;1768588.0;44
Success;18/9/2025 2:37;Vsa;karaj;1502601.0;82
success;7/9/2025 7:08;Visa;TEHRAN;100000.0;64
fail;10/9/2025 19:51;Visa;Shiraz;177050.0;34
success;7/9/2025 10:05;Discover;Isfahan;250000.0;88
success;1/9/2025 4:04;Amex;Isfahan;12345.0;65
success;23/9/2025 14:11;VISA;Tehran ;205000.0;55
success;21/9/2025 4:40;Visa;THR;-5000.0;74
fail;19/9/2025 19:51;Visa;Mashhad;100.5;1
success;16/9/2025 18:45;Discover;tehr@n;1472823.0;38
success;29/9/2025 2:30;Vsa;karaj;177050.0;9
failed;19/9/2025 2:24;MasterCard;TEHRAN;1427657.0;96
success;4/9/2025 20:33;Discover;Karaj;976246.0;71
fail;29/9/2025 2:37;Amex;THR;1463119.0;17
success;28/9/2025 4:40;Discover;TEHRAN;100.5;100
success;18/9/2025 9:45;MasterCard;Tehran;177050.0;52
success;2/9/2025 23:17;Discover;Tehran ;100.5;18
success;1/9/2025 2:30;Vsa;Isfahan;1782689.0;63
success;15/9/2025 21:23;nan;Isfahan;450000.0;33
fail;5/9/2025 13:10;MastCard;Ahvaz;471227.0;4
failed;20/9/2025 23:59;MasterCard;Shiraz;585954.0;88
fail;11/9/2025 21:23;MasterCard;TEHRAN;1472823.0;75
success;10/9/2025 13:10;Visa;Isfahan;343679.0;52
fail;2/9/2025 11:11;MastCard;Isfahan;250000.0;9
fail;3/9/2025 20:33;Amex;Tehran;177050.0;64
success;23/9/2025 11:11;Master-Card;Mashhad;1578078.0;30
success;23/9/2025 10:05;Visa;Karaj;250000.0;8
success;12/9/2025 17:17;MastCard;Tabriz;-5000.0;5
success;20/9/2025 14:00;MastCard;Mashhad;200000.0;76
success;5/9/2025 9:09;Discover;Tabriz;1000.0;63
success;5/9/2025 1:51;MastCard;Ahvaz;-999999.0;1
success;6/9/2025 3:27;nan;Tehran;200000.0;15
success;30/9/2025 14:11;nan;Karaj;1050805.0;90
success;9/9/2025 20:20;MastCard;Isfahan;914282.0;82
success;2/9/2025 19:40;Visa;Tehran;555555.0;38
Success;21/9/2025 22:27;Master-Card;THR;-5000.0;42
fail;12/9/2025 6:30;Amex;Mashhad;-999999.0;46
failed;3/9/2025 3:27;Discover;Qom;0.0;53
fail;20/9/2025 14:11;Visa;Karaj;1578078.0;26
fail;26/9/2025 14:11;Visa;Shiraz;9999999999.0;61
fail;22/9/2025 2:37;Visa;Karaj;-5000.0;67
success;12/9/2025 8:08;MastCard;Ahvaz;333333.0;54
fail;24/9/2025 6:30;Discover;Qom;1427657.0;22
failed;17/9/2025 14:55;Visa;Isfahan;650000.0;26
failed;10/9/2025 4:15;MasterCard;Tabriz;419089.0;83
success;30/9/2025 17:07;MasterCard;TEHRAN;471227.0;60
success;24/9/2025 14:11;Visa;Tehran ;343679.0;39
Success;27/9/2025 2:20;Visa;Isfahan;1782689.0;36
failed;14/9/2025 9:09;Visa;Tehran;1768588.0;21
success;23/9/2025 13:10;MastCard;Tabriz;1472823.0;41
success;17/9/2025 15:45;Visa;Shiraz;471227.0;48
success;18/9/2025 14:11;Amex;Tehran;1305967.0;26
success;19/9/2025 2:37;Visa;Ahvaz;-5000.0;63
fail;17/9/2025 20:20;Visa;TEHRAN;1782689.0;77
success;14/9/2025 15:45;Discover;Tehran ;1463119.0;36
fail;9/9/2025 11:11;Visa;Tehran;0.0;24
fail;8/9/2025 9:45;Visa;tehr@n;0.0;91
success;2/9/2025 1:01;Discover;Karaj;0.0;21
Success;13/9/2025 13:10;Discover;Tehran;1305967.0;18
FAIL;25/9/2025 14:55;MastCard;Isfahan;774681.0;15
success;7/9/2025 21:23;Visa;Karaj;1158713.0;79
success;9/9/2025 3:27;Master-Card;tehr@n;976246.0;6
fail;22/9/2025 13:10;Vsa;Tehran;1782689.0;43
success;22/9/2025 2:30;MastCard;Tehran;914282.0;31
fail;11/9/2025 11:11;Discover;Mashhad;471227.0;28
fail;14/9/2025 4:40;Vsa;Tehran ;471227.0;8
success;4/9/2025 20:33;Visa;Tehran ;0.0;29
fail;26/9/2025 16:16;Visa;Tabriz;343679.0;21
fail;26/9/2025 2:30;Visa;Tabriz;9999999999.0;81
failed;29/9/2025 10:48;nan;TEHRAN;1768588.0;89
fail;13/9/2025 2:37;Discover;Karaj;-1.0;58
fail;2/9/2025 7:07;nan;Tehran ;450000.0;60
fail;23/9/2025 8:08;Discover;TEHRAN;-5000.0;50
fail;5/9/2025 14:00;Master-Card;Tabriz;0.0;31
fail;11/9/2025 5:23;Master-Card;Ahvaz;0.0;47
success;6/9/2025 12:44;nan;Tehran;443463.0;34
fail;18/9/2025 21:23;MasterCard;karaj;545116.0;2
failed;21/9/2025 12:12;Master-Card;Qom;0.0;67
fail;10/9/2025 14:02;Master Card;tehr@n;343679.0;95
success;4/9/2025 7:32;Discover;Tehran ;419089.0;72
success;9/9/2025 17:17;MasterCard;Tehran;123456.0;52
success;6/9/2025 2:24;MastCard;Tehran;1768588.0;7
success;2/9/2025 2:54;Discover;Mashhad;250000.0;76
Success;17/9/2025 12:34;MastCard;THR;471227.0;19
fail;5/9/2025 4:40;Visa;karaj;914465.0;91
success;25/9/2025 18:45;MasterCard;Tehran ;5000.0;93
failed;6/9/2025 21:23;Visa;Shiraz;1782689.0;15
fail;26/9/2025 7:08;Discover;Tabriz;177050.0;78
fail;12/9/2025 18:00;Discover;Tehran;443463.0;48
fail;23/9/2025 11:11;Vsa;Tabriz;5000.0;14
success;21/9/2025 13:13;Visa;Shiraz;63489.0;3
fail;10/9/2025 11:11;Vsa;TEHRAN;1883871.0;50
fail;22/9/2025 18:00;Vsa;Tabriz;0.0;94
success;21/9/2025 21:23;MasterCard;THR;914465.0;54
success;27/9/2025 2:30;Discover;Isfahan;250000.0;6
fail;25/9/2025 2:54;Visa;Tabriz;-5000.0;49
fail;6/9/2025 2:30;MasterCard;Mashhad;914465.0;23
success;27/9/2025 23:17;Visa;Isfahan;0.0;93
Success;8/9/2025 9:09;MasterCard;TEHRAN;120000.0;78
success;2/9/2025 6:06;Master Card;Mashhad;-5000.0;78
success;12/9/2025 1:01;Visa;Tabriz;343679.0;20
fail;13/9/2025 4:40;Amex;karaj;177050.0;77
fail;25/9/2025 3:00;VISA;nan;0.0;92
success;21/9/2025 11:11;Master-Card;Shiraz;976246.0;60
failed;7/9/2025 19:40;Master-Card;Tabriz;0.0;100
success;10/9/2025 6:30;Vsa;Tabriz;12345.0;45
failed;13/9/2025 19:40;Discover;Tehran;1050805.0;61
succeed;17/9/2025 13:10;Master-Card;Tehran;471227.0;56
fail;26/9/2025 8:59;Master Card;TEHRAN;1387769.0;2
fail;21/9/2025 11:11;MasterCard;Tehran;177050.0;45
fail;28/9/2025 3:27;Discover;Mashhad;120000.0;40
fail;30/9/2025 21:21;MasterCard;Karaj;850000.0;24
fail;26/9/2025 17:17;Discover;THR;914465.0;29
failed;14/9/2025 6:30;Visa;Tehran;419089.0;67
fail;2/9/2025 2:20;Amex;Isfahan;250000.0;68
fail;28/9/2025 2:30;Amex;Tabriz;1768588.0;66
fail;22/9/2025 8:08;MasterCard;Tabriz;1.0;84
Success;11/9/2025 21:21;Visa;Tabriz;471227.0;54
success;1/9/2025 20:33;Vsa;Qom;0.0;53
Success;19/9/2025 11:11;Visa;Tehran;250000.0;79
FAIL;21/9/2025 12:34;Visa;Isfahan;0.0;49
success;4/9/2025 14:02;Amex;Tehran;120000.0;32
fail;19/9/2025 20:33;MasterCard;Tehran ;1050805.0;61
fail;26/9/2025 21:23;Visa;Qom;-5000.0;42
fail;29/9/2025 21:10;Discover;THR;900000.0;1
success;21/9/2025 7:08;Vsa;Tehran;250000.0;63
fail;11/9/2025 1:01;Amex;karaj;0.0;35
fail;8/9/2025 17:17;Discover;Isfahan;0.0;51
success;11/9/2025 10:05;Visa;Tehran;1768588.0;71
success;4/9/2025 11:11;Amex;Ahvaz;0.0;45
success;17/9/2025 3:00;Master-Card;Ahvaz;205000.0;77
fail;27/9/2025 14:11;Amex;nan;471227.0;65
failed;7/9/2025 2:20;Vsa;Ahvaz;9999999999.0;14
success;8/9/2025 13:10;MasterCard;Tehran;774681.0;94
fail;3/9/2025 14:00;MastCard;Tabriz;1387769.0;3
failed;22/9/2025 21:23;Master-Card;Mashhad;9999999999.0;24
Success;2/9/2025 23:59;Vsa;Tehran;1427657.0;65
fail;23/9/2025 1:51;nan;Ahvaz;1472823.0;48
fail;15/9/2025 8:59;MasterCard;Mashhad;0.0;10
success;24/9/2025 19:51;Master-Card;tehr@n;343679.0;13
fail;22/9/2025 9:00;Amex;Qom;1387769.0;73
failed;22/9/2025 14:55;Master-Card;Mashhad;177050.0;14
fail;5/9/2025 7:32;Visa;Tehran;177050.0;10
success;24/9/2025 14:30;Amex;Tehran;1387769.0;40
success;1/9/2025 14:00;Vsa;THR;650000.0;23
success;26/9/2025 2:54;Visa;nan;914282.0;100
fail;4/9/2025 14:02;Amex;Isfahan;555555.0;55
fail;15/9/2025 10:48;Vsa;karaj;850000.0;63
fail;20/9/2025 11:11;Discover;Shiraz;5000.0;71
fail;19/9/2025 12:34;MasterCard;tehr@n;1463119.0;42
fail;3/9/2025 4:04;Amex;Tabriz;-5000.0;100
failed;20/9/2025 21:21;MasterCard;Qom;1305967.0;66
fail;11/9/2025 11:11;Visa;Isfahan;1782689.0;79
success;17/9/2025 20:20;Visa;Qom;1463119.0;73
success;30/9/2025 20:33;Visa;Tabriz;1.0;47
success;27/9/2025 2:30;Discover;Mashhad;-5000.0;81
FAIL;13/9/2025 11:11;Discover;Shiraz;-5000.0;52
fail;11/9/2025 23:59;MastCard;Tehran;1578078.0;18
failed;2/9/2025 12:34;Amex;Karaj;774681.0;79
success;9/9/2025 21:23;MastCard;Karaj;63489.0;18
failed;26/9/2025 21:23;Visa;THR;1578078.0;24
success;2/9/2025 22:27;MasterCard;Isfahan;452545.0;23
success;21/9/2025 19:51;Discover;Tehran;9999999999.0;12
fail;9/9/2025 5:23;Master-Card;Mashhad;1463119.0;23
fail;9/9/2025 2:37;MastCard;Tehran;9999999999.0;21
success;8/9/2025 4:04;Master-Card;Shiraz;0.0;64
succeed;17/9/2025 2:30;Visa;Tehran;177050.0;91
success;1/9/2025 4:40;MastCard;Isfahan;976246.0;72
fail;25/9/2025 17:17;MasterCard;Tehran;1.0;95
failed;29/9/2025 11:11;Vsa;Tehran;1305967.0;34
success;11/9/2025 7:32;MasterCard;Tehran ;343679.0;2
fail;8/9/2025 11:11;MasterCard;nan;177050.0;69
fail;10/9/2025 17:07;Visa;Qom;177050.0;31
fail;25/9/2025 9:09;MastCard;Tabriz;100.5;98
failed;7/9/2025 2:37;Discover;TEHRAN;50200.0;68
failed;3/9/2025 23:59;Visa;TEHRAN;976246.0;70
fail;3/9/2025 11:11;Visa;THR;0.0;88
fail;18/9/2025 5:23;Master Card;Qom;-5000.0;19
failed;5/9/2025 3:27;Discover;Tehran;-5000.0;72
Success;12/9/2025 8:08;Master-Card;Tehran;-5000.0;13
success;12/9/2025 10:48;VISA;TEHRAN;177050.0;65
success;19/9/2025 9:09;Master Card;THR;0.0;6
fail;30/9/2025 19:51;Master-Card;Isfahan;0.0;71
success;6/9/2025 22:27;Master-Card;Tabriz;1387769.0;27
fail;2/9/2025 2:37;Discover;Shiraz;419089.0;79
failed;12/9/2025 7:32;Visa;Ahvaz;1502601.0;52
fail;19/9/2025 9:09;Amex;Karaj;976246.0;99
failed;5/9/2025 7:32;MasterCard;Shiraz;1050805.0;88
fail;12/9/2025 14:00;Visa;Tabriz;120000.0;48
failed;27/9/2025 12:12;MastCard;Tabriz;0.0;89
fail;27/9/2025 5:23;Amex;Karaj;1578078.0;79
success;17/9/2025 3:00;Master-Card;Ahvaz;200000.0;100
success;29/9/2025 9:09;Amex;Tehran;555555.0;68
fail;17/9/2025 19:51;Amex;Tehran;412308.0;44
Success;10/9/2025 21:23;MasterCard;Karaj;-5000.0;17
success;25/9/2025 7:08;MasterCard;Isfahan;1463119.0;96
success;23/9/2025 18:45;Master Card;Qom;443463.0;38
failed;17/9/2025 1:01;Visa;Shiraz;177050.0;10
failed;15/9/2025 21:10;MasterCard;Ahvaz;452545.0;54
success;12/9/2025 16:40;Amex;Ahvaz;-5000.0;92
Success;30/9/2025 12:12;MasterCard;Tabriz;177050.0;6
fail;16/9/2025 21:10;Discover;Qom;99999.0;6
fail;24/9/2025 12:44;Discover;Tehran;850000.0;52
success;19/9/2025 4:15;Discover;karaj;0.0;15
fail;8/9/2025 5:56;Discover;karaj;914282.0;68
success;21/9/2025 12:44;Master-Card;Tabriz;450000.0;57
fail;17/9/2025 4:15;MasterCard;Tehran;914282.0;56
success;23/9/2025 5:23;Discover;Tehran;419089.0;7
failed;5/9/2025 22:27;Discover;Qom;450000.0;51
success;22/9/2025 12:44;Visa;Tehran;850000.0;58
succeed;16/9/2025 12:12;Master-Card;Karaj;1768588.0;64
success;6/9/2025 9:45;MasterCard;Karaj;100.5;26
fail;8/9/2025 17:07;visa;Shiraz;12345.0;58
fail;25/9/2025 23:59;Discover;THR;1782689.0;31
fail;18/9/2025 12:12;Vsa;Isfahan;471227.0;66
failed;25/9/2025 11:11;Discover;TEHRAN;-5000.0;93
fail;12/9/2025 2:37;Visa;Tehran;200000.0;13
fail;15/9/2025 3:00;Visa;Tehran;1782689.0;18
failed;27/9/2025 3:27;Amex;Isfahan;-999999.0;95
success;26/9/2025 23:59;Discover;Qom;0.0;75
fail;9/9/2025 10:05;MasterCard;Tehran;471227.0;13
fail;13/9/2025 12:44;Vsa;Qom;177050.0;24
failed;26/9/2025 19:19;Discover;Tabriz;-999999.0;57
failed;15/9/2025 19:29;Discover;THR;914465.0;29
fail;10/9/2025 21:23;Vsa;Mashhad;0.0;56
success;16/9/2025 9:45;MasterCard;Qom;200000.0;54
failed;7/9/2025 14:11;Vsa;tehr@n;200000.0;5
success;17/9/2025 7:32;Discover;Ahvaz;250000.0;35
failed;23/9/2025 19:51;MasterCard;Isfahan;419089.0;19
success;26/9/2025 23:59;Visa;Mashhad;1000.0;55
Success;21/9/2025 10:48;nan;Shiraz;471227.0;77
fail;22/9/2025 10:48;Master-Card;Tehran;545116.0;69
fail;26/9/2025 16:40;visa;Tehran;99999.0;44
success;7/9/2025 9:45;MasterCard;Tabriz;900000.0;78
success;14/9/2025 6:30;Vsa;Ahvaz;0.0;38
failed;15/9/2025 2:30;MasterCard;Tabriz;9999999999.0;62
fail;21/9/2025 21:10;MasterCard;Tehran;1387769.0;22
failed;7/9/2025 18:12;Vsa;Tabriz;9999999999.0;73
fail;9/9/2025 14:00;Visa;Karaj;300000.0;40
success;19/9/2025 3:00;Visa;Shiraz;412308.0;26
fail;16/9/2025 15:45;Discover;Karaj;419089.0;5
success;8/9/2025 13:10;Vsa;Tabriz;774681.0;94
success;18/9/2025 11:11;Discover;TEHRAN;0.0;54
fail;27/9/2025 4:15;Discover;Mashhad;-5000.0;87
fail;23/9/2025 17:17;visa;Mashhad;333333.0;49
success;29/9/2025 11:11;Discover;tehr@n;0.0;3
failed;18/9/2025 19:19;Discover;Tehran ;419089.0;93
fail;30/9/2025 6:06;Amex;Shiraz;419089.0;38
fail;20/9/2025 14:00;Vsa;tehr@n;250000.0;14
fail;7/9/2025 12:12;Visa;Qom;1387769.0;47
Success;3/9/2025 12:12;Amex;Tabriz;583952.0;14
fail;18/9/2025 18:12;Visa;Tabriz;-5000.0;75
fail;27/9/2025 10:48;MasterCard;Qom;1463119.0;73
success;10/9/2025 2:54;Discover;Qom;900000.0;38
success;7/9/2025 10:48;Discover;Isfahan;1000.0;64
fail;17/9/2025 19:29;MasterCard;THR;100000.0;44
succeed;14/9/2025 19:51;nan;Isfahan;343679.0;70
success;24/9/2025 13:10;MastCard;Tabriz;1768588.0;65
success;3/9/2025 11:11;nan;Tehran;-999999.0;25
fail;12/9/2025 14:00;Amex;Tehran ;343679.0;16
failed;28/9/2025 14:11;Visa;karaj;471227.0;15
fail;13/9/2025 7:32;Discover;Shiraz;343679.0;99
fail;2/9/2025 14:00;Master-Card;karaj;1463119.0;81
fail;3/9/2025 0:00;Amex;karaj;650000.0;3
success;5/9/2025 8:59;visa;tehr@n;5000.0;67
success;11/9/2025 14:55;Visa;Isfahan;177050.0;37
success;8/9/2025 14:11;Discover;Qom;443463.0;81
fail;26/9/2025 14:55;Discover;Tehran;1427657.0;55
success;23/9/2025 2:30;Discover;Tehran ;850000.0;38
success;23/9/2025 10:05;Discover;ThRan;900000.0;63
fail;12/9/2025 21:23;MasterCard;Ahvaz;50200.0;1
failed;7/9/2025 19:29;Amex;Mashhad;0.0;71
fail;15/9/2025 23:59;Discover;Mashhad;9999999999.0;91
success;24/9/2025 2:30;Visa;Isfahan;5000.0;19
fail;17/9/2025 10:48;MastCard;Tabriz;1305967.0;52
success;4/9/2025 22:27;MasterCard;Mashhad;1472823.0;30
FAIL;29/9/2025 4:04;Amex;Tehran;583952.0;55
succeed;22/9/2025 18:12;MasterCard;nan;63489.0;14
fail;25/9/2025 14:55;Master-Card;Isfahan;1883871.0;13
success;13/9/2025 4:40;Amex;TEHRAN;1502601.0;84
fail;18/9/2025 5:23;nan;Karaj;471227.0;91
failed;1/9/2025 11:11;MasterCard;Tabriz;5000.0;27
success;16/9/2025 2:30;Discover;Tabriz;250000.0;90
fail;13/9/2025 14:55;Discover;nan;914282.0;9
fail;10/9/2025 2:30;MasterCard;Ahvaz;50200.0;41
Success;12/9/2025 6:06;MasterCard;Tabriz;450000.0;48
success;30/9/2025 11:11;MastCard;Tehran;914465.0;12
fail;2/9/2025 4:15;Visa;Karaj;1883871.0;10
fail;23/9/2025 23:59;Amex;Tabriz;0.0;6
fail;3/9/2025 4:40;Vsa;Tabriz;1472823.0;34
success;10/9/2025 18:45;MastCard;Karaj;100000.0;52
Success;2/9/2025 0:00;MasterCard;Karaj;1578078.0;41
failed;30/9/2025 14:02;visa;Mashhad;0.0;83
success;27/9/2025 11:11;MasterCard;tehr@n;300000.0;6
failed;23/9/2025 7:08;Visa;Karaj;471227.0;2
success;13/9/2025 18:12;Vsa;TEHRAN;1883871.0;15
fail;13/9/2025 23:59;Visa;Tehran;1427657.0;17
succeed;18/9/2025 15:45;MastCard;Tabriz;555555.0;16
fail;3/9/2025 7:32;Visa;Tehran;419089.0;28
fail;27/9/2025 11:11;Visa;Tabriz;63489.0;85
succeed;7/9/2025 9:45;Visa;Tehran ;177050.0;72
fail;14/9/2025 18:45;Discover;Tehran ;471227.0;10
success;20/9/2025 17:07;Visa;Ahvaz;1.0;10
Success;29/9/2025 16:16;Visa;Mashhad;471227.0;10
success;30/9/2025 8:59;MastCard;Ahvaz;100000.0;73
fail;17/9/2025 7:32;Vsa;Qom;914282.0;28
fail;29/9/2025 1:51;Vsa;Tehran;-999999.0;24
fail;30/9/2025 8:08;Vsa;Mashhad;452545.0;19
success;21/9/2025 18:45;MasterCard;Qom;343679.0;98
failed;12/9/2025 18:00;Master-Card;Tabriz;1387769.0;68
success;25/9/2025 19:51;MasterCard;Tabriz;250000.0;56
success;16/9/2025 19:40;MasterCard;Tabriz;-5000.0;67
success;24/9/2025 11:11;MastCard;Shiraz;0.0;42
success;12/9/2025 19:51;Visa;Tehran;63489.0;12
failed;15/9/2025 8:08;Vsa;Karaj;-999999.0;18
fail;25/9/2025 16:40;MasterCard;Isfahan;-999999.0;23
failed;10/9/2025 2:54;Visa;Isfahan;1768588.0;84
success;30/9/2025 12:44;Visa;Ahvaz;471227.0;6
fail;25/9/2025 2:24;Visa;Mashhad;0.0;53
fail;7/9/2025 2:24;Master-Card;Isfahan;419089.0;99
fail;20/9/2025 13:13;visa;THR;-5000.0;42
success;5/9/2025 5:56;Discover;Isfahan;1768588.0;66
fail;1/9/2025 10:48;Discover;THR;412308.0;30
Success;30/9/2025 10:48;Visa;Mashhad;-999999.0;9
success;17/9/2025 21:23;Vsa;Tabriz;555555.0;92
Success;3/9/2025 19:19;Visa;Shiraz;-5000.0;42
fail;13/9/2025 8:08;nan;Tabriz;205000.0;34
fail;14/9/2025 7:08;MastCard;Tehran;0.0;40
fail;24/9/2025 7:08;Master-Card;Tehran;100.5;89
fail;30/9/2025 16:40;Amex;Tabriz;1463119.0;17
failed;18/9/2025 2:54;MastCard;Karaj;1578078.0;29
fail;4/9/2025 2:37;Amex;karaj;914465.0;50
success;18/9/2025 19:29;Vsa;THR;0.0;76
fail;30/9/2025 21:23;Vsa;Tabriz;583952.0;96
success;5/9/2025 17:07;Amex;Shiraz;914465.0;49
failed;25/9/2025 21:10;Amex;Tabriz;1305967.0;73
success;16/9/2025 7:32;nan;Shiraz;177050.0;61
success;1/9/2025 16:40;nan;THR;123456.0;83
fail;21/9/2025 11:11;Amex;Tehran;0.0;46
Success;14/9/2025 11:11;Visa;ThRan;177050.0;46
success;15/9/2025 8:59;Visa;karaj;0.0;17
success;9/9/2025 19:51;Master-Card;Ahvaz;200000.0;66
success;15/9/2025 12:34;Visa;Karaj;1.0;5
Success;17/9/2025 17:07;Visa;Ahvaz;120000.0;54
success;25/9/2025 23:59;Visa;nan;123456.0;16
success;24/9/2025 4:40;Amex;Ahvaz;100000.0;81
success;4/9/2025 12:12;Amex;Isfahan;1387769.0;92
fail;12/9/2025 6:06;Discover;Shiraz;914465.0;7
success;27/9/2025 23:59;Visa;Isfahan;0.0;8
success;26/9/2025 21:23;MastCard;Tehran ;-1.0;72
success;5/9/2025 11:11;nan;TEHRAN;471227.0;88
success;29/9/2025 1:51;Visa;Qom;0.0;97
fail;5/9/2025 7:08;Visa;Ahvaz;0.0;82
failed;11/9/2025 11:11;Amex;TEHRAN;976246.0;38
Success;28/9/2025 10:48;Vsa;Tabriz;900000.0;54
failed;6/9/2025 21:10;Vsa;Qom;200000.0;76
fail;7/9/2025 6:30;MastCard;Mashhad;343679.0;15
success;24/9/2025 2:30;Master-Card;Ahvaz;-999999.0;93
failed;14/9/2025 16:16;Visa;Isfahan;100.5;50
success;24/9/2025 10:48;Visa;Karaj;0.0;56
success;11/9/2025 10:48;Amex;Isfahan;471227.0;96
Success;30/9/2025 7:07;Vsa;Tehran;1502601.0;9
success;13/9/2025 19:19;Amex;Tehran;1472823.0;8
success;2/9/2025 11:11;VISA;Tehran;100.5;19
fail;25/9/2025 11:11;Vsa;Tehran;100.5;51
fail;7/9/2025 11:11;MastCard;Mashhad;1000.0;72
fail;20/9/2025 4:40;Visa;Shiraz;1578078.0;99
Success;4/9/2025 14:30;Visa;Tehran;-999999.0;57
success;27/9/2025 5:56;Vsa;Shiraz;914282.0;68
success;8/9/2025 19:40;Visa;Qom;585954.0;31
failed;20/9/2025 4:04;Visa;Tehran;585954.0;3
success;29/9/2025 23:17;nan;Isfahan;-999999.0;100
success;22/9/2025 7:32;Master-Card;Ahvaz;585954.0;83
fail;21/9/2025 11:11;Visa;Tehran;1.0;43
failed;19/9/2025 14:11;Vsa;Tehran;-5000.0;29
fail;13/9/2025 7:07;Visa;nan;50200.0;10
fail;14/9/2025 8:59;Discover;Karaj;63489.0;12
fail;10/9/2025 19:51;Amex;Mashhad;976246.0;46
fail;11/9/2025 11:11;MastCard;Shiraz;205000.0;30
fail;2/9/2025 11:11;Visa;karaj;471227.0;95
success;25/9/2025 8:08;Discover;karaj;650000.0;82
fail;26/9/2025 16:16;Visa;Tabriz;1463119.0;89
success;9/9/2025 5:23;visa;Mashhad;583952.0;32
fail;17/9/2025 0:00;MastCard;Shiraz;412308.0;73
fail;26/9/2025 3:27;MasterCard;Tehran;250000.0;47
success;3/9/2025 17:17;Visa;tehr@n;1782689.0;89
Success;24/9/2025 5:56;Amex;Isfahan;-5000.0;63
failed;6/9/2025 11:11;Amex;Isfahan;9999999999.0;26
FAIL;5/9/2025 6:06;Vsa;TEHRAN;177050.0;3
success;5/9/2025 7:08;Discover;Tehran;-5000.0;23
success;22/9/2025 23:59;visa;Tehran;0.0;75
success;15/9/2025 9:09;MasterCard;Karaj;200000.0;74
success;23/9/2025 23:59;Discover;Isfahan;976246.0;50
fail;17/9/2025 5:23;Discover;Ahvaz;-5000.0;36
success;9/9/2025 3:27;MasterCard;Tehran;583952.0;13
fail;3/9/2025 15:45;nan;Isfahan;412308.0;29
success;20/9/2025 23:17;MastCard;Tabriz;1427657.0;38
success;26/9/2025 3:27;Amex;Karaj;1000.0;77
fail;17/9/2025 21:21;Visa;Tabriz;471227.0;91
fail;29/9/2025 21:21;Visa;Mashhad;343679.0;84
fail;27/9/2025 5:56;MasterCard;karaj;9999999999.0;5
FAIL;10/9/2025 17:07;MastCard;TEHRAN;9999999999.0;20
fail;3/9/2025 0:00;MastCard;Karaj;0.0;78
fail;18/9/2025 11:11;Visa;Isfahan;419089.0;14
failed;18/9/2025 19:51;Visa;Qom;1158713.0;8
success;30/9/2025 18:45;Discover;Karaj;123456.0;48
fail;17/9/2025 1:51;nan;THR;1578078.0;13
fail;24/9/2025 10:48;MasterCard;THR;-5000.0;24
fail;3/9/2025 13:10;Discover;tehr@n;-5000.0;79
fail;3/9/2025 2:54;Discover;karaj;0.0;65
fail;6/9/2025 8:08;Visa;Tehran;0.0;87
success;13/9/2025 3:27;MasterCard;Ahvaz;0.0;34
failed;24/9/2025 19:51;Vsa;karaj;976246.0;51
success;29/9/2025 17:07;VISA;THR;-999999.0;3
success;15/9/2025 17:07;MasterCard;TEHRAN;-5000.0;91
fail;25/9/2025 5:23;Visa;Mashhad;1578078.0;78
fail;9/9/2025 14:30;MastCard;Shiraz;177050.0;58
failed;4/9/2025 8:59;MastCard;Tehran;333333.0;72
fail;14/9/2025 19:19;Visa;Qom;1768588.0;55
failed;5/9/2025 5:23;Master-Card;Mashhad;177050.0;80
success;2/9/2025 14:55;Vsa;Tehran ;120000.0;42
failed;11/9/2025 19:51;MasterCard;TEHRAN;205000.0;21
fail;9/9/2025 14:11;Amex;Ahvaz;-999999.0;10
fail;24/9/2025 8:08;MastCard;Tehran;583952.0;57
success;3/9/2025 10:48;MastCard;Isfahan;555555.0;25
success;27/9/2025 17:17;Visa;Karaj;200000.0;56
fail;28/9/2025 21:23;Visa;Tehran;0.0;38
FAIL;29/9/2025 2:30;Visa;Tabriz;9999999999.0;87
fail;9/9/2025 4:04;MastCard;THR;0.0;61
fail;3/9/2025 16:40;MasterCard;Tehran;9999999999.0;47
success;25/9/2025 8:59;Amex;Tehran;177050.0;54
success;2/9/2025 11:11;Vsa;Qom;976246.0;46
FAIL;12/9/2025 21:23;Discover;tehr@n;177050.0;68
success;10/9/2025 4:15;MastCard;karaj;1427657.0;4
fail;9/9/2025 7:32;MasterCard;Tehran ;419089.0;95
success;15/9/2025 4:40;Discover;Ahvaz;120000.0;66
fail;8/9/2025 12:12;Discover;Isfahan;419089.0;94
success;25/9/2025 23:59;VISA;tehr@n;177050.0;43
success;5/9/2025 12:44;Vsa;Isfahan;900000.0;62
fail;11/9/2025 23:59;Visa;Isfahan;0.0;85
success;27/9/2025 23:59;Master Card;Mashhad;9999999999.0;85
success;2/9/2025 1:51;Vsa;karaj;100.5;85
success;24/9/2025 8:59;Visa;TEHRAN;-1.0;4
success;28/9/2025 13:10;Visa;Isfahan;1472823.0;65
fail;15/9/2025 5:56;Discover;Mashhad;1387769.0;62
fail;6/9/2025 13:13;Amex;TEHRAN;-999999.0;91
fail;8/9/2025 14:02;Amex;Tehran;-999999.0;2
fail;27/9/2025 21:10;Discover;Ahvaz;583952.0;9
success;5/9/2025 19:51;MasterCard;Mashhad;583952.0;57
succeed;16/9/2025 14:55;Visa;Isfahan;1883871.0;45
success;26/9/2025 0:00;Visa;Mashhad;0.0;18
success;18/9/2025 3:00;MasterCard;Isfahan;1578078.0;48
success;6/9/2025 12:12;Discover;Ahvaz;412308.0;42
fail;5/9/2025 9:09;MasterCard;TEHRAN;-999999.0;41
Success;28/9/2025 23:59;Master Card;Mashhad;850000.0;75
FAIL;16/9/2025 3:27;Visa;karaj;471227.0;90
success;13/9/2025 20:20;Visa;Karaj;471227.0;91
fail;28/9/2025 11:11;Visa;Tabriz;50200.0;58
success;5/9/2025 23:59;MasterCard;Qom;545116.0;42
fail;13/9/2025 12:34;MastCard;Shiraz;774681.0;35
success;17/9/2025 4:15;Amex;Tehran;1463119.0;38
failed;18/9/2025 1:01;MasterCard;Isfahan;9999999999.0;67
fail;8/9/2025 14:02;Discover;nan;250000.0;41
FAIL;13/9/2025 11:11;Discover;Shiraz;450000.0;100
succeed;30/9/2025 4:40;Discover;Isfahan;583952.0;50
Success;29/9/2025 11:11;Amex;Tabriz;583952.0;87
success;19/9/2025 5:23;Visa;Tabriz;1782689.0;72
fail;26/9/2025 20:20;Vsa;Isfahan;0.0;79
success;3/9/2025 2:54;Amex;Tehran;583952.0;45
success;24/9/2025 9:45;Discover;Tehran;250000.0;71
fail;8/9/2025 3:00;MasterCard;Isfahan;0.0;19
success;2/9/2025 3:00;VISA;Shiraz;5000.0;17
success;8/9/2025 7:07;Visa;Tehran;850000.0;65
fail;27/9/2025 4:40;Visa;Tehran;177050.0;94
fail;13/9/2025 7:32;MasterCard;Tehran;1782689.0;77
fail;13/9/2025 7:07;Amex;Tabriz;900000.0;56
success;1/9/2025 10:48;Visa;Tehran;100.5;94
success;6/9/2025 2:37;nan;Qom;1463119.0;41
fail;24/9/2025 8:08;Amex;Mashhad;1463119.0;42
FAIL;19/9/2025 9:45;Master-Card;Tabriz;0.0;6
fail;16/9/2025 9:09;Discover;karaj;1387769.0;69
success;8/9/2025 3:00;Vsa;Mashhad;1.0;99
success;28/9/2025 15:45;Discover;Tehran;1463119.0;75
failed;1/9/2025 2:20;Discover;Tabriz;419089.0;73
fail;27/9/2025 13:13;nan;Tehran ;-999999.0;40
failed;27/9/2025 18:00;Visa;Tehran ;100.5;41
Success;16/9/2025 22:27;Master Card;Tabriz;-5000.0;9
success;9/9/2025 7:08;MasterCard;Tehran;177050.0;8
success;13/9/2025 20:33;visa;Mashhad;123456.0;44
fail;11/9/2025 9:45;MasterCard;Mashhad;1578078.0;58
success;13/9/2025 7:07;MastCard;Isfahan;1000.0;67
success;25/9/2025 12:12;Visa;Mashhad;123456.0;13
success;21/9/2025 12:34;MasterCard;Tabriz;0.0;19
fail;10/9/2025 14:55;MastCard;Tehran;-999999.0;99
success;4/9/2025 5:23;Vsa;Qom;0.0;97
fail;27/9/2025 19:51;Visa;tehr@n;555555.0;49
fail;6/9/2025 12:44;MasterCard;Tehran;1472823.0;80
fail;28/9/2025 3:27;MasterCard;Karaj;343679.0;82
fail;7/9/2025 23:17;Visa;Isfahan;555555.0;78
success;5/9/2025 17:07;MasterCard;Tabriz;-5000.0;30
failed;11/9/2025 22:27;Vsa;THR;343679.0;66
success;13/9/2025 23:59;Discover;Mashhad;0.0;77
success;26/9/2025 2:24;MasterCard;Qom;1387769.0;92
success;25/9/2025 14:30;VISA;Isfahan;1883871.0;59
fail;19/9/2025 8:59;Visa;Tehran;9999999999.0;53
fail;23/9/2025 11:11;Amex;Qom;583952.0;52
fail;10/9/2025 20:20;MastCard;Isfahan;1768588.0;81
success;10/9/2025 2:37;MastCard;Tehran;-999999.0;31
fail;11/9/2025 14:11;MastCard;Qom;1472823.0;15
fail;21/9/2025 4:04;MastCard;Tehran;471227.0;20
success;30/9/2025 4:40;Visa;Tabriz;250000.0;5
Success;7/9/2025 19:40;MasterCard;Ahvaz;419089.0;7
success;18/9/2025 21:23;Vsa;Tehran;177050.0;18
success;4/9/2025 19:51;Visa;Shiraz;1768588.0;56
success;2/9/2025 2:30;Visa;tehr@n;1472823.0;75
success;14/9/2025 4:15;Vsa;Tehran;200000.0;97
success;13/9/2025 19:29;MastCard;Isfahan;177050.0;92
failed;29/9/2025 16:16;MasterCard;Qom;1387769.0;91
fail;12/9/2025 12:12;Master Card;Mashhad;177050.0;45
fail;7/9/2025 0:00;MastCard;Shiraz;-5000.0;28
fail;2/9/2025 12:44;VISA;Isfahan;452545.0;50
success;13/9/2025 2:37;nan;Tehran;123456.0;2
failed;14/9/2025 18:00;MasterCard;Tehran;1883871.0;84
fail;27/9/2025 19:51;MastCard;Karaj;100.5;68
fail;17/9/2025 2:24;MastCard;Tabriz;914465.0;77
failed;9/9/2025 2:24;Vsa;karaj;545116.0;24
success;17/9/2025 0:00;Vsa;Karaj;-5000.0;48
success;8/9/2025 8:59;Visa;Tehran;443463.0;45
failed;2/9/2025 21:21;Discover;Tehran;100.5;94
success;28/9/2025 6:30;Discover;Tabriz;343679.0;58
success;24/9/2025 2:20;Vsa;Qom;100.5;36
fail;13/9/2025 2:30;Vsa;karaj;-999999.0;2
fail;3/9/2025 11:11;MasterCard;Tehran;585954.0;18
success;16/9/2025 19:19;Amex;Tabriz;1768588.0;49
success;6/9/2025 20:20;Vsa;Isfahan;-999999.0;8
FAIL;19/9/2025 2:24;Discover;Tehran;5000.0;58
FAIL;30/9/2025 11:11;Visa;Qom;976246.0;15
failed;7/9/2025 9:00;MasterCard;Mashhad;9999999999.0;17
fail;10/9/2025 6:06;nan;Tabriz;1472823.0;23
FAIL;9/9/2025 0:00;Vsa;Mashhad;1387769.0;66
success;2/9/2025 5:56;Discover;Isfahan;0.0;70
fail;28/9/2025 21:23;Visa;Isfahan;177050.0;94
success;28/9/2025 2:24;Amex;Tabriz;100.5;27
fail;15/9/2025 19:29;Vsa;Qom;300000.0;37
fail;30/9/2025 22:27;Amex;Isfahan;1578078.0;49
failed;5/9/2025 19:51;MasterCard;Tehran;250000.0;64
success;29/9/2025 21:10;Visa;Tehran;205000.0;34
fail;22/9/2025 2:24;nan;Tehran;914465.0;18
success;4/9/2025 21:21;Discover;Tehran;-5000.0;64
failed;20/9/2025 16:16;Visa;Isfahan;914465.0;74
success;4/9/2025 12:12;Vsa;Tabriz;-999999.0;44
fail;18/9/2025 20:33;visa;Isfahan;419089.0;17
fail;4/9/2025 18:45;Amex;Tabriz;9999999999.0;59
fail;27/9/2025 11:11;Amex;Qom;63489.0;13
FAIL;17/9/2025 11:11;Discover;Karaj;0.0;52
success;12/9/2025 20:33;Visa;Mashhad;-5000.0;60
success;22/9/2025 17:17;Visa;Tehran;9999999999.0;42
success;17/9/2025 7:08;Amex;Tehran;200000.0;92
failed;10/9/2025 3:00;Visa;Tabriz;774681.0;64
success;22/9/2025 21:21;Master-Card;Isfahan;1502601.0;66
success;1/9/2025 12:12;Visa;Tehran;583952.0;34
fail;22/9/2025 19:51;MasterCard;Tabriz;1578078.0;96
fail;26/9/2025 18:45;MasterCard;THR;471227.0;88
Success;24/9/2025 14:30;Amex;Tehran;1000.0;71
Success;27/9/2025 20:33;Discover;tehr@n;200000.0;64
Success;18/9/2025 14:11;Master-Card;THR;250000.0;33
Success;18/9/2025 6:06;MasterCard;karaj;471227.0;12
failed;14/9/2025 21:10;MastCard;THR;200000.0;76
success;15/9/2025 21:10;Amex;Tehran;914282.0;19
failed;29/9/2025 14:02;Visa;Tehran;412308.0;9
success;12/9/2025 7:08;Amex;Tehran;250000.0;74
fail;4/9/2025 1:01;Amex;Tehran;63489.0;17
fail;27/9/2025 9:00;Master-Card;Tabriz;914282.0;50
FAIL;3/9/2025 6:06;Master-Card;karaj;120000.0;39
fail;20/9/2025 10:05;Visa;Tabriz;585954.0;41
failed;29/9/2025 5:56;Visa;Tabriz;-5000.0;10
fail;12/9/2025 2:37;Discover;Shiraz;1000.0;12
fail;7/9/2025 2:24;visa;Tehran;-5000.0;79
fail;29/9/2025 0:00;Visa;Isfahan;333333.0;96
fail;11/9/2025 1:01;MastCard;Tabriz;419089.0;15
fail;1/9/2025 13:10;Amex;karaj;300000.0;28
fail;6/9/2025 2:37;Amex;Mashhad;443463.0;4
failed;15/9/2025 1:01;Visa;Shiraz;1883871.0;36
fail;15/9/2025 19:40;Visa;Tehran;-5000.0;65
fail;19/9/2025 12:44;MasterCard;TEHRAN;12345.0;99
fail;11/9/2025 7:08;Visa;Tabriz;1387769.0;47
success;26/9/2025 13:13;Visa;Karaj;200000.0;81
success;23/9/2025 8:59;Visa;tehr@n;-5000.0;39
success;26/9/2025 8:08;Amex;Mashhad;1578078.0;38
fail;2/9/2025 22:27;MasterCard;Mashhad;1050805.0;44
fail;14/9/2025 2:37;Discover;Tehran;100000.0;51
success;2/9/2025 3:27;Discover;Isfahan;343679.0;98
failed;29/9/2025 20:33;Visa;THR;471227.0;85
fail;4/9/2025 11:11;MasterCard;Tehran;-999999.0;26
success;17/9/2025 14:00;Visa;TEHRAN;-999999.0;36
fail;3/9/2025 20:20;MastCard;Shiraz;0.0;69
fail;13/9/2025 6:30;Visa;Isfahan;555555.0;98
success;9/9/2025 7:08;Master Card;Qom;0.0;1
success;7/9/2025 14:30;Visa;Tehran;300000.0;53
fail;15/9/2025 2:20;Master Card;Tabriz;200000.0;6
fail;23/9/2025 17:17;Vsa;Tabriz;1.0;37
FAIL;29/9/2025 11:11;MastCard;Isfahan;205000.0;2
failed;29/9/2025 14:30;nan;TEHRAN;9999999999.0;69
failed;11/9/2025 17:07;Visa;Isfahan;5000.0;91
success;20/9/2025 2:37;Visa;Mashhad;-999999.0;41
success;2/9/2025 2:24;Discover;Tehran;-5000.0;51
fail;15/9/2025 12:34;Discover;Karaj;1768588.0;47
fail;14/9/2025 14:00;Discover;Qom;1768588.0;13
fail;20/9/2025 23:17;Amex;Isfahan;250000.0;76
success;22/9/2025 21:21;Visa;tehr@n;850000.0;69
fail;11/9/2025 9:00;Discover;TEHRAN;-5000.0;66
failed;27/9/2025 2:37;Discover;Shiraz;-5000.0;59
fail;3/9/2025 4:04;Amex;TEHRAN;-5000.0;68
fail;17/9/2025 2:30;visa;Qom;1050805.0;59
fail;30/9/2025 20:20;MasterCard;karaj;0.0;92
success;12/9/2025 11:11;MasterCard;Isfahan;250000.0;10
fail;24/9/2025 11:11;Discover;Tehran;450000.0;13
fail;28/9/2025 9:00;Vsa;nan;1782689.0;2
fail;29/9/2025 18:45;Visa;Tehran;914465.0;91
success;21/9/2025 21:21;VISA;Tabriz;123456.0;15
success;15/9/2025 21:23;MasterCard;Tehran;205000.0;46
fail;16/9/2025 12:12;Discover;Isfahan;774681.0;57
success;5/9/2025 21:21;VISA;Tabriz;914465.0;10
success;27/9/2025 12:12;nan;Qom;471227.0;22
fail;20/9/2025 2:54;Amex;nan;1.0;90
failed;6/9/2025 14:00;Visa;Tehran;50200.0;79
success;19/9/2025 21:10;MastCard;Ahvaz;412308.0;77
fail;25/9/2025 19:29;Discover;Tehran;976246.0;8
Success;5/9/2025 8:59;Discover;Tehran;1050805.0;21
failed;3/9/2025 12:44;Visa;Shiraz;5000.0;85
succeed;27/9/2025 2:30;MasterCard;THR;1.0;22
success;1/9/2025 2:37;MastCard;Tehran;-999999.0;98
fail;26/9/2025 9:09;Discover;Isfahan;850000.0;45
fail;28/9/2025 19:51;nan;Tehran;545116.0;92
success;6/9/2025 6:06;Visa;TEHRAN;1578078.0;40
succeed;15/9/2025 18:00;Visa;Tabriz;443463.0;22
success;2/9/2025 9:00;Amex;Mashhad;976246.0;30
failed;29/9/2025 11:11;Master-Card;TEHRAN;120000.0;62
fail;3/9/2025 2:30;Master Card;Qom;120000.0;73
success;17/9/2025 8:08;MastCard;tehr@n;-5000.0;45
failed;25/9/2025 10:05;Visa;TEHRAN;9999999999.0;35
success;24/9/2025 2:54;VISA;Mashhad;100.5;82
succeed;12/9/2025 2:37;nan;Qom;177050.0;42
success;18/9/2025 13:10;Visa;Tabriz;-1.0;5
success;15/9/2025 23:59;Amex;nan;850000.0;27
success;12/9/2025 0:00;Amex;Tabriz;177050.0;70
failed;16/9/2025 13:10;MasterCard;Ahvaz;5000.0;62
success;27/9/2025 14:11;visa;Tabriz;-999999.0;32
fail;8/9/2025 21:23;Visa;Tabriz;585954.0;8
success;28/9/2025 11:11;Amex;Tehran;200000.0;85
success;14/9/2025 11:11;Visa;Qom;333333.0;18
fail;25/9/2025 6:30;MasterCard;Tabriz;100.5;78
success;17/9/2025 19:29;Vsa;Tehran;850000.0;15
fail;29/9/2025 9:00;Discover;Tabriz;120000.0;26
success;21/9/2025 2:20;Discover;Tabriz;585954.0;53
failed;8/9/2025 19:51;Master Card;Mashhad;200000.0;44
success;15/9/2025 11:11;MastCard;Isfahan;200000.0;32
failed;27/9/2025 7:08;Amex;Tehran;100.5;28
fail;14/9/2025 22:27;Visa;Qom;0.0;39
Success;18/9/2025 2:20;MasterCard;Ahvaz;1387769.0;32
fail;20/9/2025 17:17;Vsa;Qom;200000.0;77
fail;7/9/2025 20:33;Vsa;Tehran ;1305967.0;79
failed;3/9/2025 4:15;Discover;Tehran;9999999999.0;18
success;29/9/2025 13:13;Amex;karaj;1472823.0;70
fail;12/9/2025 4:04;Visa;Mashhad;1578078.0;11
succeed;21/9/2025 10:05;Visa;Mashhad;914465.0;32
success;24/9/2025 8:08;Amex;Mashhad;100.5;20
Success;28/9/2025 2:30;Visa;Tabriz;100000.0;98
success;26/9/2025 21:23;Visa;Tabriz;1768588.0;40
success;3/9/2025 10:05;MastCard;Shiraz;976246.0;8
success;20/9/2025 21:21;MasterCard;Tehran;-5000.0;35
fail;14/9/2025 13:13;Vsa;Qom;123456.0;69
success;15/9/2025 13:13;Amex;Karaj;-1.0;100
success;25/9/2025 8:08;MastCard;Isfahan;120000.0;78
fail;30/9/2025 19:51;Discover;Tabriz;914465.0;21
fail;14/9/2025 15:45;Discover;Tabriz;850000.0;24
fail;7/9/2025 4:04;Amex;Tehran;914282.0;17
failed;17/9/2025 12:34;Visa;Tehran;0.0;18
success;30/9/2025 17:17;Vsa;Tehran;1427657.0;99
success;12/9/2025 5:56;MasterCard;Tehran;-999999.0;12
Success;20/9/2025 2:37;Visa;Tabriz;100.5;16
success;4/9/2025 2:37;Amex;Tabriz;250000.0;4
succeed;9/9/2025 23:59;Master Card;nan;1782689.0;90
fail;6/9/2025 17:07;Visa;nan;200000.0;34
fail;16/9/2025 7:32;Visa;Tehran;5000.0;93
fail;25/9/2025 3:00;Vsa;Tabriz;900000.0;46
success;28/9/2025 9:00;Visa;Mashhad;-999999.0;75
failed;22/9/2025 14:11;Visa;Tehran;900000.0;77
success;22/9/2025 12:44;Discover;Mashhad;555555.0;31
fail;21/9/2025 3:27;MasterCard;Isfahan;205000.0;25
success;21/9/2025 12:34;Amex;Tabriz;774681.0;74
success;2/9/2025 13:13;MasterCard;karaj;450000.0;24
fail;24/9/2025 19:19;nan;karaj;1050805.0;65
success;8/9/2025 11:11;Vsa;ThRan;333333.0;25
Success;11/9/2025 0:00;visa;Tabriz;0.0;28
failed;13/9/2025 8:59;MasterCard;THR;1387769.0;36
success;17/9/2025 14:30;Visa;Qom;914465.0;82
fail;8/9/2025 7:08;Master Card;Qom;1502601.0;6
fail;21/9/2025 17:17;Visa;TEHRAN;914282.0;66
success;18/9/2025 14:30;Vsa;tehr@n;1578078.0;67
success;30/9/2025 23:59;Visa;Karaj;976246.0;72
fail;18/9/2025 2:54;MastCard;Isfahan;-5000.0;96
fail;14/9/2025 11:11;nan;Mashhad;100.5;48
Success;15/9/2025 0:00;Discover;Shiraz;583952.0;83
failed;6/9/2025 6:30;Discover;karaj;177050.0;70
success;11/9/2025 2:30;Visa;Shiraz;914282.0;78
fail;13/9/2025 13:10;MasterCard;Isfahan;0.0;67
fail;25/9/2025 19:29;Visa;Isfahan;1000.0;48
fail;1/9/2025 2:37;MastCard;Tehran;0.0;65
success;28/9/2025 13:13;Discover;TEHRAN;585954.0;44
fail;6/9/2025 19:51;Discover;Tehran;343679.0;95
failed;9/9/2025 8:08;MasterCard;Qom;-999999.0;63
succeed;8/9/2025 6:30;MasterCard;THR;-1.0;46
fail;11/9/2025 7:08;Visa;Isfahan;-5000.0;19
success;22/9/2025 14:11;MastCard;Ahvaz;1578078.0;64
success;19/9/2025 14:55;Master-Card;Ahvaz;914465.0;83
Success;24/9/2025 22:27;Discover;Tehran;650000.0;73
failed;9/9/2025 3:27;Visa;Isfahan;1387769.0;71
fail;17/9/2025 9:09;MastCard;Karaj;9999999999.0;50
fail;12/9/2025 11:11;Visa;Isfahan;99999.0;63
success;25/9/2025 18:12;Visa;Qom;12345.0;41
success;14/9/2025 12:34;Amex;Qom;200000.0;7
fail;15/9/2025 10:48;Discover;Tehran;1578078.0;9
success;16/9/2025 9:45;Visa;Isfahan;914282.0;4
success;22/9/2025 8:08;visa;Tehran;12345.0;90
fail;22/9/2025 15:45;Discover;Tehran;419089.0;49
failed;28/9/2025 20:33;Master-Card;Mashhad;1463119.0;76
fail;20/9/2025 7:08;Visa;Qom;-999999.0;6
success;1/9/2025 3:27;Vsa;Tehran;650000.0;82
success;10/9/2025 1:51;MasterCard;Ahvaz;177050.0;21
fail;8/9/2025 4:15;Visa;Isfahan;-5000.0;15
success;18/9/2025 5:23;MastCard;TEHRAN;343679.0;67
success;28/9/2025 21:21;Master-Card;Isfahan;177050.0;66
Success;1/9/2025 4:04;Visa;Tehran;9999999999.0;56
fail;2/9/2025 21:23;MastCard;Ahvaz;9999999999.0;68
success;1/9/2025 3:27;MasterCard;Qom;1000.0;32
success;1/9/2025 21:10;MastCard;Isfahan;9999999999.0;66
success;9/9/2025 19:40;MastCard;Isfahan;177050.0;29
failed;13/9/2025 1:01;Visa;Tehran;419089.0;66
fail;30/9/2025 13:10;Visa;Isfahan;1.0;34
fail;1/9/2025 14:11;MasterCard;Tehran;177050.0;27
success;13/9/2025 11:11;nan;Mashhad;343679.0;60
fail;20/9/2025 11:11;Discover;TEHRAN;0.0;39
failed;26/9/2025 2:37;Amex;Ahvaz;900000.0;44
success;22/9/2025 4:15;Visa;Tehran;1050805.0;82
success;7/9/2025 7:32;MastCard;THR;419089.0;36
failed;2/9/2025 2:54;Amex;Mashhad;0.0;19
success;6/9/2025 22:27;MastCard;Tehran;177050.0;92
success;7/9/2025 22:27;Master-Card;Ahvaz;177050.0;45
fail;26/9/2025 2:37;Visa;Tabriz;900000.0;84
fail;14/9/2025 13:13;Discover;Tabriz;100.5;21
fail;26/9/2025 10:05;visa;Tehran;120000.0;23
success;18/9/2025 23:17;Visa;Mashhad;1472823.0;95
success;15/9/2025 5:23;MastCard;Tehran;1578078.0;90
fail;2/9/2025 23:59;MastCard;Ahvaz;177050.0;96
success;10/9/2025 14:11;MastCard;Mashhad;900000.0;27
fail;23/9/2025 2:24;Visa;Mashhad;9999999999.0;99
Success;12/9/2025 2:37;Visa;Tehran;100.5;72
fail;17/9/2025 20:33;Amex;karaj;177050.0;19
failed;8/9/2025 23:59;Visa;Mashhad;1883871.0;41
success;11/9/2025 19:40;Amex;Isfahan;585954.0;26
success;29/9/2025 4:15;MasterCard;Ahvaz;177050.0;28
fail;3/9/2025 1:51;Discover;Tehran;-5000.0;64
FAIL;27/9/2025 20:20;Discover;Isfahan;0.0;68
fail;6/9/2025 12:44;Master Card;Qom;205000.0;96
success;9/9/2025 23:17;MasterCard;Mashhad;177050.0;80
succeed;6/9/2025 7:08;Amex;Tehran;443463.0;51
failed;9/9/2025 11:11;Master Card;Tabriz;177050.0;74
success;7/9/2025 12:12;Amex;Tabriz;1578078.0;48
succeed;9/9/2025 4:40;Master Card;nan;-5000.0;10
success;18/9/2025 16:16;Visa;Tabriz;120000.0;73
fail;12/9/2025 2:24;Vsa;Tabriz;976246.0;39
success;8/9/2025 8:08;Discover;karaj;585954.0;19
fail;8/9/2025 0:00;Vsa;Isfahan;471227.0;64
fail;18/9/2025 2:37;Master-Card;Isfahan;1387769.0;19
success;28/9/2025 7:08;Discover;Qom;1502601.0;76
success;30/9/2025 14:55;MasterCard;Qom;1768588.0;62
fail;20/9/2025 22:27;MastCard;Qom;177050.0;13
failed;30/9/2025 2:30;Visa;Tehran;-5000.0;25
fail;15/9/2025 14:55;MastCard;karaj;850000.0;90
succeed;27/9/2025 0:00;Visa;Tehran;123456.0;93
Success;7/9/2025 16:16;nan;Tabriz;100.5;42
Success;11/9/2025 6:30;Discover;Tehran;1782689.0;39
failed;20/9/2025 17:07;Amex;Ahvaz;450000.0;30
fail;16/9/2025 13:13;Visa;Qom;177050.0;5
success;4/9/2025 19:40;Discover;Ahvaz;1782689.0;81
fail;6/9/2025 8:08;MasterCard;Shiraz;0.0;18
fail;26/9/2025 18:12;MasterCard;Tehran;177050.0;21
success;22/9/2025 11:11;Visa;Tabriz;205000.0;87
fail;26/9/2025 9:09;Master-Card;Mashhad;100.5;50
FAIL;3/9/2025 1:51;Visa;Tabriz;1000.0;6
Success;9/9/2025 14:11;Vsa;Tabriz;1883871.0;50
fail;28/9/2025 1:01;MasterCard;THR;555555.0;80
success;10/9/2025 19:51;MasterCard;Ahvaz;0.0;66
success;14/9/2025 22:27;Visa;Isfahan;545116.0;1
failed;11/9/2025 12:12;Amex;Ahvaz;850000.0;57
success;18/9/2025 11:11;MasterCard;Shiraz;914282.0;30
fail;22/9/2025 8:08;Visa;Tehran;976246.0;58
success;12/9/2025 16:40;Discover;Isfahan;177050.0;52
success;23/9/2025 10:05;Visa;Tabriz;0.0;37
Success;12/9/2025 14:00;Visa;Tabriz;471227.0;48
fail;13/9/2025 10:48;Visa;Tabriz;1883871.0;88
fail;25/9/2025 16:16;Visa;tehr@n;-5000.0;1
failed;13/9/2025 4:04;MastCard;Mashhad;-999999.0;19
failed;19/9/2025 3:27;Discover;karaj;-5000.0;46
failed;26/9/2025 1:01;Discover;Tabriz;50200.0;67
success;19/9/2025 19:51;Visa;Tehran;12345.0;2
success;23/9/2025 9:00;Amex;THR;914465.0;56
success;14/9/2025 9:45;Discover;Mashhad;0.0;17
fail;4/9/2025 14:11;MastCard;TEHRAN;914465.0;93
success;13/9/2025 3:00;MastCard;Tehran;177050.0;82
fail;8/9/2025 5:56;Amex;TEHRAN;976246.0;98
fail;29/9/2025 7:08;Discover;Isfahan;650000.0;79
Success;23/9/2025 1:51;MasterCard;Tehran;200000.0;22
fail;21/9/2025 13:10;Discover;Karaj;419089.0;27
Success;23/9/2025 14:00;Master-Card;Ahvaz;0.0;55
fail;19/9/2025 10:05;MastCard;Tehran;0.0;32
fail;12/9/2025 12:44;MasterCard;ThRan;120000.0;60
success;18/9/2025 16:16;VISA;Karaj;412308.0;83
success;6/9/2025 14:11;Amex;Tabriz;-999999.0;28
success;18/9/2025 13:13;Discover;Tehran;177050.0;28
failed;19/9/2025 8:08;Visa;Isfahan;333333.0;74
fail;22/9/2025 1:01;MasterCard;Tabriz;774681.0;84
Success;5/9/2025 12:34;Master-Card;Mashhad;-5000.0;25
fail;24/9/2025 2:37;Master-Card;Ahvaz;9999999999.0;85
failed;9/9/2025 19:51;Amex;Shiraz;0.0;78
fail;27/9/2025 0:00;Discover;Isfahan;471227.0;87
failed;3/9/2025 23:17;Amex;Tehran;452545.0;26
success;28/9/2025 3:27;MastCard;tehr@n;1305967.0;75
fail;10/9/2025 7:08;MasterCard;Tabriz;1768588.0;71
Success;19/9/2025 10:48;MasterCard;Tabriz;976246.0;17
fail;3/9/2025 2:24;MastCard;Shiraz;1387769.0;82
fail;29/9/2025 19:51;Master-Card;Ahvaz;-5000.0;7
failed;29/9/2025 14:55;Vsa;ThRan;419089.0;56
fail;22/9/2025 1:01;Visa;Tehran ;1768588.0;64
fail;15/9/2025 19:19;Visa;TEHRAN;1883871.0;20
success;1/9/2025 13:10;Master-Card;Isfahan;1387769.0;38
failed;7/9/2025 7:08;Vsa;Tehran;412308.0;75
fail;12/9/2025 11:11;Discover;Qom;1502601.0;58
success;17/9/2025 9:00;Amex;Tehran;200000.0;16
success;30/9/2025 12:12;Master-Card;Tehran;100.5;51
failed;21/9/2025 20:20;nan;Tehran;1463119.0;27
Success;26/9/2025 19:29;Vsa;Tehran;555555.0;51
success;29/9/2025 5:56;Visa;Mashhad;555555.0;75
success;24/9/2025 12:34;MastCard;Isfahan;914282.0;16
success;20/9/2025 19:40;Visa;Isfahan;1472823.0;88
fail;5/9/2025 18:12;Master-Card;karaj;1782689.0;60
success;4/9/2025 9:45;Visa;Shiraz;1387769.0;76
succeed;28/9/2025 0:00;Amex;tehr@n;1463119.0;40
success;12/9/2025 20:20;Amex;Mashhad;0.0;67
fail;30/9/2025 19:19;Vsa;Tabriz;99999.0;2
success;20/9/2025 19:29;Amex;Tehran;914465.0;48
success;28/9/2025 3:27;Visa;Shiraz;452545.0;52
success;24/9/2025 16:40;MastCard;karaj;471227.0;24
success;18/9/2025 14:00;Discover;Tehran;0.0;94
success;17/9/2025 20:33;Discover;THR;0.0;99
fail;19/9/2025 12:12;visa;Mashhad;1782689.0;84
Success;9/9/2025 14:55;Amex;Tehran;1883871.0;82
success;4/9/2025 13:13;MastCard;Shiraz;1000.0;78
fail;26/9/2025 19:29;MasterCard;Mashhad;205000.0;82
fail;21/9/2025 6:30;Vsa;Tehran;-999999.0;2
Success;2/9/2025 3:00;MastCard;Isfahan;0.0;65
failed;4/9/2025 14:11;Amex;Ahvaz;1502601.0;20
success;2/9/2025 3:27;visa;Qom;9999999999.0;34
fail;15/9/2025 22:27;MasterCard;Tabriz;850000.0;41
fail;2/9/2025 11:11;MastCard;TEHRAN;343679.0;41
fail;4/9/2025 20:33;Vsa;Tabriz;1.0;75
success;6/9/2025 19:51;Discover;Tabriz;63489.0;92
success;7/9/2025 8:08;MasterCard;Isfahan;545116.0;23
success;10/9/2025 6:06;VISA;TEHRAN;545116.0;38
success;19/9/2025 21:23;Visa;Mashhad;-999999.0;44
fail;19/9/2025 7:08;Discover;Karaj;-5000.0;67
fail;26/9/2025 19:51;MasterCard;Tehran ;583952.0;62
fail;22/9/2025 20:33;Visa;Ahvaz;443463.0;12
fail;29/9/2025 1:01;Master-Card;Tehran;100.5;30
fail;12/9/2025 19:29;Discover;Ahvaz;99999.0;96
success;3/9/2025 19:19;Discover;Ahvaz;0.0;88
failed;13/9/2025 12:12;Vsa;Tabriz;-999999.0;65
success;18/9/2025 13:13;Discover;Tabriz;650000.0;41
failed;8/9/2025 21:23;Amex;Karaj;976246.0;20
success;21/9/2025 13:13;Vsa;Tabriz;100000.0;6
success;15/9/2025 12:12;Vsa;Tabriz;1387769.0;75
fail;1/9/2025 19:40;Vsa;Karaj;1427657.0;100
succeed;3/9/2025 14:30;Visa;THR;450000.0;4
fail;26/9/2025 10:05;Visa;Tehran;0.0;94
fail;8/9/2025 10:48;Discover;Mashhad;583952.0;10
fail;4/9/2025 19:29;Visa;Shiraz;443463.0;51
FAIL;16/9/2025 12:12;MasterCard;Shiraz;200000.0;94
succeed;30/9/2025 0:00;MasterCard;nan;1305967.0;38
failed;23/9/2025 4:04;Amex;Karaj;0.0;1
success;10/9/2025 2:30;Discover;Shiraz;471227.0;8
success;12/9/2025 2:30;MasterCard;ThRan;12345.0;81
FAIL;14/9/2025 5:23;Discover;Tehran;-5000.0;83
success;14/9/2025 7:32;Visa;Tehran;177050.0;63
Success;2/9/2025 4:04;Amex;Qom;0.0;33
fail;23/9/2025 21:10;MastCard;Isfahan;1463119.0;15
fail;5/9/2025 12:44;Vsa;Tehran;1472823.0;31
failed;5/9/2025 16:40;Master-Card;Tabriz;-999999.0;21
fail;6/9/2025 14:11;MastCard;Shiraz;914465.0;3
Success;13/9/2025 12:12;MastCard;THR;1768588.0;66
success;9/9/2025 4:15;Visa;Tehran;177050.0;35
Success;30/9/2025 14:00;Visa;Qom;1427657.0;41
fail;22/9/2025 1:51;Vsa;Tabriz;914282.0;59
success;28/9/2025 14:30;Discover;Shiraz;450000.0;16
success;29/9/2025 8:08;Discover;Qom;177050.0;56
success;15/9/2025 11:11;Visa;TEHRAN;774681.0;45
success;14/9/2025 7:08;Visa;Tehran;1768588.0;59
FAIL;24/9/2025 14:11;Vsa;Mashhad;0.0;50
success;7/9/2025 0:00;Discover;Tehran;774681.0;85
fail;25/9/2025 10:48;MasterCard;Qom;343679.0;12
Success;20/9/2025 9:09;Visa;THR;-999999.0;93
fail;2/9/2025 10:05;MastCard;TEHRAN;9999999999.0;12
fail;7/9/2025 19:51;MastCard;Isfahan;300000.0;33
fail;6/9/2025 13:13;Discover;karaj;177050.0;84
failed;17/9/2025 19:40;Vsa;Tabriz;976246.0;49
fail;27/9/2025 2:30;Discover;Tehran;585954.0;21
fail;25/9/2025 14:00;MastCard;THR;1782689.0;60
Success;25/9/2025 23:59;MastCard;Tehran;100.5;52
failed;28/9/2025 5:23;VISA;Tehran;-5000.0;54
fail;2/9/2025 6:06;Visa;Isfahan;976246.0;39
success;3/9/2025 1:01;Visa;Isfahan;774681.0;49
Success;5/9/2025 13:13;Discover;Tehran;100.5;64
fail;5/9/2025 2:30;Visa;karaj;333333.0;87
failed;1/9/2025 20:20;Visa;Isfahan;1578078.0;26
success;8/9/2025 1:01;Discover;Mashhad;452545.0;71
success;12/9/2025 13:10;MasterCard;Tabriz;1050805.0;7
success;24/9/2025 20:33;Master-Card;Mashhad;545116.0;72
success;4/9/2025 6:30;Visa;Ahvaz;583952.0;62
fail;13/9/2025 10:48;VISA;TEHRAN;914282.0;91
success;23/9/2025 3:00;Vsa;Tehran ;300000.0;89
fail;15/9/2025 11:11;Master-Card;Isfahan;-5000.0;24
success;11/9/2025 3:27;nan;nan;177050.0;40
fail;10/9/2025 19:19;MastCard;Tabriz;63489.0;76
failed;3/9/2025 0:00;Vsa;Tehran;100.5;47
fail;22/9/2025 7:07;MasterCard;Ahvaz;-5000.0;8
success;14/9/2025 3:27;MasterCard;Tehran;-5000.0;54
success;16/9/2025 2:24;nan;Tehran;900000.0;9
success;10/9/2025 21:10;Discover;TEHRAN;976246.0;3
success;29/9/2025 21:23;Visa;Ahvaz;-5000.0;54
failed;10/9/2025 8:08;MastCard;Tehran;0.0;21
fail;12/9/2025 2:24;Amex;Ahvaz;-5000.0;96
fail;30/9/2025 3:00;Vsa;karaj;1578078.0;48
success;9/9/2025 6:06;Visa;TEHRAN;12345.0;47
Success;1/9/2025 10:48;Amex;Qom;123456.0;89
fail;5/9/2025 14:11;Discover;Karaj;100.5;68
fail;20/9/2025 16:16;Master-Card;Ahvaz;1782689.0;84
fail;8/9/2025 21:10;Visa;Karaj;0.0;63
success;11/9/2025 23:17;Vsa;Shiraz;1305967.0;16
fail;12/9/2025 3:27;Visa;Qom;1883871.0;74
failed;1/9/2025 19:19;Visa;Mashhad;0.0;91
fail;25/9/2025 18:12;Discover;nan;333333.0;94
fail;22/9/2025 14:55;Discover;Isfahan;250000.0;5
fail;20/9/2025 5:56;Amex;Tehran;63489.0;11
success;28/9/2025 13:13;Visa;Ahvaz;99999.0;29
success;25/9/2025 4:15;MasterCard;Tabriz;200000.0;79
fail;11/9/2025 18:12;Visa;Mashhad;471227.0;70
Success;5/9/2025 2:37;Master-Card;Tehran;333333.0;48
fail;15/9/2025 5:23;Visa;Shiraz;0.0;15
success;5/9/2025 23:59;Discover;tehr@n;545116.0;84
success;12/9/2025 9:00;Amex;Karaj;-5000.0;34
fail;5/9/2025 13:13;nan;Tabriz;100.5;60
failed;17/9/2025 19:29;Master-Card;Tehran ;450000.0;62
failed;17/9/2025 14:00;Master-Card;Tabriz;1782689.0;2
fail;24/9/2025 14:11;Visa;Isfahan;1387769.0;80
success;12/9/2025 18:00;Vsa;Mashhad;-5000.0;19
fail;24/9/2025 17:17;Vsa;nan;450000.0;99
success;28/9/2025 4:40;Master-Card;Tehran;585954.0;49
fail;15/9/2025 13:13;Discover;Karaj;-5000.0;78
failed;15/9/2025 17:17;nan;Isfahan;976246.0;89
fail;6/9/2025 20:20;MasterCard;Tehran;471227.0;28
fail;12/9/2025 16:40;Amex;tehr@n;-999999.0;48
fail;27/9/2025 5:23;MasterCard;Qom;585954.0;97
fail;29/9/2025 15:45;MasterCard;Ahvaz;0.0;37
success;20/9/2025 0:00;Amex;Tabriz;443463.0;74
fail;18/9/2025 12:34;Discover;Ahvaz;120000.0;49
success;14/9/2025 17:17;Vsa;karaj;1050805.0;48
fail;2/9/2025 14:30;Amex;Isfahan;0.0;73
success;9/9/2025 16:40;MastCard;Qom;419089.0;89
success;5/9/2025 2:30;Visa;Tehran ;343679.0;29
succeed;20/9/2025 19:40;VISA;karaj;100.5;60
succeed;26/9/2025 2:20;Amex;Mashhad;1578078.0;29
failed;29/9/2025 17:17;Visa;Shiraz;1883871.0;58
success;1/9/2025 4:04;MastCard;Ahvaz;1472823.0;48
fail;23/9/2025 5:56;Visa;Tehran;850000.0;23
success;3/9/2025 11:11;Visa;Qom;99999.0;27
Success;6/9/2025 3:27;MasterCard;ThRan;583952.0;96
fail;5/9/2025 0:00;Amex;tehr@n;9999999999.0;7
success;21/9/2025 12:34;Visa;karaj;650000.0;49
fail;27/9/2025 21:10;Discover;Tehran;100.5;54
success;5/9/2025 4:04;Master Card;nan;1387769.0;68
success;1/9/2025 12:34;Discover;Shiraz;-5000.0;78
success;17/9/2025 4:40;Visa;Tabriz;914465.0;42
success;19/9/2025 14:30;visa;Shiraz;12345.0;74
FAIL;14/9/2025 1:51;Discover;THR;1472823.0;59
success;12/9/2025 20:33;MastCard;Tehran;450000.0;44
failed;10/9/2025 1:51;Visa;TEHRAN;1782689.0;99
fail;20/9/2025 20:20;Amex;TEHRAN;555555.0;26
success;21/9/2025 6:06;Discover;Tehran;1578078.0;23
success;18/9/2025 23:17;VISA;TEHRAN;100000.0;73
fail;24/9/2025 13:13;MasterCard;tehr@n;250000.0;8
fail;27/9/2025 20:33;Amex;Tehran;1000.0;53
success;11/9/2025 3:27;Master Card;Tabriz;-5000.0;14
success;30/9/2025 3:27;visa;Isfahan;850000.0;71
success;2/9/2025 13:13;Visa;Isfahan;12345.0;7
fail;25/9/2025 4:15;Vsa;Ahvaz;200000.0;9
fail;18/9/2025 13:13;Discover;Isfahan;200000.0;3
success;29/9/2025 10:05;Amex;tehr@n;-999999.0;78
fail;25/9/2025 6:06;Discover;nan;0.0;17
fail;7/9/2025 7:08;MasterCard;Tabriz;5000.0;44
fail;24/9/2025 5:23;Visa;Mashhad;1158713.0;87
fail;15/9/2025 14:55;Amex;Qom;900000.0;46
fail;11/9/2025 20:20;Amex;Qom;1472823.0;91
fail;18/9/2025 12:12;Visa;Isfahan;1472823.0;58
fail;23/9/2025 1:01;MasterCard;Tehran;343679.0;28
success;12/9/2025 17:17;VISA;Tehran;100.5;14
fail;6/9/2025 1:01;MastCard;Tehran;205000.0;9
success;20/9/2025 14:02;MasterCard;TEHRAN;0.0;26
Success;23/9/2025 14:11;nan;Tabriz;914282.0;2
failed;30/9/2025 2:30;Amex;Tehran;471227.0;75
fail;13/9/2025 10:05;Visa;Shiraz;0.0;81
Success;20/9/2025 21:23;Amex;Tehran;-999999.0;34
fail;16/9/2025 20:33;Visa;Tehran;650000.0;19
fail;18/9/2025 8:08;MastCard;Shiraz;50200.0;39
succeed;10/9/2025 13:13;VISA;Qom;1000.0;82
failed;28/9/2025 13:10;Discover;Tehran;-5000.0;13
success;23/9/2025 4:04;MasterCard;Mashhad;583952.0;5
success;8/9/2025 12:34;MasterCard;Isfahan;0.0;50
success;18/9/2025 7:32;Discover;Qom;545116.0;23
fail;21/9/2025 7:08;Vsa;Karaj;450000.0;89
fail;1/9/2025 7:07;Amex;Tabriz;1768588.0;29
success;23/9/2025 14:11;Visa;Isfahan;200000.0;72
Success;8/9/2025 3:27;Vsa;Ahvaz;12345.0;26
fail;29/9/2025 8:59;Visa;TEHRAN;1578078.0;79
success;6/9/2025 19:29;VISA;TEHRAN;0.0;57
fail;5/9/2025 3:27;Discover;Mashhad;0.0;1
success;15/9/2025 19:51;Amex;Mashhad;900000.0;28
success;22/9/2025 12:34;Visa;Mashhad;-5000.0;62
success;15/9/2025 8:08;Discover;THR;914282.0;47
fail;2/9/2025 22:27;Vsa;karaj;177050.0;78
success;1/9/2025 2:37;MasterCard;Tabriz;-5000.0;99
success;23/9/2025 2:37;Master-Card;Tehran;412308.0;59
fail;23/9/2025 7:32;Amex;Isfahan;0.0;31
fail;26/9/2025 19:19;nan;Tabriz;177050.0;70
success;11/9/2025 22:27;visa;tehr@n;555555.0;49
success;10/9/2025 12:44;MasterCard;Tabriz;471227.0;5
fail;30/9/2025 13:13;Amex;Tehran;-5000.0;31
success;18/9/2025 7:32;Vsa;TEHRAN;333333.0;37
Success;18/9/2025 4:04;Visa;Tehran;250000.0;79
fail;17/9/2025 4:15;Master-Card;Tabriz;205000.0;15
success;26/9/2025 14:00;Amex;Isfahan;545116.0;52
fail;8/9/2025 23:59;MastCard;Qom;585954.0;69
fail;15/9/2025 21:10;Visa;Tabriz;1578078.0;93
fail;8/9/2025 6:06;MastCard;Mashhad;0.0;98
success;17/9/2025 16:40;Discover;Tehran;583952.0;11
failed;12/9/2025 17:17;Vsa;Qom;5000.0;43
fail;27/9/2025 14:55;MasterCard;Isfahan;471227.0;70
success;8/9/2025 9:45;Discover;THR;583952.0;23
success;25/9/2025 21:21;Master Card;Isfahan;443463.0;40
fail;14/9/2025 19:19;MastCard;Isfahan;900000.0;63
success;4/9/2025 8:08;visa;Qom;1502601.0;2
failed;1/9/2025 11:11;Discover;Tehran;-1.0;79
failed;1/9/2025 2:30;Amex;Tehran;0.0;88
failed;19/9/2025 14:02;Amex;Ahvaz;-999999.0;87
fail;16/9/2025 21:23;MastCard;Tabriz;914465.0;73
failed;14/9/2025 6:06;Visa;Karaj;650000.0;47
fail;21/9/2025 19:51;Discover;Tehran;250000.0;30
success;16/9/2025 12:12;nan;karaj;585954.0;16
Success;5/9/2025 12:12;MasterCard;ThRan;-1.0;59
fail;9/9/2025 11:11;VISA;Isfahan;1883871.0;47
success;26/9/2025 23:59;Visa;Mashhad;585954.0;30
success;30/9/2025 10:48;visa;Isfahan;9999999999.0;9
success;28/9/2025 10:48;MastCard;TEHRAN;-999999.0;65
fail;2/9/2025 8:08;Vsa;Tehran;585954.0;59
FAIL;18/9/2025 9:09;MasterCard;Shiraz;650000.0;64
success;6/9/2025 4:04;Master-Card;Shiraz;0.0;8
fail;9/9/2025 7:08;Amex;Isfahan;100.5;52
fail;1/9/2025 9:45;MastCard;Tabriz;914465.0;18
success;9/9/2025 14:11;Visa;Tabriz;-999999.0;92
fail;25/9/2025 23:59;Amex;Ahvaz;-999999.0;82
fail;16/9/2025 9:00;Master-Card;Tehran;0.0;97
success;13/9/2025 10:05;Visa;Qom;850000.0;58
success;9/9/2025 21:21;MastCard;Tabriz;1050805.0;49
success;21/9/2025 12:34;Visa;Tabriz;1883871.0;32
fail;13/9/2025 16:16;nan;Mashhad;9999999999.0;48
success;9/9/2025 18:00;visa;TEHRAN;9999999999.0;45
FAIL;11/9/2025 8:08;Discover;Shiraz;177050.0;54
fail;4/9/2025 2:20;Visa;Ahvaz;100000.0;85
success;2/9/2025 2:54;Amex;Qom;1.0;46
Success;29/9/2025 2:30;Visa;Karaj;555555.0;97
success;6/9/2025 2:20;MasterCard;Isfahan;0.0;31
success;14/9/2025 18:00;Discover;TEHRAN;0.0;37
fail;4/9/2025 23:59;MasterCard;Mashhad;9999999999.0;16
success;6/9/2025 23:59;Visa;Qom;585954.0;46
success;19/9/2025 1:01;Visa;Mashhad;-5000.0;46
success;6/9/2025 0:00;Visa;Tabriz;50200.0;78
succeed;2/9/2025 20:33;Amex;Tabriz;100.5;89
fail;18/9/2025 7:07;Amex;Tehran;250000.0;90
fail;13/9/2025 11:11;Discover;Karaj;850000.0;61
fail;9/9/2025 14:02;Amex;Tabriz;0.0;46
success;23/9/2025 14:00;Master-Card;Isfahan;900000.0;51
fail;19/9/2025 15:45;Discover;TEHRAN;419089.0;62
success;13/9/2025 1:51;Vsa;Qom;443463.0;35
fail;11/9/2025 17:17;Amex;Tehran;471227.0;81
success;1/9/2025 19:19;Visa;Ahvaz;1000.0;42
fail;24/9/2025 14:30;Discover;Tabriz;0.0;45
failed;30/9/2025 7:08;MasterCard;Qom;1050805.0;68
success;22/9/2025 5:23;MastCard;Mashhad;0.0;75
Success;7/9/2025 16:16;Discover;Tabriz;1463119.0;47
success;25/9/2025 14:11;visa;Tehran;0.0;79
fail;21/9/2025 18:00;MastCard;Tabriz;0.0;30
fail;15/9/2025 23:59;Discover;Tehran;1.0;24
succeed;1/9/2025 18:45;Visa;Tabriz;976246.0;66
success;12/9/2025 2:24;Visa;nan;100.5;43
fail;26/9/2025 8:08;MasterCard;Isfahan;555555.0;34
success;7/9/2025 7:08;MasterCard;THR;0.0;23
success;15/9/2025 12:12;Vsa;Qom;-5000.0;61
fail;21/9/2025 0:00;MastCard;Shiraz;-5000.0;96
fail;19/9/2025 10:48;Visa;Tehran;12345.0;37
failed;28/9/2025 6:06;Amex;Tabriz;1768588.0;13
fail;29/9/2025 2:24;Visa;Mashhad;1782689.0;98
fail;25/9/2025 6:30;MasterCard;THR;-5000.0;71
fail;1/9/2025 2:37;MastCard;Tehran;200000.0;97
fail;17/9/2025 20:20;MasterCard;Mashhad;774681.0;7
success;17/9/2025 14:30;Vsa;Tehran;914465.0;42
fail;3/9/2025 3:27;VISA;Mashhad;914282.0;38
fail;12/9/2025 8:08;Amex;Shiraz;63489.0;52
Success;6/9/2025 18:12;Visa;Karaj;976246.0;44
fail;26/9/2025 0:00;Discover;Tehran;1782689.0;64
fail;11/9/2025 13:10;Visa;Tehran;250000.0;13
success;3/9/2025 12:12;Amex;Mashhad;1.0;89
success;8/9/2025 11:11;Vsa;nan;333333.0;28
failed;14/9/2025 2:20;Amex;Isfahan;99999.0;97
fail;14/9/2025 11:11;Vsa;Isfahan;976246.0;82
failed;10/9/2025 14:00;Vsa;Isfahan;1427657.0;99
success;2/9/2025 18:12;Master-Card;Tehran;200000.0;99
success;14/9/2025 2:30;Discover;Ahvaz;-5000.0;1
fail;9/9/2025 14:02;Master-Card;Tabriz;1768588.0;43
fail;3/9/2025 19:51;Amex;Karaj;1502601.0;42
success;21/9/2025 7:07;Discover;Mashhad;-5000.0;96
failed;26/9/2025 0:00;visa;Shiraz;850000.0;50
success;8/9/2025 1:01;Master Card;Tehran;0.0;60
fail;16/9/2025 5:56;Amex;TEHRAN;0.0;1
fail;2/9/2025 3:00;Vsa;Tabriz;1883871.0;51
success;6/9/2025 2:30;Discover;Shiraz;1387769.0;16
success;28/9/2025 7:08;MasterCard;Ahvaz;100000.0;39
fail;21/9/2025 2:20;Visa;Qom;0.0;15
fail;29/9/2025 17:17;MasterCard;Isfahan;50200.0;33
success;26/9/2025 4:40;MasterCard;Tehran ;1578078.0;88
success;25/9/2025 16:16;Visa;Tabriz;-5000.0;53
success;12/9/2025 12:12;MastCard;tehr@n;1472823.0;99
failed;5/9/2025 3:27;Visa;Tehran;850000.0;17
success;2/9/2025 22:27;Visa;Isfahan;1782689.0;90
fail;16/9/2025 11:11;Discover;Tehran;850000.0;6
success;5/9/2025 23:59;MasterCard;Tehran;0.0;31
succeed;15/9/2025 3:27;Discover;Tabriz;205000.0;69
failed;12/9/2025 20:20;Discover;Tehran;452545.0;40
failed;4/9/2025 11:11;Discover;ThRan;914465.0;30
fail;15/9/2025 9:09;Visa;Ahvaz;471227.0;69
success;11/9/2025 1:51;MasterCard;Tehran;0.0;76
failed;16/9/2025 2:30;Master-Card;Tabriz;5000.0;7
success;23/9/2025 23:17;Visa;Shiraz;650000.0;13
fail;6/9/2025 7:08;MastCard;Isfahan;419089.0;4
Success;14/9/2025 21:21;Visa;karaj;545116.0;50
success;18/9/2025 4:40;Discover;Mashhad;419089.0;3
fail;12/9/2025 1:51;Discover;Shiraz;200000.0;12
fail;27/9/2025 3:27;nan;Qom;9999999999.0;65
success;11/9/2025 5:56;MasterCard;Shiraz;100000.0;27
success;13/9/2025 21:21;MastCard;Tabriz;850000.0;50
fail;21/9/2025 20:33;Amex;Isfahan;99999.0;77
success;23/9/2025 2:20;Visa;Tehran;914465.0;17
failed;11/9/2025 5:23;Master Card;Qom;1578078.0;72
success;23/9/2025 8:08;Discover;Mashhad;0.0;32
fail;16/9/2025 17:07;Visa;Ahvaz;-5000.0;84
success;15/9/2025 5:56;Discover;Tabriz;471227.0;51
fail;21/9/2025 21:23;Discover;Isfahan;1463119.0;17
fail;28/9/2025 20:33;Visa;Tehran;1578078.0;34
fail;15/9/2025 14:30;Amex;Shiraz;0.0;35
failed;25/9/2025 1:51;Discover;karaj;443463.0;100
fail;4/9/2025 2:30;Amex;Ahvaz;343679.0;24
fail;11/9/2025 6:06;Visa;tehr@n;-5000.0;54
fail;19/9/2025 1:01;visa;Tehran ;1578078.0;18
success;15/9/2025 4:15;Visa;Ahvaz;0.0;50
Success;4/9/2025 11:11;Amex;Tabriz;0.0;46
Success;21/9/2025 1:51;MastCard;Tabriz;1782689.0;48
fail;13/9/2025 17:07;Visa;Mashhad;9999999999.0;33
fail;22/9/2025 18:00;Visa;nan;9999999999.0;88
fail;19/9/2025 0:00;Visa;Isfahan;-5000.0;90
failed;2/9/2025 4:04;Discover;Tehran;1427657.0;27
fail;14/9/2025 20:20;Visa;tehr@n;471227.0;1
fail;29/9/2025 4:15;MastCard;Isfahan;123456.0;85
success;4/9/2025 2:37;MasterCard;Karaj;177050.0;59
fail;16/9/2025 5:56;MasterCard;Ahvaz;1782689.0;10
fail;21/9/2025 20:33;Visa;karaj;1472823.0;96
fail;20/9/2025 6:30;Master-Card;karaj;9999999999.0;25
fail;14/9/2025 14:11;Visa;karaj;100.5;84
success;27/9/2025 10:48;Discover;Shiraz;5000.0;57
FAIL;29/9/2025 2:37;Visa;Isfahan;100.5;66
fail;15/9/2025 21:10;Visa;Shiraz;583952.0;15
fail;28/9/2025 10:05;Amex;karaj;1502601.0;28
Success;3/9/2025 16:40;MastCard;Isfahan;1305967.0;13
failed;8/9/2025 9:45;MastCard;Tabriz;100.5;14
fail;16/9/2025 13:10;Amex;Isfahan;900000.0;66
success;10/9/2025 2:37;Master Card;Qom;976246.0;34
fail;4/9/2025 14:30;MasterCard;Tehran;1883871.0;100
success;30/9/2025 3:27;MasterCard;Ahvaz;63489.0;25
FAIL;18/9/2025 12:12;Discover;Tehran;0.0;54
success;2/9/2025 3:27;Visa;Tehran;850000.0;79
success;17/9/2025 1:01;Amex;Tehran;-999999.0;12
fail;13/9/2025 2:24;Discover;Qom;471227.0;9
success;4/9/2025 2:54;MasterCard;Tabriz;0.0;31
success;26/9/2025 14:00;Visa;Isfahan;99999.0;78
success;25/9/2025 14:11;Vsa;tehr@n;0.0;94
fail;30/9/2025 19:51;visa;karaj;914282.0;53
success;11/9/2025 3:27;Discover;THR;1463119.0;43
success;7/9/2025 6:06;Vsa;Qom;343679.0;38
fail;12/9/2025 3:27;Master-Card;THR;450000.0;42
fail;10/9/2025 20:33;visa;Ahvaz;0.0;72
fail;7/9/2025 7:08;Discover;tehr@n;1.0;48
success;13/9/2025 19:19;MastCard;Tehran;1387769.0;67
success;7/9/2025 10:48;Visa;Tehran;9999999999.0;66
failed;24/9/2025 0:00;Amex;Tehran;0.0;16
fail;17/9/2025 7:08;MastCard;TEHRAN;-5000.0;83
Success;10/9/2025 4:40;MastCard;Qom;300000.0;95
success;29/9/2025 1:01;Visa;Isfahan;1578078.0;16
fail;10/9/2025 13:13;Master-Card;Mashhad;343679.0;31
fail;24/9/2025 18:45;MasterCard;karaj;200000.0;58
fail;4/9/2025 3:00;Visa;TEHRAN;100.5;28
Success;20/9/2025 15:45;MasterCard;Karaj;177050.0;4
fail;4/9/2025 10:48;Master-Card;Ahvaz;976246.0;10
fail;22/9/2025 2:30;VISA;Tabriz;1463119.0;51
fail;7/9/2025 8:59;MastCard;Mashhad;50200.0;18
failed;22/9/2025 11:11;Visa;THR;-5000.0;47
fail;1/9/2025 14:30;Visa;Ahvaz;0.0;32
fail;12/9/2025 11:11;Visa;Karaj;443463.0;30
success;24/9/2025 14:11;Visa;Tehran;583952.0;36
success;13/9/2025 4:04;Discover;Tehran;343679.0;9
success;10/9/2025 21:21;Discover;Tehran;914465.0;36
success;15/9/2025 14:00;Visa;Qom;250000.0;29
failed;27/9/2025 18:00;Master-Card;Qom;-5000.0;16
failed;13/9/2025 12:12;Amex;tehr@n;250000.0;93
failed;23/9/2025 9:00;Vsa;Karaj;177050.0;21
fail;22/9/2025 1:01;Discover;Tabriz;1578078.0;64
failed;22/9/2025 14:00;MasterCard;Tehran;50200.0;66
fail;21/9/2025 20:33;Discover;THR;5000.0;59
fail;22/9/2025 5:23;MasterCard;Mashhad;1578078.0;100
Success;28/9/2025 6:30;Amex;Shiraz;0.0;28
failed;9/9/2025 21:23;MasterCard;Qom;1578078.0;55
success;26/9/2025 12:12;Vsa;Tehran;1463119.0;31
failed;9/9/2025 2:54;Master-Card;Tehran;850000.0;33
succeed;15/9/2025 10:48;MasterCard;Isfahan;1578078.0;88
success;10/9/2025 23:59;Discover;Isfahan;1578078.0;60
success;24/9/2025 21:23;Master Card;Shiraz;900000.0;41
success;26/9/2025 14:55;MastCard;Shiraz;1463119.0;81
fail;25/9/2025 2:20;Amex;Tehran ;585954.0;46
fail;29/9/2025 23:17;MastCard;THR;-999999.0;49
success;10/9/2025 13:10;Visa;Mashhad;471227.0;65
fail;8/9/2025 2:20;Visa;Mashhad;-999999.0;42
fail;24/9/2025 4:40;Visa;Shiraz;419089.0;23
fail;16/9/2025 5:23;Visa;Tehran;200000.0;27
fail;17/9/2025 17:07;MasterCard;nan;976246.0;90
FAIL;26/9/2025 11:11;Visa;Mashhad;205000.0;32
success;27/9/2025 19:51;Master-Card;TEHRAN;0.0;83
success;5/9/2025 23:17;Amex;Tehran ;583952.0;89
FAIL;4/9/2025 21:23;Discover;Qom;443463.0;3
failed;18/9/2025 14:00;Visa;Tehran;-5000.0;60
success;24/9/2025 14:11;Amex;Qom;1387769.0;76
failed;19/9/2025 7:08;Visa;Qom;177050.0;100
success;4/9/2025 9:45;MastCard;Ahvaz;100000.0;79
fail;28/9/2025 19:40;Vsa;Tehran;774681.0;17
fail;7/9/2025 16:16;MasterCard;Mashhad;1.0;32
success;10/9/2025 20:20;Visa;TEHRAN;177050.0;7
success;25/9/2025 2:24;Vsa;nan;100.5;83
success;18/9/2025 12:12;Discover;Tehran;0.0;71
success;19/9/2025 3:27;Visa;THR;177050.0;69
fail;4/9/2025 22:27;MasterCard;Tehran;850000.0;58
fail;10/9/2025 19:29;nan;karaj;205000.0;40
success;1/9/2025 11:11;Discover;Tabriz;0.0;85
fail;23/9/2025 6:06;Master-Card;Tehran ;1782689.0;48
success;18/9/2025 16:16;Visa;Karaj;419089.0;51
success;5/9/2025 6:06;Visa;Isfahan;333333.0;57
success;15/9/2025 13:13;MastCard;Tabriz;1782689.0;71
fail;17/9/2025 12:44;Visa;Tabriz;1578078.0;37
success;3/9/2025 14:11;Discover;Karaj;50200.0;88
failed;12/9/2025 13:13;Visa;TEHRAN;1387769.0;75
succeed;2/9/2025 5:56;Discover;Ahvaz;1768588.0;74
failed;1/9/2025 16:16;Discover;karaj;1578078.0;85
success;23/9/2025 12:44;MastCard;Ahvaz;419089.0;55
fail;21/9/2025 11:11;MastCard;Tehran ;9999999999.0;41
success;17/9/2025 14:11;Master Card;Ahvaz;976246.0;98
Success;22/9/2025 14:11;MastCard;Tabriz;1387769.0;20
fail;16/9/2025 4:40;MastCard;Ahvaz;774681.0;33
fail;5/9/2025 18:00;MastCard;Tabriz;-5000.0;40
fail;15/9/2025 18:45;Master-Card;nan;585954.0;100
success;3/9/2025 16:16;Discover;Isfahan;1502601.0;34
success;28/9/2025 12:34;Discover;Tabriz;1782689.0;62
fail;7/9/2025 10:48;MastCard;Tabriz;1050805.0;92
failed;11/9/2025 5:23;Visa;Shiraz;583952.0;19
success;10/9/2025 21:10;nan;Tehran;0.0;43
fail;9/9/2025 2:37;MasterCard;tehr@n;300000.0;69
fail;14/9/2025 12:12;Discover;Tabriz;63489.0;63
fail;13/9/2025 12:34;Vsa;Tabriz;9999999999.0;94
success;29/9/2025 23:59;Discover;Tehran;50200.0;10
fail;25/9/2025 5:56;VISA;Tabriz;-5000.0;13
success;30/9/2025 12:12;visa;Isfahan;583952.0;94
success;25/9/2025 12:12;MastCard;Isfahan;1463119.0;5
success;2/9/2025 4:40;Visa;Tabriz;1768588.0;58
fail;3/9/2025 11:11;Discover;Tehran;-5000.0;59
success;7/9/2025 20:33;MasterCard;Tabriz;1782689.0;76
failed;21/9/2025 12:12;Master-Card;Ahvaz;1000.0;59
fail;18/9/2025 20:33;Visa;Isfahan;583952.0;77
fail;3/9/2025 9:00;Visa;Tabriz;-999999.0;87
success;10/9/2025 14:55;Visa;Tabriz;300000.0;15
success;22/9/2025 18:45;MasterCard;Qom;1502601.0;77
fail;29/9/2025 21:10;Master-Card;Tabriz;471227.0;1
success;7/9/2025 9:45;Visa;Shiraz;0.0;38
success;9/9/2025 23:59;Visa;ThRan;300000.0;53
Success;17/9/2025 16:40;MastCard;Tehran;-5000.0;52
fail;11/9/2025 8:59;Vsa;Tehran;976246.0;1
success;7/9/2025 3:27;Vsa;Tehran;300000.0;11
fail;24/9/2025 2:30;Vsa;Mashhad;0.0;58
success;28/9/2025 10:48;Visa;Tehran;-5000.0;40
success;14/9/2025 0:00;MasterCard;Mashhad;-999999.0;87
fail;19/9/2025 23:59;visa;TEHRAN;1883871.0;100
failed;4/9/2025 19:29;visa;Tehran;177050.0;60
fail;26/9/2025 8:08;Amex;Isfahan;123456.0;44
success;6/9/2025 8:08;MastCard;Ahvaz;343679.0;6
fail;10/9/2025 12:12;Master Card;Tehran;-999999.0;28
success;7/9/2025 21:21;MasterCard;Tehran;0.0;31
fail;13/9/2025 3:00;Visa;Shiraz;-999999.0;8
failed;14/9/2025 12:12;MastCard;Tehran;123456.0;5
failed;4/9/2025 7:08;VISA;Ahvaz;914282.0;54
failed;8/9/2025 2:24;MastCard;Tehran;1387769.0;17
fail;5/9/2025 0:00;Vsa;Mashhad;419089.0;38
success;1/9/2025 5:23;MasterCard;Karaj;419089.0;9
fail;4/9/2025 4:15;Visa;Tabriz;9999999999.0;74
failed;3/9/2025 18:45;Visa;Tehran;1578078.0;84
success;9/9/2025 16:16;visa;Tehran;1000.0;78
success;8/9/2025 17:17;MasterCard;THR;-5000.0;14
success;1/9/2025 9:00;Visa;Karaj;976246.0;26
fail;27/9/2025 6:30;Master Card;Tehran;0.0;94
success;6/9/2025 14:02;MasterCard;Karaj;1768588.0;62
fail;9/9/2025 19:19;Vsa;Karaj;1883871.0;92
FAIL;7/9/2025 8:08;Amex;nan;914282.0;25
failed;4/9/2025 5:23;Visa;Isfahan;0.0;80
success;13/9/2025 4:04;Amex;THR;99999.0;36
Success;17/9/2025 18:12;visa;Mashhad;1578078.0;99
fail;28/9/2025 7:08;Visa;TEHRAN;200000.0;80
failed;2/9/2025 9:09;Vsa;Tehran;1768588.0;33
fail;28/9/2025 14:30;Discover;Tehran;900000.0;3
success;5/9/2025 7:07;Discover;THR;5000.0;88
success;12/9/2025 8:08;Discover;karaj;1463119.0;11
fail;27/9/2025 1:51;Master-Card;Tabriz;1768588.0;58
fail;21/9/2025 23:59;MasterCard;Qom;-5000.0;64
fail;8/9/2025 20:33;MasterCard;Isfahan;5000.0;18
succeed;6/9/2025 19:40;Vsa;Tehran;585954.0;47
fail;8/9/2025 2:37;Visa;Tehran;585954.0;44
success;18/9/2025 16:16;Visa;Tehran;-5000.0;94
failed;3/9/2025 9:09;Visa;Qom;1768588.0;59
fail;22/9/2025 2:30;MastCard;Tabriz;-5000.0;50
success;12/9/2025 13:10;MasterCard;Tehran;-999999.0;69
success;29/9/2025 3:27;Master-Card;tehr@n;200000.0;89
fail;26/9/2025 4:40;MasterCard;Tehran;123456.0;29
success;3/9/2025 17:17;Visa;Shiraz;1158713.0;94
fail;22/9/2025 2:37;Vsa;TEHRAN;9999999999.0;91
fail;6/9/2025 18:00;Discover;Tehran;1463119.0;67
success;2/9/2025 3:27;nan;Tabriz;650000.0;2
success;23/9/2025 2:20;Discover;Qom;976246.0;25
Success;12/9/2025 5:56;Visa;Mashhad;5000.0;19
failed;2/9/2025 19:51;MasterCard;Mashhad;914465.0;40
success;6/9/2025 7:07;Visa;Qom;177050.0;2
fail;17/9/2025 10:05;Visa;tehr@n;1463119.0;83
fail;3/9/2025 11:11;MasterCard;Tehran;200000.0;65
fail;2/9/2025 21:10;Visa;Ahvaz;200000.0;62
success;23/9/2025 8:59;Visa;Tabriz;-5000.0;92
failed;30/9/2025 1:01;Discover;Isfahan;914465.0;54
fail;20/9/2025 9:45;MasterCard;Tehran;205000.0;45
fail;8/9/2025 11:11;MasterCard;Mashhad;412308.0;49
success;22/9/2025 4:40;Visa;Ahvaz;471227.0;100
fail;12/9/2025 10:05;Amex;Tehran;99999.0;69
success;26/9/2025 21:21;MastCard;Tabriz;0.0;38
success;4/9/2025 1:51;MastCard;Isfahan;-5000.0;4
success;5/9/2025 5:56;Discover;Tehran;-1.0;17
fail;13/9/2025 2:30;Visa;Ahvaz;9999999999.0;53
failed;29/9/2025 1:01;MasterCard;Ahvaz;123456.0;85
fail;15/9/2025 14:55;Master-Card;karaj;123456.0;53
failed;25/9/2025 19:51;MasterCard;Qom;-999999.0;31
fail;23/9/2025 11:11;Visa;Mashhad;1.0;22
failed;16/9/2025 4:15;Visa;Tabriz;1050805.0;11
success;10/9/2025 2:20;Master Card;Shiraz;976246.0;34
fail;30/9/2025 11:11;MastCard;Mashhad;976246.0;15
failed;30/9/2025 5:56;Discover;Tehran ;1.0;10
success;25/9/2025 14:11;Discover;Tehran ;412308.0;97
fail;23/9/2025 8:08;Master-Card;TEHRAN;900000.0;53
fail;16/9/2025 4:04;Visa;Isfahan;450000.0;48
success;12/9/2025 1:01;MasterCard;Isfahan;100.5;31
success;17/9/2025 14:02;MastCard;THR;1387769.0;37
success;16/9/2025 21:23;MasterCard;Karaj;12345.0;28
success;12/9/2025 4:40;Visa;Karaj;471227.0;31
success;8/9/2025 4:40;Visa;Tabriz;0.0;70
success;20/9/2025 18:45;Master-Card;karaj;120000.0;14
success;3/9/2025 7:32;MasterCard;Qom;-5000.0;88
fail;16/9/2025 12:44;Vsa;Mashhad;200000.0;16
Success;30/9/2025 19:40;Amex;THR;100000.0;25
fail;13/9/2025 19:51;Master Card;Isfahan;-999999.0;39
fail;23/9/2025 19:19;nan;Shiraz;1768588.0;66
success;28/9/2025 2:30;MasterCard;Mashhad;583952.0;38
success;19/9/2025 18:00;Discover;Qom;177050.0;41
fail;8/9/2025 6:06;Amex;Tehran;914465.0;99
fail;22/9/2025 16:16;MastCard;Mashhad;1768588.0;40
success;5/9/2025 19:40;MasterCard;Qom;123456.0;64
FAIL;20/9/2025 5:23;Vsa;Mashhad;-5000.0;90
success;8/9/2025 2:54;Visa;karaj;63489.0;16
success;24/9/2025 21:23;Discover;Tabriz;333333.0;82
fail;12/9/2025 14:02;MastCard;THR;471227.0;77
fail;1/9/2025 22:27;Discover;Isfahan;-999999.0;59
fail;25/9/2025 8:08;MasterCard;Karaj;177050.0;92
fail;30/9/2025 2:37;VISA;Tehran;0.0;99
success;21/9/2025 9:09;Amex;Tehran;976246.0;11
fail;20/9/2025 11:11;Master Card;Ahvaz;419089.0;1
fail;6/9/2025 8:08;MastCard;Tehran;914282.0;13
success;22/9/2025 2:30;MastCard;Tehran ;205000.0;30
failed;18/9/2025 2:30;Amex;Tehran;443463.0;69
Success;8/9/2025 23:59;Visa;TEHRAN;1050805.0;18
success;7/9/2025 11:11;MasterCard;Mashhad;1158713.0;78
fail;1/9/2025 4:40;Discover;Qom;583952.0;13
success;21/9/2025 9:00;visa;Tehran;0.0;32
fail;16/9/2025 17:17;Discover;Isfahan;200000.0;71
success;12/9/2025 2:30;Visa;Tehran;1578078.0;72
success;6/9/2025 8:59;Amex;Mashhad;555555.0;50
success;20/9/2025 12:12;MasterCard;Qom;1768588.0;71
Success;2/9/2025 9:09;Visa;Karaj;471227.0;80
success;29/9/2025 1:01;Visa;THR;63489.0;31
success;14/9/2025 12:12;Vsa;Mashhad;300000.0;51
fail;4/9/2025 20:20;MasterCard;Tabriz;914465.0;27
Success;1/9/2025 4:40;Visa;Isfahan;5000.0;60
fail;23/9/2025 2:20;MasterCard;karaj;177050.0;33
failed;18/9/2025 21:21;Discover;Tehran;850000.0;53
fail;13/9/2025 7:32;Visa;Shiraz;123456.0;94
fail;2/9/2025 19:29;Master Card;Tehran;343679.0;72
failed;9/9/2025 8:59;Discover;Tabriz;177050.0;33
fail;21/9/2025 14:00;Visa;Qom;1158713.0;41
failed;2/9/2025 14:55;VISA;Mashhad;5000.0;19
fail;27/9/2025 22:27;Vsa;Mashhad;419089.0;85
failed;25/9/2025 5:56;Discover;Shiraz;1578078.0;41
success;9/9/2025 4:15;MasterCard;Tabriz;850000.0;85
success;1/9/2025 2:30;Master-Card;Tabriz;0.0;90
fail;11/9/2025 21:21;Discover;Karaj;-5000.0;42
fail;3/9/2025 7:07;Amex;Qom;123456.0;23
failed;20/9/2025 15:45;MasterCard;Tehran;1050805.0;75
fail;30/9/2025 14:55;MasterCard;Shiraz;976246.0;33
fail;23/9/2025 11:11;Amex;Shiraz;-5000.0;20
success;26/9/2025 23:59;MasterCard;Tehran;9999999999.0;25
success;4/9/2025 8:08;Visa;Ahvaz;1782689.0;91
fail;18/9/2025 12:44;Vsa;Mashhad;9999999999.0;52
fail;23/9/2025 1:01;Visa;Tabriz;300000.0;12
fail;6/9/2025 19:51;MasterCard;Qom;976246.0;32
failed;3/9/2025 2:37;Amex;Qom;914465.0;33
fail;22/9/2025 12:12;MastCard;TEHRAN;1768588.0;74
FAIL;11/9/2025 11:11;MasterCard;Karaj;545116.0;68
fail;15/9/2025 0:00;MastCard;Tabriz;200000.0;15
fail;22/9/2025 1:01;Visa;Tehran;1578078.0;51
success;28/9/2025 16:16;Amex;THR;100.5;6
fail;5/9/2025 2:20;Vsa;karaj;1463119.0;92
success;20/9/2025 18:12;Master-Card;Tehran;1502601.0;69
failed;10/9/2025 2:54;Amex;Tehran;900000.0;69
fail;12/9/2025 14:55;Discover;Karaj;419089.0;82
failed;15/9/2025 10:05;Visa;Karaj;1305967.0;93
fail;17/9/2025 21:10;Discover;Tehran;0.0;35
fail;10/9/2025 19:51;MasterCard;Shiraz;-5000.0;87
fail;6/9/2025 2:54;Visa;Tabriz;343679.0;34
Success;18/9/2025 9:00;Master Card;Tabriz;-5000.0;63
fail;13/9/2025 4:15;Master-Card;Tabriz;-5000.0;68
failed;3/9/2025 12:44;Visa;Mashhad;1305967.0;18
success;30/9/2025 15:45;Amex;Ahvaz;976246.0;26
fail;24/9/2025 2:54;Vsa;Mashhad;1000.0;87
success;10/9/2025 3:27;Discover;Tabriz;-5000.0;98
failed;30/9/2025 19:51;MasterCard;THR;0.0;61
success;14/9/2025 23:59;MasterCard;Tehran;0.0;78
success;6/9/2025 5:23;Visa;Ahvaz;0.0;96
failed;3/9/2025 3:27;Amex;Ahvaz;650000.0;74
fail;16/9/2025 6:06;visa;Tabriz;555555.0;89
Success;7/9/2025 0:00;Discover;Tehran;471227.0;85
failed;20/9/2025 2:24;Amex;THR;650000.0;48
success;14/9/2025 10:48;Discover;Qom;914282.0;72
failed;9/9/2025 7:07;Master-Card;Tehran;12345.0;97
success;15/9/2025 7:07;Master-Card;TEHRAN;585954.0;31
success;21/9/2025 8:08;Visa;Isfahan;1472823.0;34
success;3/9/2025 9:09;Master-Card;Isfahan;-999999.0;88
fail;2/9/2025 2:24;Visa;Shiraz;0.0;90
success;27/9/2025 19:40;Visa;Shiraz;1578078.0;7
fail;2/9/2025 17:07;Amex;Isfahan;-5000.0;83
success;3/9/2025 18:00;Discover;Tehran;100.5;7
fail;18/9/2025 8:08;MasterCard;Qom;-5000.0;47
fail;14/9/2025 13:10;Amex;Shiraz;0.0;8
fail;20/9/2025 23:59;Visa;THR;-5000.0;78
failed;18/9/2025 8:08;Discover;Mashhad;9999999999.0;1
fail;10/9/2025 3:00;MasterCard;Shiraz;0.0;77
success;25/9/2025 5:56;Discover;Tehran;-5000.0;3
fail;2/9/2025 0:00;Visa;TEHRAN;914282.0;53
success;25/9/2025 21:23;Visa;Tabriz;200000.0;93
fail;29/9/2025 9:00;Vsa;Shiraz;1578078.0;38
fail;22/9/2025 6:30;nan;TEHRAN;50200.0;51
success;1/9/2025 14:55;Visa;karaj;545116.0;15
success;4/9/2025 8:59;Discover;Shiraz;1427657.0;67
fail;14/9/2025 6:06;Amex;Karaj;-5000.0;64
success;1/9/2025 1:51;Master Card;TEHRAN;-1.0;68
failed;14/9/2025 12:12;Discover;karaj;-999999.0;5
fail;16/9/2025 3:27;Master-Card;Shiraz;900000.0;91
fail;22/9/2025 2:30;MasterCard;Shiraz;914465.0;90
success;14/9/2025 8:08;Master Card;Tehran;100.5;10
fail;29/9/2025 23:59;Visa;Mashhad;-5000.0;8
succeed;20/9/2025 17:17;VISA;Tabriz;1502601.0;12
success;3/9/2025 1:01;MasterCard;Isfahan;914282.0;64
success;3/9/2025 10:48;Master Card;Shiraz;0.0;59
success;9/9/2025 2:30;MasterCard;Tehran;0.0;67
success;6/9/2025 11:11;MasterCard;Tehran;0.0;92
fail;25/9/2025 9:00;Vsa;Isfahan;976246.0;50
Success;13/9/2025 1:01;MastCard;Tabriz;177050.0;23
success;21/9/2025 18:45;Amex;Isfahan;1768588.0;40
fail;2/9/2025 20:20;MasterCard;tehr@n;1782689.0;98
success;8/9/2025 6:30;Vsa;Karaj;-5000.0;78
fail;21/9/2025 17:07;Master Card;Tabriz;9999999999.0;88
fail;2/9/2025 10:48;Visa;Tehran;100.5;96
success;4/9/2025 2:30;Amex;Shiraz;1463119.0;77
success;25/9/2025 10:05;Master-Card;Shiraz;177050.0;76
success;15/9/2025 8:08;Amex;Mashhad;412308.0;100
fail;4/9/2025 19:19;Vsa;Tabriz;419089.0;18
success;13/9/2025 2:37;Master-Card;Tehran;1502601.0;21
fail;28/9/2025 13:10;MastCard;Tabriz;471227.0;1
success;12/9/2025 13:13;MastCard;Mashhad;-999999.0;38
success;28/9/2025 11:11;VISA;Ahvaz;545116.0;41
success;13/9/2025 20:20;Master-Card;THR;-5000.0;42
failed;14/9/2025 7:08;Vsa;Isfahan;0.0;9
failed;20/9/2025 18:12;Visa;Ahvaz;471227.0;23
succeed;18/9/2025 19:19;Discover;nan;914465.0;78
FAIL;29/9/2025 16:40;Amex;Karaj;-999999.0;11
success;28/9/2025 16:40;MastCard;Karaj;1.0;71
Success;6/9/2025 20:20;Discover;TEHRAN;850000.0;31
failed;29/9/2025 4:40;Visa;Isfahan;100000.0;89
success;11/9/2025 22:27;Discover;Tehran;419089.0;26
fail;30/9/2025 18:12;Vsa;ThRan;343679.0;30
fail;2/9/2025 5:23;Master-Card;Mashhad;0.0;34
failed;28/9/2025 9:09;nan;Ahvaz;583952.0;46
success;23/9/2025 10:05;Discover;karaj;914282.0;69
failed;19/9/2025 8:08;Discover;Isfahan;1387769.0;5
fail;19/9/2025 1:51;MasterCard;Qom;1768588.0;61
fail;5/9/2025 8:08;Discover;Qom;1050805.0;83
success;19/9/2025 2:37;Amex;Tabriz;-5000.0;38
Success;2/9/2025 4:04;Discover;Tehran;1782689.0;28
fail;10/9/2025 12:44;Visa;Qom;412308.0;26
failed;25/9/2025 2:30;MasterCard;Tehran;850000.0;61
failed;2/9/2025 14:11;Visa;Isfahan;0.0;23
fail;30/9/2025 18:00;Visa;Tehran;100.5;46
fail;11/9/2025 14:30;MasterCard;Karaj;12345.0;30
fail;18/9/2025 0:00;Visa;THR;-5000.0;67
fail;29/9/2025 16:40;MasterCard;Qom;177050.0;93
success;24/9/2025 1:51;Discover;Isfahan;1768588.0;33
fail;15/9/2025 14:02;Amex;nan;1305967.0;3
fail;9/9/2025 20:33;visa;Tehran;0.0;69
failed;23/9/2025 21:10;Amex;Tabriz;343679.0;83
success;19/9/2025 6:30;Amex;Tabriz;177050.0;42
success;9/9/2025 18:12;nan;Isfahan;177050.0;62
fail;3/9/2025 2:24;Discover;Tabriz;0.0;58
failed;21/9/2025 7:07;Visa;Tabriz;1578078.0;57
failed;9/9/2025 0:00;Discover;Tabriz;250000.0;1
success;28/9/2025 5:56;MasterCard;Mashhad;5000.0;73
Success;30/9/2025 15:45;Amex;Isfahan;123456.0;60
failed;14/9/2025 14:11;Visa;Shiraz;5000.0;69
success;19/9/2025 16:16;Master-Card;Mashhad;976246.0;59
success;7/9/2025 5:23;Visa;Tehran;-5000.0;46
fail;16/9/2025 4:40;Master-Card;karaj;177050.0;34
fail;16/9/2025 5:23;Master Card;Mashhad;650000.0;98
fail;28/9/2025 23:59;visa;Tehran;1472823.0;25
fail;1/9/2025 15:45;Vsa;Tehran;419089.0;42
fail;4/9/2025 12:34;Visa;Ahvaz;200000.0;29
failed;4/9/2025 0:00;MastCard;Karaj;850000.0;25
fail;7/9/2025 9:09;Visa;Mashhad;914465.0;54
FAIL;8/9/2025 19:40;Master-Card;Tabriz;177050.0;73
success;17/9/2025 2:20;Discover;Mashhad;1502601.0;67
fail;5/9/2025 21:23;Discover;Shiraz;100.5;15
success;7/9/2025 8:08;nan;THR;650000.0;4
fail;28/9/2025 11:11;Visa;Qom;250000.0;38
succeed;20/9/2025 15:45;Visa;Tabriz;1782689.0;20
failed;29/9/2025 11:11;MasterCard;Tehran;100.5;23
fail;20/9/2025 14:11;MastCard;Tehran;0.0;37
Success;4/9/2025 21:10;Amex;Shiraz;471227.0;62
success;28/9/2025 3:27;MastCard;Tehran;585954.0;8
fail;6/9/2025 14:11;Master-Card;Mashhad;443463.0;37
success;7/9/2025 3:00;Visa;Karaj;1578078.0;45
success;18/9/2025 2:37;MasterCard;Tabriz;914282.0;98
fail;5/9/2025 10:48;MastCard;Shiraz;1768588.0;33
success;20/9/2025 4:40;Amex;Qom;583952.0;7
fail;30/9/2025 6:06;MasterCard;Isfahan;471227.0;22
success;29/9/2025 8:59;Visa;TEHRAN;0.0;5
fail;3/9/2025 19:40;Visa;Karaj;450000.0;15
FAIL;7/9/2025 2:30;Visa;Isfahan;1578078.0;21
success;27/9/2025 2:37;Discover;Ahvaz;1768588.0;90
fail;28/9/2025 16:16;Visa;Karaj;545116.0;17
fail;22/9/2025 23:17;MasterCard;Ahvaz;205000.0;56
fail;14/9/2025 23:59;Visa;Shiraz;583952.0;50
success;7/9/2025 21:23;Vsa;Isfahan;1427657.0;7
fail;5/9/2025 10:48;Master-Card;Isfahan;585954.0;50
failed;29/9/2025 0:00;Discover;Shiraz;50200.0;60
Success;22/9/2025 14:00;MasterCard;Tehran;-5000.0;83
success;5/9/2025 5:56;Master Card;karaj;1158713.0;7
fail;30/9/2025 14:02;MasterCard;Isfahan;1578078.0;40
fail;23/9/2025 6:06;visa;Shiraz;0.0;45
success;2/9/2025 12:12;Visa;Mashhad;333333.0;59
success;30/9/2025 2:30;Master-Card;Mashhad;0.0;89
success;27/9/2025 23:59;MasterCard;Karaj;650000.0;75
success;21/9/2025 23:17;Visa;Shiraz;9999999999.0;55
fail;22/9/2025 19:51;VISA;Tabriz;250000.0;64
failed;6/9/2025 6:30;VISA;Tehran;1578078.0;65
fail;15/9/2025 0:00;Discover;karaj;177050.0;54
success;21/9/2025 8:59;Master Card;THR;1578078.0;97
success;10/9/2025 0:00;Visa;Tehran;100000.0;40
fail;23/9/2025 4:04;MastCard;Tabriz;1.0;53
success;26/9/2025 17:07;Visa;Tabriz;-5000.0;44
failed;24/9/2025 23:59;Discover;tehr@n;9999999999.0;63
success;7/9/2025 5:56;Vsa;Tabriz;343679.0;2
fail;5/9/2025 3:00;Discover;Tehran;200000.0;79
fail;1/9/2025 4:04;Visa;Tehran;-5000.0;21
fail;13/9/2025 2:30;MasterCard;Karaj;177050.0;89
fail;21/9/2025 7:08;Visa;THR;177050.0;50
FAIL;26/9/2025 1:51;MastCard;Isfahan;333333.0;81
success;18/9/2025 18:00;Visa;Tehran;-999999.0;52
fail;13/9/2025 3:27;Vsa;Qom;-5000.0;9
Success;21/9/2025 11:11;Discover;Tabriz;0.0;100
success;21/9/2025 6:30;Discover;Tehran;976246.0;20
fail;18/9/2025 20:33;Discover;THR;-5000.0;83
fail;5/9/2025 11:11;Amex;THR;471227.0;18
fail;13/9/2025 21:23;Visa;Tehran ;555555.0;84
FAIL;4/9/2025 1:01;MasterCard;Mashhad;177050.0;30
success;17/9/2025 21:23;Discover;Tabriz;5000.0;65
failed;3/9/2025 6:30;Master-Card;Ahvaz;-999999.0;24
fail;17/9/2025 13:13;Visa;Tehran;1768588.0;89
failed;28/9/2025 17:07;Vsa;Tabriz;1387769.0;47
fail;11/9/2025 11:11;Visa;Tabriz;9999999999.0;83
succeed;21/9/2025 2:24;Visa;tehr@n;1502601.0;95
Success;20/9/2025 9:45;Visa;Karaj;-5000.0;91
fail;23/9/2025 13:10;Visa;Tehran;583952.0;44
success;21/9/2025 5:23;MasterCard;Tehran;0.0;29
success;26/9/2025 4:04;visa;karaj;-5000.0;77
failed;30/9/2025 20:33;Visa;Ahvaz;419089.0;68
fail;4/9/2025 20:20;MasterCard;Shiraz;850000.0;17
success;2/9/2025 8:08;Discover;Tehran;1502601.0;98
failed;20/9/2025 2:30;Discover;Mashhad;0.0;5
success;16/9/2025 13:10;Discover;Qom;9999999999.0;93
fail;28/9/2025 2:20;Master-Card;tehr@n;443463.0;89
failed;18/9/2025 23:17;Visa;Tehran;63489.0;81
fail;8/9/2025 10:48;Vsa;Mashhad;471227.0;50
success;3/9/2025 21:21;Discover;Tehran;0.0;40
fail;9/9/2025 2:37;Discover;Isfahan;1050805.0;46
fail;29/9/2025 13:13;MasterCard;Tehran;976246.0;51
success;20/9/2025 7:08;Discover;karaj;1578078.0;11
success;29/9/2025 13:13;Visa;Tabriz;412308.0;12
success;6/9/2025 21:23;Visa;Isfahan;914465.0;13
success;10/9/2025 21:21;Discover;Isfahan;177050.0;64
fail;21/9/2025 21:21;Vsa;THR;585954.0;8
fail;10/9/2025 2:24;Visa;Ahvaz;-999999.0;65
success;13/9/2025 10:48;MastCard;Tehran;-999999.0;9
fail;17/9/2025 16:16;Discover;Tehran;343679.0;93
success;9/9/2025 9:00;Master-Card;Qom;177050.0;2
success;17/9/2025 17:17;MasterCard;Isfahan;333333.0;78
Success;24/9/2025 12:12;Visa;Tabriz;-999999.0;13
success;9/9/2025 9:45;visa;Ahvaz;583952.0;2
fail;9/9/2025 7:08;Visa;Tehran;774681.0;68
failed;1/9/2025 12:12;Amex;Tehran ;976246.0;76
succeed;2/9/2025 16:40;Amex;Tehran;63489.0;48
success;28/9/2025 4:04;Discover;Tehran;1050805.0;74
FAIL;16/9/2025 9:00;Master Card;Tabriz;-999999.0;3
success;29/9/2025 11:11;Vsa;Mashhad;1782689.0;68
success;1/9/2025 2:30;Vsa;Tabriz;250000.0;6
fail;10/9/2025 2:37;VISA;Karaj;-5000.0;88
success;18/9/2025 9:00;MasterCard;Isfahan;976246.0;5
fail;26/9/2025 8:59;Visa;Tehran;-5000.0;3
fail;28/9/2025 13:13;MastCard;THR;914282.0;10
fail;8/9/2025 2:54;Discover;tehr@n;177050.0;43
fail;21/9/2025 19:19;Visa;Shiraz;1502601.0;19
fail;28/9/2025 13:13;MasterCard;Ahvaz;471227.0;14
success;11/9/2025 22:27;nan;Tehran;0.0;21
fail;23/9/2025 3:27;Visa;Tabriz;555555.0;43
succeed;2/9/2025 1:01;Master-Card;Tabriz;1.0;28
fail;8/9/2025 2:30;MasterCard;Tehran ;50200.0;21
success;27/9/2025 19:19;Visa;Mashhad;-999999.0;36
fail;22/9/2025 21:23;Vsa;Tehran;1387769.0;24
fail;8/9/2025 4:04;VISA;Isfahan;976246.0;54
fail;17/9/2025 7:08;Discover;Tehran;914465.0;38
success;15/9/2025 4:40;Discover;Tabriz;0.0;17
success;17/9/2025 19:51;Discover;Mashhad;99999.0;22
fail;28/9/2025 8:08;Vsa;Tabriz;976246.0;83
fail;23/9/2025 12:12;Visa;Tehran;9999999999.0;45
fail;24/9/2025 16:40;Visa;Tehran;1578078.0;74
failed;13/9/2025 14:55;MastCard;Qom;-5000.0;61
success;19/9/2025 2:37;MasterCard;Karaj;585954.0;11
fail;5/9/2025 3:27;Discover;Isfahan;419089.0;61
fail;12/9/2025 9:00;Master-Card;Karaj;0.0;38
Success;1/9/2025 1:01;nan;Tehran;585954.0;66
fail;23/9/2025 12:34;Master Card;Tehran;471227.0;33
success;5/9/2025 12:44;Discover;karaj;177050.0;43
fail;8/9/2025 3:00;nan;Isfahan;5000.0;31
success;13/9/2025 2:30;MastCard;Isfahan;1305967.0;35
FAIL;8/9/2025 11:11;Visa;tehr@n;1768588.0;37
succeed;25/9/2025 3:27;Amex;Isfahan;343679.0;47
success;23/9/2025 12:44;Visa;Tehran;419089.0;23
success;11/9/2025 0:00;MastCard;tehr@n;333333.0;36
success;1/9/2025 18:45;MastCard;Tehran;585954.0;40
fail;13/9/2025 11:11;Vsa;Shiraz;0.0;91
succeed;19/9/2025 23:59;Visa;Tabriz;100000.0;90
success;24/9/2025 0:00;Amex;Mashhad;583952.0;81
success;3/9/2025 16:16;Visa;Qom;1578078.0;15
fail;24/9/2025 19:40;Master Card;Isfahan;1050805.0;37
success;17/9/2025 1:51;MastCard;Ahvaz;177050.0;4
succeed;5/9/2025 8:59;Visa;tehr@n;50200.0;22
success;20/9/2025 5:56;Visa;Tehran;100.5;81
fail;21/9/2025 2:30;Amex;Ahvaz;177050.0;22
fail;8/9/2025 14:11;MasterCard;Tehran;1472823.0;81
fail;26/9/2025 10:48;MastCard;Tehran;123456.0;78
Success;14/9/2025 14:55;Discover;tehr@n;-999999.0;78
succeed;4/9/2025 11:11;Amex;Mashhad;-999999.0;17
Success;11/9/2025 23:59;Visa;Tehran;177050.0;72
success;20/9/2025 7:08;MasterCard;Qom;-5000.0;99
success;15/9/2025 3:27;Master Card;Tabriz;1463119.0;91
success;19/9/2025 21:23;Amex;Mashhad;0.0;95
success;7/9/2025 14:11;Visa;Shiraz;471227.0;87
success;19/9/2025 13:10;visa;THR;123456.0;80
success;28/9/2025 12:34;Visa;Tehran;100.5;95
success;19/9/2025 2:37;MastCard;Tabriz;650000.0;80
fail;11/9/2025 23:17;MasterCard;Tehran;1050805.0;38
fail;26/9/2025 9:45;Discover;Tehran;0.0;24
failed;5/9/2025 12:34;Visa;tehr@n;412308.0;100
failed;5/9/2025 9:00;Visa;tehr@n;583952.0;6
success;30/9/2025 16:16;Master-Card;Ahvaz;583952.0;68
fail;22/9/2025 4:04;Master-Card;Shiraz;9999999999.0;82
Success;8/9/2025 19:51;MasterCard;karaj;99999.0;6
success;10/9/2025 4:40;Visa;Tehran;-5000.0;26
success;6/9/2025 2:37;Master-Card;Tehran;12345.0;92
success;15/9/2025 18:12;MasterCard;Tabriz;976246.0;41
success;16/9/2025 10:48;MasterCard;karaj;1387769.0;75
success;28/9/2025 22:27;MasterCard;Mashhad;123456.0;38
failed;17/9/2025 7:08;Discover;Mashhad;1427657.0;80
fail;8/9/2025 17:17;MasterCard;Tabriz;177050.0;83
fail;8/9/2025 1:01;Amex;Shiraz;-5000.0;43
fail;25/9/2025 21:10;MasterCard;THR;1000.0;53
fail;9/9/2025 14:30;Master-Card;Tabriz;9999999999.0;15
fail;2/9/2025 23:59;Discover;Shiraz;850000.0;91
fail;15/9/2025 10:48;Amex;Tabriz;1305967.0;56
fail;18/9/2025 13:10;Discover;Ahvaz;452545.0;56
fail;3/9/2025 23:59;MastCard;Mashhad;100.5;31
fail;17/9/2025 2:30;Visa;Isfahan;123456.0;83
fail;4/9/2025 14:02;Visa;Isfahan;1427657.0;57
success;30/9/2025 15:45;Vsa;Tehran;1782689.0;51
success;4/9/2025 14:00;Visa;THR;555555.0;24
fail;14/9/2025 19:51;Amex;tehr@n;1387769.0;58
success;9/9/2025 10:05;VISA;Mashhad;0.0;73
succeed;9/9/2025 19:29;MasterCard;Tabriz;200000.0;88
Success;25/9/2025 16:16;Visa;Shiraz;1768588.0;4
fail;26/9/2025 13:13;Discover;Mashhad;1387769.0;10
failed;23/9/2025 2:24;Vsa;Tabriz;1502601.0;63
fail;30/9/2025 0:00;Discover;Tehran;774681.0;73
fail;18/9/2025 7:07;MastCard;TEHRAN;1578078.0;83
fail;10/9/2025 18:12;Vsa;Ahvaz;1305967.0;15
fail;21/9/2025 17:17;MasterCard;karaj;200000.0;99
success;4/9/2025 13:13;Vsa;Isfahan;0.0;63
success;12/9/2025 23:59;Discover;Ahvaz;555555.0;19
success;27/9/2025 7:08;MasterCard;Qom;300000.0;63
fail;8/9/2025 2:37;MastCard;Isfahan;914465.0;56
fail;2/9/2025 18:12;Visa;karaj;177050.0;21
fail;22/9/2025 4:40;Discover;nan;1427657.0;34
fail;13/9/2025 14:30;Amex;TEHRAN;0.0;17
succeed;21/9/2025 16:40;Amex;Ahvaz;-5000.0;18
success;16/9/2025 20:33;MasterCard;Ahvaz;123456.0;81
FAIL;28/9/2025 15:45;Vsa;Shiraz;100000.0;66
success;2/9/2025 0:00;MasterCard;THR;850000.0;51
success;11/9/2025 2:30;Master-Card;Mashhad;1158713.0;65
fail;10/9/2025 9:09;MastCard;Tehran;850000.0;43
success;15/9/2025 9:45;Discover;Ahvaz;-5000.0;57
success;17/9/2025 7:32;MasterCard;TEHRAN;450000.0;10
failed;8/9/2025 3:00;MastCard;Isfahan;976246.0;37
success;18/9/2025 9:00;Master-Card;Ahvaz;585954.0;48
fail;23/9/2025 3:27;Visa;Tabriz;100000.0;69
success;9/9/2025 2:54;MasterCard;tehr@n;412308.0;56
failed;25/9/2025 18:00;Visa;Karaj;-5000.0;76
success;8/9/2025 10:48;Discover;Qom;650000.0;36
success;27/9/2025 12:44;MastCard;Ahvaz;0.0;31
fail;14/9/2025 3:27;Visa;karaj;-5000.0;55
success;28/9/2025 3:27;Amex;TEHRAN;1000.0;38
fail;26/9/2025 4:15;Master-Card;TEHRAN;-5000.0;73
fail;25/9/2025 12:12;VISA;Tehran;-999999.0;91
success;18/9/2025 17:07;Visa;Tehran;1463119.0;15
fail;22/9/2025 2:37;MastCard;karaj;976246.0;16
success;20/9/2025 4:15;nan;tehr@n;443463.0;77
failed;30/9/2025 5:56;Visa;Tabriz;333333.0;90
fail;20/9/2025 18:12;MasterCard;Tehran;50200.0;95
success;21/9/2025 17:07;nan;Tabriz;452545.0;53
success;12/9/2025 9:00;Visa;Isfahan;1768588.0;56
fail;19/9/2025 8:08;nan;Ahvaz;850000.0;7
success;14/9/2025 7:08;MasterCard;Tehran;1502601.0;57
success;17/9/2025 0:00;Visa;Tabriz;177050.0;55
success;24/9/2025 10:05;MasterCard;TEHRAN;1578078.0;52
Success;21/9/2025 16:40;Discover;Tehran;300000.0;4
success;3/9/2025 8:08;Discover;Ahvaz;50200.0;43
succeed;26/9/2025 20:33;MasterCard;Isfahan;583952.0;40
success;30/9/2025 7:08;MasterCard;Shiraz;555555.0;30
fail;23/9/2025 14:11;MasterCard;Tehran;300000.0;10
success;7/9/2025 1:01;Visa;Tabriz;0.0;95
fail;17/9/2025 12:34;Vsa;Isfahan;343679.0;7
success;12/9/2025 2:30;MasterCard;THR;1463119.0;36
success;9/9/2025 10:05;Vsa;Qom;976246.0;35
success;15/9/2025 4:40;Vsa;Tehran;-5000.0;89
fail;18/9/2025 2:30;Discover;Ahvaz;50200.0;39
success;21/9/2025 2:54;Visa;Tehran;-5000.0;36
fail;13/9/2025 19:29;nan;tehr@n;914282.0;20
success;30/9/2025 20:33;MastCard;Tabriz;1578078.0;49
failed;21/9/2025 2:30;Visa;Mashhad;100.5;97
FAIL;30/9/2025 0:00;MastCard;Tehran;914282.0;59
fail;8/9/2025 7:07;Visa;Qom;545116.0;49
success;14/9/2025 21:21;Visa;Mashhad;914282.0;91
success;8/9/2025 7:08;MasterCard;Isfahan;1768588.0;26
Success;14/9/2025 9:00;Visa;Tehran;545116.0;36
success;7/9/2025 5:23;VISA;THR;99999.0;43
fail;23/9/2025 16:40;Master-Card;Ahvaz;200000.0;100
success;12/9/2025 7:07;Amex;Shiraz;1472823.0;43
success;11/9/2025 5:56;Visa;Qom;976246.0;100
success;22/9/2025 14:11;Discover;Karaj;177050.0;76
failed;22/9/2025 18:12;Discover;Tehran;-5000.0;33
fail;11/9/2025 19:51;MasterCard;tehr@n;850000.0;78
Success;25/9/2025 7:08;Visa;Tabriz;1305967.0;98
fail;22/9/2025 8:08;Amex;Shiraz;1768588.0;45
succeed;28/9/2025 16:40;MasterCard;Shiraz;1578078.0;45
failed;29/9/2025 4:04;Master Card;Shiraz;976246.0;89
success;13/9/2025 7:08;nan;THR;471227.0;15
success;18/9/2025 4:04;Amex;Tabriz;1782689.0;96
fail;2/9/2025 17:17;Amex;Ahvaz;9999999999.0;17
fail;29/9/2025 17:17;Visa;Qom;650000.0;12
fail;21/9/2025 21:23;Visa;Tehran;63489.0;22
fail;15/9/2025 22:27;Master-Card;Isfahan;585954.0;23
success;20/9/2025 8:59;MastCard;karaj;300000.0;91
fail;27/9/2025 14:00;Visa;Tabriz;1578078.0;78
failed;18/9/2025 7:32;Amex;Mashhad;471227.0;12
success;15/9/2025 21:21;nan;Mashhad;177050.0;68
success;19/9/2025 19:19;Discover;Shiraz;1387769.0;51
success;23/9/2025 3:00;Visa;THR;100.5;13
fail;24/9/2025 6:30;Master Card;Tehran;1387769.0;57
fail;12/9/2025 15:45;MasterCard;Mashhad;976246.0;55
fail;13/9/2025 21:10;MasterCard;Isfahan;1768588.0;82
failed;22/9/2025 12:34;Discover;Tabriz;9999999999.0;28
success;11/9/2025 7:07;Master-Card;TEHRAN;177050.0;44
fail;5/9/2025 0:00;Vsa;Tehran;914465.0;19
failed;29/9/2025 4:04;MasterCard;Tehran;850000.0;46
fail;1/9/2025 2:30;Visa;Karaj;1158713.0;3
success;24/9/2025 0:00;MasterCard;Tabriz;471227.0;83
success;3/9/2025 20:33;Visa;Karaj;419089.0;20
success;22/9/2025 14:11;Visa;karaj;1578078.0;25
Success;19/9/2025 12:12;Discover;Tabriz;1578078.0;75
success;23/9/2025 12:12;Visa;Tehran;976246.0;56
success;29/9/2025 16:16;Master Card;Tehran;205000.0;81
fail;30/9/2025 3:00;Visa;Tehran;9999999999.0;61
failed;7/9/2025 10:48;MasterCard;Tabriz;9999999999.0;55
success;12/9/2025 18:12;Visa;THR;976246.0;35
fail;15/9/2025 2:37;MastCard;Ahvaz;1050805.0;78
success;25/9/2025 8:59;Visa;Tehran;123456.0;59
fail;5/9/2025 19:51;Amex;THR;-999999.0;39
fail;15/9/2025 14:11;Vsa;Tehran;120000.0;57
failed;8/9/2025 2:37;Master Card;Shiraz;1472823.0;83
success;10/9/2025 0:00;MastCard;Tehran;-5000.0;67
fail;26/9/2025 0:00;Visa;Tehran;0.0;34
success;16/9/2025 7:32;Visa;Ahvaz;0.0;41
failed;8/9/2025 7:07;MastCard;Mashhad;177050.0;22
fail;1/9/2025 2:30;Visa;Qom;177050.0;27
success;12/9/2025 23:59;MasterCard;Isfahan;585954.0;21
success;5/9/2025 6:30;VISA;Tehran;1578078.0;41
fail;3/9/2025 8:59;Vsa;Karaj;333333.0;31
success;1/9/2025 12:12;Vsa;karaj;471227.0;27
fail;4/9/2025 0:00;Master-Card;Tehran;555555.0;37
success;8/9/2025 3:00;Amex;Isfahan;1463119.0;66
failed;3/9/2025 3:27;MastCard;Qom;1.0;54
fail;10/9/2025 14:11;Discover;Qom;1472823.0;9
failed;2/9/2025 11:11;visa;Qom;5000.0;83
success;11/9/2025 3:00;Discover;Karaj;0.0;42
fail;25/9/2025 12:12;Amex;Tehran ;452545.0;36
success;10/9/2025 14:55;Discover;Isfahan;177050.0;10
fail;21/9/2025 8:08;Visa;Qom;-5000.0;59
Success;14/9/2025 23:59;Amex;Karaj;471227.0;40
success;7/9/2025 6:06;Discover;Qom;1502601.0;54
success;27/9/2025 2:30;Amex;Isfahan;914282.0;39
success;27/9/2025 2:54;Amex;Shiraz;471227.0;7
success;2/9/2025 17:17;MasterCard;Shiraz;-1.0;4
failed;9/9/2025 19:40;Visa;Qom;1883871.0;15
success;16/9/2025 21:23;MasterCard;Tabriz;914282.0;76
failed;13/9/2025 23:17;Vsa;Mashhad;1782689.0;48
success;9/9/2025 8:59;Discover;THR;205000.0;6
fail;20/9/2025 21:23;MasterCard;THR;555555.0;73
Success;4/9/2025 19:51;MasterCard;Ahvaz;914465.0;35
success;22/9/2025 20:20;Master-Card;Karaj;471227.0;72
success;10/9/2025 23:59;Amex;Tehran;583952.0;71
succeed;26/9/2025 23:59;Visa;Mashhad;200000.0;68
fail;26/9/2025 18:12;Master-Card;Tehran;1387769.0;58
success;22/9/2025 14:11;Vsa;karaj;0.0;77
fail;12/9/2025 19:19;MastCard;Tabriz;200000.0;19
success;17/9/2025 5:56;MasterCard;Ahvaz;0.0;62
failed;14/9/2025 2:37;MastCard;karaj;914465.0;71
FAIL;14/9/2025 2:30;MasterCard;TEHRAN;1050805.0;10
success;25/9/2025 8:08;MastCard;Ahvaz;1502601.0;25
success;2/9/2025 14:00;Master-Card;Qom;1463119.0;44
Success;21/9/2025 14:55;Master-Card;Qom;471227.0;100
success;25/9/2025 8:08;MasterCard;Tabriz;1883871.0;58
fail;20/9/2025 13:10;Master-Card;Tehran;850000.0;25
success;11/9/2025 2:24;Visa;Tehran;-5000.0;94
FAIL;16/9/2025 19:51;Visa;Tehran;123456.0;76
succeed;19/9/2025 2:37;Amex;tehr@n;1463119.0;40
success;23/9/2025 6:30;Amex;Tehran;177050.0;76
failed;6/9/2025 20:33;Visa;Karaj;177050.0;70
fail;24/9/2025 5:56;MasterCard;Tehran;177050.0;10
fail;19/9/2025 15:45;Visa;Tehran ;452545.0;66
Success;5/9/2025 4:04;Amex;Isfahan;850000.0;25
fail;26/9/2025 11:11;Master-Card;Isfahan;1463119.0;71
fail;4/9/2025 8:08;MastCard;Isfahan;471227.0;88
success;15/9/2025 13:13;Discover;karaj;100.5;11
success;29/9/2025 12:34;visa;Tabriz;-5000.0;36
success;4/9/2025 9:45;Amex;karaj;0.0;49
fail;20/9/2025 10:48;Vsa;Shiraz;1578078.0;48
Success;10/9/2025 1:01;MastCard;Tabriz;200000.0;88
Success;24/9/2025 7:08;visa;Tehran;9999999999.0;7
fail;22/9/2025 7:08;Vsa;Ahvaz;914282.0;92
success;3/9/2025 15:45;MasterCard;Tabriz;0.0;77
success;26/9/2025 14:11;Discover;TEHRAN;914465.0;51
success;5/9/2025 16:16;MastCard;Tehran;914465.0;17
fail;6/9/2025 13:13;Amex;Shiraz;583952.0;32
success;21/9/2025 13:13;Amex;Karaj;-5000.0;26
fail;22/9/2025 8:08;Discover;Shiraz;177050.0;22
fail;8/9/2025 10:48;MasterCard;Tabriz;850000.0;13
success;7/9/2025 16:40;Amex;THR;583952.0;12
success;21/9/2025 19:51;Vsa;Ahvaz;-5000.0;71
success;10/9/2025 10:05;MastCard;Mashhad;200000.0;1
success;6/9/2025 12:44;Visa;Qom;200000.0;33
fail;14/9/2025 14:11;Discover;Qom;914465.0;14
success;4/9/2025 8:59;Visa;tehr@n;0.0;64
fail;28/9/2025 19:19;Visa;TEHRAN;545116.0;43
success;25/9/2025 20:33;Visa;Tabriz;99999.0;58
failed;13/9/2025 21:23;Vsa;Tabriz;250000.0;41
success;20/9/2025 0:00;Master-Card;ThRan;-5000.0;81
success;17/9/2025 7:08;Discover;Tabriz;120000.0;68
success;23/9/2025 20:20;Amex;tehr@n;1768588.0;39
failed;7/9/2025 22:27;MastCard;Shiraz;177050.0;1
success;4/9/2025 23:59;Master Card;Tehran;0.0;41
failed;29/9/2025 5:23;nan;Isfahan;300000.0;45
succeed;14/9/2025 3:27;Visa;Mashhad;1050805.0;89
success;3/9/2025 19:51;Discover;karaj;-5000.0;99
success;24/9/2025 18:12;Visa;Tabriz;200000.0;99
fail;5/9/2025 12:34;Amex;Tabriz;585954.0;89
fail;16/9/2025 11:11;MastCard;TEHRAN;412308.0;79
success;26/9/2025 8:08;Discover;Tehran;1782689.0;81
failed;23/9/2025 2:30;Master-Card;Qom;120000.0;13
success;20/9/2025 2:20;MasterCard;Mashhad;200000.0;71
FAIL;4/9/2025 19:40;visa;Tehran;100000.0;9
fail;24/9/2025 18:00;Visa;Tehran;419089.0;63
success;30/9/2025 0:00;Visa;Isfahan;1305967.0;100
success;24/9/2025 7:32;Discover;Tehran;914465.0;23
success;2/9/2025 13:13;Visa;Mashhad;976246.0;54
failed;30/9/2025 19:51;Vsa;Shiraz;1305967.0;47
fail;18/9/2025 11:11;Visa;Karaj;0.0;39
fail;19/9/2025 13:13;MastCard;Qom;583952.0;88
success;28/9/2025 21:23;Visa;Isfahan;1387769.0;26
success;28/9/2025 2:20;Discover;Tehran;1578078.0;1
failed;19/9/2025 14:02;Vsa;Tabriz;-5000.0;14
FAIL;17/9/2025 7:08;Master Card;Isfahan;914465.0;97
fail;14/9/2025 3:00;MasterCard;TEHRAN;333333.0;74
success;19/9/2025 1:51;VISA;Tabriz;583952.0;65
success;22/9/2025 19:51;Amex;Isfahan;-5000.0;69
succeed;24/9/2025 9:00;MasterCard;Karaj;63489.0;67
Success;13/9/2025 2:24;Vsa;Karaj;123456.0;49
success;12/9/2025 2:54;Discover;Tehran ;914465.0;50
success;30/9/2025 13:13;Discover;Tehran;250000.0;58
fail;26/9/2025 2:30;Amex;Tehran;-999999.0;53
fail;6/9/2025 2:30;Discover;Tabriz;-5000.0;92
success;21/9/2025 23:17;Visa;Tehran;100.5;57
success;4/9/2025 21:10;Visa;Qom;1050805.0;87
success;19/9/2025 22:27;Vsa;TEHRAN;100.5;18
success;16/9/2025 19:19;MastCard;Karaj;333333.0;16
success;13/9/2025 23:17;MasterCard;Tehran;100.5;2
success;4/9/2025 19:19;Master-Card;Tehran;0.0;13
fail;30/9/2025 7:07;MasterCard;TEHRAN;12345.0;45
fail;23/9/2025 17:07;MastCard;Mashhad;50200.0;80
fail;17/9/2025 11:11;nan;TEHRAN;-5000.0;72
failed;23/9/2025 21:23;Vsa;Karaj;914465.0;43
fail;1/9/2025 10:48;MasterCard;nan;0.0;72
failed;18/9/2025 1:01;MastCard;THR;585954.0;54
fail;20/9/2025 14:00;MasterCard;Isfahan;300000.0;74
success;17/9/2025 2:30;Amex;Ahvaz;850000.0;98
Success;27/9/2025 7:08;Discover;Mashhad;120000.0;31
success;28/9/2025 23:17;MasterCard;Tabriz;774681.0;76
fail;27/9/2025 2:30;Visa;Tabriz;1768588.0;9
fail;15/9/2025 4:15;Visa;Isfahan;120000.0;73
Success;11/9/2025 11:11;Amex;Tehran;-999999.0;48
success;25/9/2025 2:37;Master-Card;Tehran;1387769.0;18
success;28/9/2025 18:00;Visa;Mashhad;1463119.0;95
success;22/9/2025 9:45;Visa;tehr@n;1000.0;97
fail;13/9/2025 14:55;MasterCard;Qom;583952.0;88
fail;1/9/2025 11:11;Amex;Isfahan;1463119.0;11
success;17/9/2025 13:13;Visa;Tabriz;0.0;62
success;6/9/2025 7:08;Visa;Tehran;100000.0;84
fail;4/9/2025 10:48;MasterCard;Shiraz;177050.0;19
failed;20/9/2025 14:55;Vsa;karaj;-999999.0;91
failed;16/9/2025 21:10;Visa;Isfahan;1768588.0;74
Success;15/9/2025 20:20;Discover;Qom;-5000.0;24
fail;27/9/2025 23:59;Amex;Karaj;1578078.0;13
fail;15/9/2025 21:10;Visa;Tehran;976246.0;46
failed;6/9/2025 17:07;Discover;Isfahan;1768588.0;53
fail;15/9/2025 21:23;MasterCard;Karaj;1427657.0;99
fail;14/9/2025 17:17;Master Card;Karaj;250000.0;29
failed;28/9/2025 19:51;Discover;Tehran;555555.0;36
fail;11/9/2025 12:34;MasterCard;Tabriz;123456.0;71
success;7/9/2025 13:13;MasterCard;Karaj;1883871.0;95
success;9/9/2025 19:40;Master-Card;Tabriz;419089.0;17
failed;26/9/2025 18:12;Visa;karaj;333333.0;48
fail;16/9/2025 14:00;Amex;Tehran;443463.0;77
failed;5/9/2025 12:34;Vsa;Tehran;471227.0;24
success;25/9/2025 3:00;visa;Tabriz;583952.0;54
success;20/9/2025 4:04;MastCard;TEHRAN;0.0;96
fail;29/9/2025 17:07;Discover;Ahvaz;471227.0;92
fail;10/9/2025 11:11;MasterCard;THR;-5000.0;85
success;18/9/2025 10:48;Discover;Isfahan;300000.0;1
success;3/9/2025 12:12;Amex;karaj;585954.0;79
Success;13/9/2025 9:00;MastCard;THR;412308.0;67
success;11/9/2025 19:51;Vsa;Isfahan;1305967.0;6
success;17/9/2025 7:07;MasterCard;nan;0.0;78
success;30/9/2025 2:20;MastCard;THR;443463.0;55
failed;30/9/2025 4:40;nan;Tehran ;1578078.0;38
success;22/9/2025 23:59;nan;THR;471227.0;33
fail;13/9/2025 20:20;MastCard;Ahvaz;177050.0;8
failed;6/9/2025 9:45;Amex;tehr@n;200000.0;91
success;17/9/2025 6:06;MasterCard;Isfahan;0.0;79
success;27/9/2025 5:56;Visa;Ahvaz;412308.0;78
success;13/9/2025 14:11;Visa;Tabriz;1387769.0;20
success;19/9/2025 18:12;MasterCard;Karaj;0.0;55
fail;21/9/2025 14:02;Visa;Ahvaz;419089.0;48
fail;19/9/2025 3:00;Amex;Karaj;452545.0;83
failed;10/9/2025 10:05;Amex;THR;-1.0;56
fail;3/9/2025 12:12;MasterCard;Isfahan;200000.0;98
success;14/9/2025 23:59;Visa;Qom;0.0;89
fail;26/9/2025 11:11;Visa;Tehran;471227.0;10
fail;19/9/2025 8:59;Visa;Tehran;-5000.0;52
fail;5/9/2025 21:23;Visa;Shiraz;-1.0;50
success;29/9/2025 16:16;visa;Qom;976246.0;34
success;5/9/2025 19:51;Discover;Tehran;443463.0;36
fail;20/9/2025 8:08;Discover;Tabriz;1472823.0;61
fail;17/9/2025 1:51;Visa;Isfahan;120000.0;16
Success;21/9/2025 12:34;Amex;Karaj;250000.0;79
success;10/9/2025 1:01;Amex;Shiraz;333333.0;18
failed;5/9/2025 20:33;Visa;Tehran;774681.0;71
Success;4/9/2025 13:10;nan;Ahvaz;12345.0;47
FAIL;6/9/2025 8:08;Vsa;Tabriz;583952.0;87
failed;26/9/2025 21:21;Visa;Shiraz;1578078.0;32
fail;4/9/2025 3:27;MasterCard;Tehran;200000.0;43
FAIL;30/9/2025 19:40;MasterCard;nan;1158713.0;83
failed;7/9/2025 1:01;Discover;Tehran;-5000.0;40
failed;7/9/2025 10:05;Vsa;Karaj;545116.0;65
fail;18/9/2025 16:40;Visa;Qom;0.0;35
Success;3/9/2025 20:33;MasterCard;Tehran;-5000.0;69
success;1/9/2025 10:48;MasterCard;Tehran;1578078.0;50
success;24/9/2025 13:13;MasterCard;Isfahan;443463.0;12
fail;25/9/2025 1:01;Master-Card;Ahvaz;0.0;76
fail;4/9/2025 23:59;Visa;Tehran;-5000.0;85
FAIL;6/9/2025 7:07;Visa;Karaj;1050805.0;58
success;9/9/2025 8:08;Amex;Shiraz;583952.0;83
fail;22/9/2025 4:40;Visa;Tabriz;177050.0;63
failed;14/9/2025 23:17;Visa;Tehran;9999999999.0;73
fail;28/9/2025 16:16;MasterCard;TEHRAN;1502601.0;49
success;12/9/2025 14:11;Visa;Tabriz;1463119.0;36
fail;28/9/2025 14:11;Discover;Tehran;650000.0;54
fail;25/9/2025 17:17;Discover;Karaj;100.5;47
fail;20/9/2025 14:30;Visa;Tabriz;250000.0;32
fail;24/9/2025 13:13;Amex;Mashhad;250000.0;100
fail;25/9/2025 7:07;Visa;Tehran;1305967.0;96
success;4/9/2025 12:34;VISA;nan;0.0;53
Success;21/9/2025 6:30;Discover;Mashhad;471227.0;32
success;30/9/2025 5:56;MastCard;nan;-5000.0;62
fail;24/9/2025 21:23;Vsa;Isfahan;0.0;37
fail;12/9/2025 4:40;Discover;Isfahan;1578078.0;97
failed;10/9/2025 7:08;MastCard;TEHRAN;850000.0;38
FAIL;30/9/2025 6:30;Vsa;Tabriz;177050.0;30
fail;22/9/2025 17:17;Discover;Isfahan;1578078.0;58
fail;28/9/2025 10:48;visa;Tehran;1000.0;32
success;7/9/2025 2:54;Visa;tehr@n;1578078.0;66
success;3/9/2025 19:51;Visa;Tehran;5000.0;51
success;23/9/2025 17:17;Vsa;Ahvaz;0.0;11
success;28/9/2025 12:12;Visa;Qom;0.0;59
success;14/9/2025 23:59;MastCard;Tehran;205000.0;20
FAIL;24/9/2025 16:40;Master-Card;Tehran;1427657.0;37
fail;10/9/2025 5:56;Master Card;tehr@n;12345.0;73
succeed;16/9/2025 15:45;MasterCard;Karaj;99999.0;49
fail;16/9/2025 14:55;VISA;Karaj;1.0;19
success;22/9/2025 22:27;MasterCard;Isfahan;583952.0;55
success;10/9/2025 7:07;Visa;Tabriz;1427657.0;40
success;25/9/2025 23:59;MasterCard;Karaj;976246.0;7
success;13/9/2025 6:30;Amex;Shiraz;50200.0;5
fail;6/9/2025 12:44;MasterCard;Karaj;5000.0;42
fail;12/9/2025 14:55;Amex;Isfahan;100.5;89
success;9/9/2025 2:30;MasterCard;ThRan;63489.0;48
success;13/9/2025 8:08;MasterCard;Tehran;343679.0;7
fail;4/9/2025 19:51;Master Card;Tehran;1768588.0;11
Success;24/9/2025 18:00;MasterCard;TEHRAN;450000.0;73
fail;11/9/2025 23:59;Discover;Shiraz;585954.0;49
success;20/9/2025 4:04;MastCard;Tabriz;1427657.0;30
fail;18/9/2025 3:27;Discover;Ahvaz;-5000.0;41
success;26/9/2025 21:23;Vsa;Mashhad;343679.0;3
fail;11/9/2025 7:07;Visa;Tehran;471227.0;87
success;25/9/2025 20:33;Discover;Shiraz;200000.0;40
fail;21/9/2025 14:11;Visa;Tabriz;914282.0;51
fail;4/9/2025 4:04;Visa;Tehran;1000.0;84
success;18/9/2025 6:06;Amex;Tabriz;-1.0;32
success;1/9/2025 13:10;Discover;Mashhad;343679.0;48
fail;27/9/2025 22:27;Master-Card;Tehran;1768588.0;71
fail;7/9/2025 1:51;MasterCard;THR;12345.0;71
failed;6/9/2025 12:12;Discover;Qom;-5000.0;20
fail;15/9/2025 20:20;MastCard;Tabriz;774681.0;90
Success;18/9/2025 12:12;Amex;Karaj;419089.0;35
success;24/9/2025 9:00;Vsa;Ahvaz;585954.0;24
fail;11/9/2025 14:02;Amex;Shiraz;177050.0;40
success;20/9/2025 3:27;Visa;Tabriz;914465.0;77
failed;24/9/2025 14:11;MastCard;Tehran;9999999999.0;52
fail;15/9/2025 14:11;Discover;THR;100000.0;39
success;16/9/2025 5:23;MasterCard;Tabriz;450000.0;68
success;7/9/2025 3:00;nan;Tehran;1578078.0;61
Success;21/9/2025 18:12;Discover;Shiraz;-5000.0;76
success;10/9/2025 9:00;Amex;Tehran;1502601.0;81
fail;26/9/2025 21:23;Discover;nan;1578078.0;65
fail;12/9/2025 9:00;Visa;THR;177050.0;62
fail;24/9/2025 17:17;MasterCard;Shiraz;-999999.0;81
fail;14/9/2025 6:06;Amex;karaj;-5000.0;2
fail;25/9/2025 14:11;MasterCard;Mashhad;850000.0;6
success;5/9/2025 6:06;Discover;Ahvaz;177050.0;75
fail;26/9/2025 0:00;Vsa;Shiraz;-1.0;43
fail;21/9/2025 14:30;Visa;Tehran;443463.0;82
success;18/9/2025 10:48;Discover;tehr@n;-1.0;40
fail;5/9/2025 22:27;Vsa;THR;471227.0;90
fail;3/9/2025 2:30;nan;tehr@n;63489.0;39
fail;23/9/2025 14:30;MasterCard;Karaj;50200.0;28
fail;26/9/2025 13:13;Master-Card;Isfahan;177050.0;80
failed;5/9/2025 0:00;Visa;Tabriz;0.0;63
success;24/9/2025 21:10;Visa;Tehran;200000.0;64
fail;17/9/2025 16:40;Vsa;Tehran;-5000.0;12
fail;19/9/2025 2:24;Master-Card;Tabriz;1427657.0;41
fail;19/9/2025 11:11;Visa;Qom;1158713.0;29
success;25/9/2025 12:12;Visa;Karaj;976246.0;23
success;21/9/2025 7:32;Visa;Tabriz;1463119.0;85
success;12/9/2025 16:40;Discover;Qom;850000.0;80
fail;25/9/2025 17:17;MastCard;Isfahan;914282.0;51
fail;29/9/2025 19:40;MasterCard;Karaj;-999999.0;45
success;9/9/2025 18:45;MasterCard;ThRan;1158713.0;91
failed;1/9/2025 13:13;Amex;Karaj;1883871.0;22
Success;18/9/2025 14:11;Master-Card;Tehran;583952.0;10
fail;21/9/2025 14:55;Visa;Mashhad;200000.0;7
success;4/9/2025 21:23;MastCard;Ahvaz;0.0;73
success;10/9/2025 5:23;nan;Qom;0.0;90
Success;25/9/2025 19:51;Visa;tehr@n;120000.0;15
fail;7/9/2025 19:51;Vsa;Tehran;1305967.0;77
success;22/9/2025 6:06;MastCard;Tabriz;177050.0;46
fail;23/9/2025 16:40;Visa;Tabriz;914465.0;91
success;1/9/2025 12:34;Visa;Ahvaz;123456.0;85
fail;17/9/2025 19:51;Amex;Mashhad;50200.0;88
success;24/9/2025 14:30;MasterCard;Tehran;12345.0;61
failed;29/9/2025 9:09;MasterCard;Tabriz;0.0;93
fail;29/9/2025 7:07;Visa;Mashhad;9999999999.0;61
success;2/9/2025 0:00;MastCard;nan;0.0;51
fail;28/9/2025 21:23;Discover;Isfahan;585954.0;38
success;26/9/2025 19:40;Discover;Tehran;200000.0;12
fail;11/9/2025 18:12;Discover;Mashhad;1427657.0;89
fail;9/9/2025 7:07;MastCard;Tabriz;-5000.0;77
failed;7/9/2025 19:51;Visa;Qom;9999999999.0;66
fail;22/9/2025 5:56;Visa;Mashhad;1158713.0;54
success;17/9/2025 12:44;Visa;Karaj;1387769.0;39
failed;17/9/2025 22:27;Visa;TEHRAN;-999999.0;76
Success;2/9/2025 11:11;Visa;Tehran;1158713.0;39
failed;6/9/2025 14:30;Amex;karaj;850000.0;78
fail;14/9/2025 21:23;MastCard;tehr@n;200000.0;30
failed;6/9/2025 16:40;Amex;Isfahan;1502601.0;48
fail;2/9/2025 11:11;MasterCard;Tehran;-5000.0;83
Success;1/9/2025 11:11;Visa;karaj;120000.0;31
success;10/9/2025 13:13;Master Card;Karaj;0.0;25
success;21/9/2025 4:40;Visa;Tabriz;1782689.0;68
fail;5/9/2025 1:51;MastCard;Mashhad;650000.0;51
success;2/9/2025 2:30;nan;Qom;412308.0;13
failed;22/9/2025 12:44;MastCard;Tehran;9999999999.0;63
failed;16/9/2025 5:23;Visa;Karaj;9999999999.0;42
fail;25/9/2025 0:00;Discover;Karaj;100000.0;54
Success;2/9/2025 9:00;Visa;THR;1.0;67
fail;10/9/2025 13:13;Amex;Qom;343679.0;80
success;2/9/2025 0:00;Amex;Qom;-5000.0;91
success;16/9/2025 7:32;MastCard;Shiraz;-5000.0;56
fail;16/9/2025 8:59;Visa;Tabriz;419089.0;19
fail;19/9/2025 9:09;Vsa;Ahvaz;0.0;46
success;29/9/2025 1:51;MastCard;Shiraz;5000.0;15
fail;7/9/2025 7:32;Visa;karaj;177050.0;32
fail;22/9/2025 8:08;Discover;Ahvaz;-1.0;49
success;12/9/2025 4:15;Amex;Shiraz;-5000.0;21
failed;24/9/2025 9:45;MasterCard;Tehran;0.0;65
success;15/9/2025 14:02;Visa;TEHRAN;1427657.0;70
fail;8/9/2025 16:40;Visa;Isfahan;177050.0;27
fail;6/9/2025 16:40;Vsa;Tehran ;99999.0;23
success;28/9/2025 19:19;Visa;Isfahan;-1.0;47
success;27/9/2025 10:48;Visa;Tehran;976246.0;96
success;10/9/2025 19:19;Vsa;THR;-1.0;12
failed;3/9/2025 10:48;Amex;Ahvaz;100.5;85
success;19/9/2025 13:13;Amex;Ahvaz;583952.0;66
fail;17/9/2025 23:17;MasterCard;Tehran;1000.0;5
Success;7/9/2025 6:06;Amex;THR;1883871.0;9
success;21/9/2025 8:08;Amex;Qom;0.0;20
success;20/9/2025 11:11;VISA;Mashhad;650000.0;82
Success;26/9/2025 4:40;Visa;TEHRAN;-1.0;63
Success;4/9/2025 2:37;Visa;Shiraz;0.0;87
success;14/9/2025 2:54;Visa;Tehran;0.0;72
fail;20/9/2025 3:00;Amex;Mashhad;1305967.0;99
succeed;22/9/2025 12:12;Amex;Shiraz;471227.0;73
success;15/9/2025 2:24;Visa;TEHRAN;177050.0;71
success;24/9/2025 9:45;Discover;Tabriz;12345.0;30
success;8/9/2025 2:37;Visa;Ahvaz;1387769.0;82
success;21/9/2025 10:05;Discover;Ahvaz;1782689.0;92
failed;15/9/2025 8:08;Master Card;Tehran;419089.0;16
success;22/9/2025 5:23;MastCard;Tehran;123456.0;85
failed;20/9/2025 23:17;Visa;Qom;774681.0;5
failed;28/9/2025 2:20;Discover;Ahvaz;471227.0;29
failed;14/9/2025 7:08;Visa;Qom;0.0;47
success;27/9/2025 3:00;MastCard;karaj;1578078.0;22
failed;29/9/2025 2:37;MasterCard;Shiraz;123456.0;78
fail;9/9/2025 11:11;visa;Shiraz;50200.0;57
fail;8/9/2025 14:00;MastCard;Tehran;100000.0;83
failed;26/9/2025 17:07;MasterCard;Tehran;343679.0;35
success;28/9/2025 11:11;Vsa;Karaj;914282.0;89
fail;26/9/2025 20:20;MastCard;Ahvaz;1883871.0;60
fail;17/9/2025 8:08;Discover;Qom;-5000.0;70
fail;2/9/2025 14:11;MasterCard;Qom;1158713.0;60
success;25/9/2025 18:12;Amex;Shiraz;-5000.0;58
success;24/9/2025 18:00;MasterCard;Tehran;1782689.0;3
fail;30/9/2025 0:00;Visa;Shiraz;585954.0;34
failed;3/9/2025 7:07;Visa;Mashhad;9999999999.0;45
fail;8/9/2025 21:23;Discover;Qom;0.0;50
failed;12/9/2025 14:02;Visa;Qom;1.0;2
success;1/9/2025 7:32;nan;Ahvaz;471227.0;15
success;10/9/2025 5:23;MastCard;Tabriz;976246.0;37
fail;20/9/2025 2:30;MastCard;Isfahan;1782689.0;15
fail;3/9/2025 19:19;Amex;Isfahan;471227.0;60
failed;6/9/2025 14:11;MastCard;Ahvaz;1768588.0;97
fail;7/9/2025 2:37;visa;Isfahan;914465.0;85
FAIL;20/9/2025 0:00;Discover;Tehran;585954.0;64
success;23/9/2025 4:15;MastCard;ThRan;-999999.0;81
success;25/9/2025 15:45;Discover;Mashhad;0.0;99
success;27/9/2025 13:13;Master-Card;Tehran;976246.0;97
fail;18/9/2025 18:45;Master-Card;Shiraz;1463119.0;52
success;11/9/2025 13:13;Master-Card;Karaj;914282.0;23
succeed;19/9/2025 10:48;Visa;Mashhad;-5000.0;100
fail;5/9/2025 14:00;Discover;Shiraz;99999.0;37
success;19/9/2025 13:10;Visa;Tehran;200000.0;41
success;11/9/2025 12:44;MasterCard;Isfahan;177050.0;57
success;24/9/2025 4:40;MasterCard;Tehran;100.5;98
fail;12/9/2025 14:00;Discover;Isfahan;1578078.0;25
success;10/9/2025 0:00;MastCard;Qom;471227.0;37
succeed;8/9/2025 11:11;Discover;Isfahan;0.0;40
fail;24/9/2025 2:30;Master-Card;Qom;9999999999.0;85
success;28/9/2025 12:12;Visa;Mashhad;177050.0;46
success;28/9/2025 14:11;Discover;Tabriz;1305967.0;60
success;9/9/2025 14:00;Amex;Tehran;1050805.0;99
success;4/9/2025 19:19;Amex;Tabriz;177050.0;19
success;5/9/2025 18:45;Visa;Tehran;0.0;92
fail;21/9/2025 21:21;Vsa;Karaj;1768588.0;9
failed;8/9/2025 17:17;Amex;karaj;250000.0;69
failed;23/9/2025 23:59;Master-Card;Karaj;0.0;5
fail;9/9/2025 21:10;Master-Card;Shiraz;123456.0;90
success;15/9/2025 19:51;Amex;Tabriz;0.0;26
success;15/9/2025 22:27;nan;Karaj;545116.0;19
succeed;16/9/2025 7:08;Vsa;Qom;1472823.0;30
Success;14/9/2025 8:59;Master Card;Tehran;200000.0;48
failed;8/9/2025 14:55;Master-Card;TEHRAN;850000.0;16
fail;18/9/2025 2:30;Vsa;Tehran;1782689.0;71
Success;10/9/2025 13:13;MasterCard;Mashhad;-5000.0;18
failed;28/9/2025 7:07;Visa;Mashhad;50200.0;56
fail;20/9/2025 20:33;nan;karaj;976246.0;21
fail;6/9/2025 15:45;MastCard;TEHRAN;205000.0;31
success;12/9/2025 14:11;Discover;tehr@n;12345.0;1
success;2/9/2025 13:13;Discover;Qom;200000.0;3
fail;7/9/2025 15:45;MastCard;Karaj;1305967.0;96
fail;16/9/2025 14:55;MasterCard;Tehran;1050805.0;25
fail;3/9/2025 0:00;Visa;Mashhad;0.0;8
success;13/9/2025 14:11;Visa;TEHRAN;63489.0;65
fail;3/9/2025 21:21;MastCard;Mashhad;1463119.0;62
success;27/9/2025 1:51;Discover;Tehran;1050805.0;7
fail;18/9/2025 21:10;MasterCard;Tehran;1158713.0;7
Success;11/9/2025 8:08;MastCard;Isfahan;1.0;8
failed;8/9/2025 7:08;MastCard;Tabriz;0.0;19
failed;6/9/2025 7:08;Visa;Isfahan;100000.0;17
success;1/9/2025 0:00;Visa;Tabriz;1502601.0;11
fail;28/9/2025 17:07;Amex;Tabriz;123456.0;49
success;1/9/2025 3:27;MastCard;Tehran;120000.0;11
fail;23/9/2025 11:11;Visa;THR;914465.0;41
succeed;8/9/2025 4:15;Discover;Karaj;0.0;62
fail;5/9/2025 8:08;Master-Card;Shiraz;471227.0;52
success;28/9/2025 2:24;Master Card;Shiraz;914282.0;66
success;16/9/2025 11:11;MasterCard;Isfahan;471227.0;68
Success;11/9/2025 19:19;Visa;karaj;177050.0;93
success;5/9/2025 14:55;Discover;tehr@n;471227.0;98
success;4/9/2025 19:29;Discover;Tehran;1782689.0;75
success;30/9/2025 23:59;Discover;Tehran;0.0;67
success;6/9/2025 1:51;MasterCard;Shiraz;343679.0;40
fail;14/9/2025 13:13;Amex;Tabriz;-5000.0;5
failed;22/9/2025 14:02;Visa;TEHRAN;1782689.0;85
success;19/9/2025 2:37;Master-Card;Shiraz;12345.0;22
fail;9/9/2025 21:10;Amex;Isfahan;452545.0;37
Success;12/9/2025 2:30;Amex;Isfahan;1305967.0;11
success;11/9/2025 11:11;visa;Karaj;1782689.0;44
failed;14/9/2025 9:09;Amex;Tehran;205000.0;87
failed;23/9/2025 17:07;nan;THR;0.0;53
failed;16/9/2025 4:04;Discover;Tehran;1.0;77
fail;1/9/2025 0:00;Discover;Tehran ;0.0;61
fail;13/9/2025 2:30;MasterCard;Tehran;1.0;67
failed;23/9/2025 3:00;MasterCard;Karaj;0.0;13
failed;21/9/2025 23:59;Visa;Tehran;1463119.0;93
success;21/9/2025 14:30;MastCard;Isfahan;914282.0;11
success;30/9/2025 21:23;Visa;Shiraz;-5000.0;11
fail;13/9/2025 2:24;MastCard;Tehran;205000.0;85
FAIL;2/9/2025 23:59;MasterCard;Isfahan;1502601.0;85
fail;4/9/2025 13:10;MastCard;Tabriz;471227.0;7
fail;28/9/2025 3:00;MasterCard;Mashhad;1158713.0;17
success;6/9/2025 1:01;VISA;Mashhad;1782689.0;48
fail;26/9/2025 20:20;Discover;Ahvaz;9999999999.0;14
Success;27/9/2025 19:29;visa;Tehran;850000.0;63
fail;23/9/2025 8:08;Visa;Tehran;177050.0;64
fail;27/9/2025 0:00;MastCard;Isfahan;0.0;98
success;5/9/2025 8:08;MasterCard;THR;200000.0;75
success;25/9/2025 10:05;Vsa;THR;1578078.0;77
fail;3/9/2025 0:00;Vsa;Qom;1782689.0;65
success;1/9/2025 15:45;Vsa;THR;1463119.0;34
success;4/9/2025 4:15;Visa;Ahvaz;99999.0;9
failed;25/9/2025 13:13;Vsa;Tabriz;1387769.0;77
fail;20/9/2025 0:00;Visa;Tehran;585954.0;37
FAIL;2/9/2025 19:19;Visa;Tabriz;177050.0;30
success;26/9/2025 22:27;Visa;Tabriz;-999999.0;41
fail;30/9/2025 8:08;MasterCard;Shiraz;1472823.0;45
fail;30/9/2025 18:00;MastCard;Qom;443463.0;47
success;5/9/2025 4:40;Visa;Qom;450000.0;7
fail;3/9/2025 14:11;Visa;Tehran;1782689.0;14
fail;29/9/2025 2:20;Amex;Ahvaz;-1.0;48
fail;28/9/2025 17:17;visa;Isfahan;1768588.0;6
success;29/9/2025 14:11;Amex;Mashhad;200000.0;34
success;9/9/2025 21:23;MastCard;nan;1387769.0;80
fail;20/9/2025 2:30;Amex;Tabriz;0.0;46
success;6/9/2025 6:30;Vsa;Isfahan;914465.0;59
failed;18/9/2025 3:27;VISA;Shiraz;850000.0;70
fail;6/9/2025 13:13;MasterCard;THR;205000.0;8
failed;19/9/2025 15:45;MasterCard;Tehran;1578078.0;24
success;28/9/2025 3:00;Master-Card;Karaj;0.0;67
Success;12/9/2025 0:00;VISA;TEHRAN;1000.0;4
fail;25/9/2025 5:23;Visa;Isfahan;343679.0;97
succeed;11/9/2025 7:07;Amex;Tabriz;63489.0;1
success;2/9/2025 13:13;Vsa;Karaj;300000.0;34
success;15/9/2025 12:12;MasterCard;Tabriz;850000.0;9
success;12/9/2025 21:10;MasterCard;Isfahan;120000.0;63
fail;12/9/2025 12:44;Amex;TEHRAN;1502601.0;76
Success;9/9/2025 20:20;Discover;Qom;123456.0;10
success;21/9/2025 16:40;Discover;Tehran;0.0;10
fail;24/9/2025 2:54;visa;Tabriz;-5000.0;50
fail;2/9/2025 6:06;Amex;Shiraz;471227.0;44
fail;22/9/2025 0:00;Master-Card;Mashhad;177050.0;48
success;3/9/2025 18:00;Vsa;Shiraz;774681.0;88
success;12/9/2025 14:11;Amex;Ahvaz;205000.0;6
success;28/9/2025 2:37;Vsa;Mashhad;555555.0;89
fail;30/9/2025 12:12;Discover;ThRan;343679.0;24
success;26/9/2025 19:51;Amex;TEHRAN;1782689.0;85
success;16/9/2025 14:00;Amex;Tehran;-5000.0;96
fail;21/9/2025 3:27;Amex;Tabriz;1.0;58
fail;28/9/2025 2:20;Visa;Tabriz;545116.0;64
fail;24/9/2025 9:00;Discover;Tehran;50200.0;95
failed;26/9/2025 5:23;Discover;Tabriz;650000.0;56
success;30/9/2025 0:00;Amex;Isfahan;419089.0;99
succeed;1/9/2025 12:12;VISA;Tehran;-999999.0;82
fail;21/9/2025 4:15;Master Card;Tehran;63489.0;12
failed;3/9/2025 17:17;Visa;Tehran;419089.0;35
success;20/9/2025 5:56;Discover;Tehran;5000.0;71
success;2/9/2025 14:30;Visa;Mashhad;99999.0;90
fail;9/9/2025 11:11;MasterCard;Isfahan;63489.0;6
success;19/9/2025 7:07;Vsa;tehr@n;850000.0;65
failed;15/9/2025 20:33;nan;Tehran;9999999999.0;80
fail;18/9/2025 1:51;Discover;TEHRAN;443463.0;60
fail;26/9/2025 8:08;Discover;Tehran;-1.0;68
success;11/9/2025 21:23;Visa;Shiraz;333333.0;29
FAIL;25/9/2025 19:51;Discover;Tabriz;120000.0;38
success;23/9/2025 16:16;Vsa;karaj;9999999999.0;93
fail;16/9/2025 0:00;Amex;Tehran;5000.0;22
success;22/9/2025 8:08;Vsa;tehr@n;1472823.0;8
fail;17/9/2025 8:59;Amex;Tehran;0.0;63
failed;5/9/2025 23:59;Discover;Tabriz;200000.0;97
success;12/9/2025 10:48;Visa;Mashhad;545116.0;98
success;11/9/2025 13:10;Visa;Ahvaz;1502601.0;13
fail;30/9/2025 22:27;Vsa;tehr@n;585954.0;27
Success;15/9/2025 2:20;Vsa;Isfahan;-999999.0;18
success;27/9/2025 13:13;Vsa;Ahvaz;200000.0;18
FAIL;3/9/2025 3:27;Visa;Karaj;0.0;77
success;1/9/2025 13:13;MastCard;Qom;650000.0;87
failed;20/9/2025 18:00;Visa;Karaj;-5000.0;62
failed;29/9/2025 9:45;Visa;Tehran;250000.0;14
fail;16/9/2025 1:51;MasterCard;Isfahan;177050.0;11
FAIL;2/9/2025 14:30;MasterCard;Ahvaz;1768588.0;87
fail;2/9/2025 5:23;Vsa;Mashhad;333333.0;17
success;3/9/2025 18:00;MastCard;THR;471227.0;51
FAIL;8/9/2025 11:11;Visa;karaj;250000.0;97
fail;24/9/2025 8:59;Visa;THR;343679.0;14
success;28/9/2025 12:34;Discover;Tehran;555555.0;57
success;15/9/2025 8:08;Visa;Tabriz;1782689.0;94
success;7/9/2025 17:17;Discover;Tehran;976246.0;6
failed;6/9/2025 21:23;MastCard;ThRan;450000.0;57
success;9/9/2025 4:40;Discover;Tabriz;0.0;4
failed;20/9/2025 21:23;Vsa;Isfahan;1502601.0;11
fail;28/9/2025 6:30;MasterCard;Tabriz;555555.0;74
fail;1/9/2025 2:24;Discover;Tehran;419089.0;93
success;8/9/2025 14:30;MasterCard;Tabriz;1472823.0;11
success;23/9/2025 19:19;MastCard;Tehran;99999.0;100
fail;23/9/2025 3:00;MasterCard;Isfahan;1768588.0;79
success;3/9/2025 7:32;Visa;Tehran ;1158713.0;8
fail;4/9/2025 18:45;nan;Karaj;-5000.0;84
failed;26/9/2025 1:51;Visa;Karaj;1387769.0;59
fail;25/9/2025 20:20;nan;Mashhad;-999999.0;21
success;15/9/2025 16:40;Visa;karaj;1.0;65
success;6/9/2025 7:08;Vsa;TEHRAN;1883871.0;94
Success;15/9/2025 14:30;MasterCard;Tehran ;177050.0;24
success;21/9/2025 8:59;MasterCard;Tehran;177050.0;30
failed;3/9/2025 13:13;Visa;THR;1578078.0;100
failed;25/9/2025 21:21;Discover;Tabriz;914465.0;98
success;21/9/2025 9:09;Vsa;Isfahan;-1.0;84
fail;21/9/2025 11:11;Master-Card;Isfahan;1387769.0;57
failed;14/9/2025 16:40;MasterCard;Shiraz;333333.0;80
success;20/9/2025 5:56;Discover;Qom;1000.0;73
success;14/9/2025 23:59;Visa;Tehran;0.0;96
success;4/9/2025 9:00;MastCard;Ahvaz;774681.0;17
failed;12/9/2025 21:10;Discover;Isfahan;0.0;59
FAIL;17/9/2025 12:12;Visa;Tehran;585954.0;31
Success;7/9/2025 18:00;Amex;Isfahan;450000.0;64
fail;9/9/2025 19:40;MasterCard;Mashhad;1768588.0;48
success;3/9/2025 3:00;Visa;Tehran;450000.0;23
fail;28/9/2025 4:40;Visa;Tehran;177050.0;70
fail;13/9/2025 14:11;MastCard;nan;0.0;30
failed;15/9/2025 14:02;Visa;THR;-5000.0;55
fail;18/9/2025 13:13;Master-Card;Tehran;0.0;7
success;19/9/2025 5:56;Discover;Qom;250000.0;75
success;1/9/2025 13:10;Visa;Isfahan;1387769.0;99
success;6/9/2025 13:10;MastCard;Qom;-5000.0;12
fail;27/9/2025 7:08;MasterCard;Mashhad;452545.0;60
fail;27/9/2025 12:34;Discover;Tehran;976246.0;52
success;23/9/2025 4:40;MasterCard;Tabriz;1578078.0;27
fail;27/9/2025 23:59;Visa;Tehran;0.0;12
succeed;27/9/2025 19:40;Amex;Mashhad;343679.0;13
failed;2/9/2025 13:13;Discover;TEHRAN;545116.0;72
success;24/9/2025 0:00;MastCard;nan;-5000.0;80
failed;14/9/2025 19:51;Amex;tehr@n;650000.0;62
fail;6/9/2025 7:08;Amex;ThRan;9999999999.0;29
success;14/9/2025 9:09;Vsa;Tehran;1578078.0;35
fail;4/9/2025 19:19;Amex;Karaj;0.0;60
success;21/9/2025 11:11;MasterCard;Tabriz;50200.0;29
success;8/9/2025 21:23;Discover;THR;120000.0;31
fail;30/9/2025 14:11;Visa;karaj;100.5;77
fail;3/9/2025 14:02;Vsa;Isfahan;1158713.0;76
fail;19/9/2025 12:44;MastCard;Mashhad;1782689.0;61
success;30/9/2025 21:10;Discover;Tabriz;-5000.0;2
fail;14/9/2025 12:34;Master-Card;Tabriz;-5000.0;33
success;27/9/2025 2:30;Amex;ThRan;177050.0;72
success;20/9/2025 0:00;MasterCard;THR;471227.0;62
success;17/9/2025 16:40;Visa;Tehran;914465.0;59
success;25/9/2025 4:40;Discover;Tabriz;250000.0;40
fail;8/9/2025 18:12;Amex;Tehran;177050.0;49
success;24/9/2025 11:11;Visa;ThRan;1.0;32
Success;14/9/2025 19:29;MasterCard;TEHRAN;120000.0;38
success;26/9/2025 2:30;visa;Qom;450000.0;93
success;6/9/2025 2:24;MastCard;Karaj;471227.0;79
success;23/9/2025 12:34;Amex;Ahvaz;850000.0;88
fail;22/9/2025 3:27;MasterCard;Tabriz;1578078.0;89
success;16/9/2025 14:55;Visa;tehr@n;900000.0;13
Success;25/9/2025 23:59;Master Card;Mashhad;0.0;85
fail;19/9/2025 0:00;nan;Tehran;1472823.0;54
failed;14/9/2025 7:08;MastCard;Isfahan;1883871.0;76
fail;19/9/2025 19:19;Visa;Qom;-999999.0;13
success;3/9/2025 12:12;Visa;Isfahan;1782689.0;39
failed;10/9/2025 10:48;Visa;Karaj;0.0;23
failed;19/9/2025 8:08;MasterCard;THR;471227.0;93
failed;9/9/2025 22:27;Visa;Ahvaz;-5000.0;14
Success;28/9/2025 3:00;MastCard;Shiraz;583952.0;17
success;20/9/2025 19:19;MasterCard;Mashhad;583952.0;24
success;13/9/2025 3:27;Visa;Tabriz;1463119.0;58
fail;7/9/2025 3:27;MastCard;Mashhad;9999999999.0;63
fail;14/9/2025 16:40;Visa;Tabriz;123456.0;34
success;9/9/2025 9:00;Vsa;tehr@n;1463119.0;51
success;27/9/2025 18:12;Discover;TEHRAN;419089.0;87
success;28/9/2025 23:59;Discover;Tehran;0.0;10
failed;23/9/2025 8:59;Visa;karaj;914465.0;72
success;25/9/2025 22:27;visa;Karaj;250000.0;21
fail;28/9/2025 0:00;Amex;Tehran ;200000.0;37
success;19/9/2025 17:17;MasterCard;Mashhad;123456.0;7
success;15/9/2025 0:00;Visa;Karaj;-5000.0;91
success;20/9/2025 18:45;MastCard;Mashhad;412308.0;13
failed;14/9/2025 7:08;Discover;Tehran;177050.0;80
success;24/9/2025 16:40;visa;Tehran;123456.0;30
failed;6/9/2025 10:48;Master Card;Tehran;1782689.0;31
success;21/9/2025 4:04;MastCard;Tabriz;9999999999.0;5
success;29/9/2025 18:45;VISA;Tabriz;1.0;32
success;4/9/2025 3:00;Visa;Karaj;914465.0;16
fail;8/9/2025 2:24;Discover;Karaj;419089.0;73
fail;17/9/2025 4:40;Discover;Tehran ;1782689.0;22
fail;30/9/2025 6:06;Visa;Tabriz;1502601.0;64
success;9/9/2025 11:11;VISA;tehr@n;650000.0;44
fail;1/9/2025 17:17;Visa;Shiraz;200000.0;40
succeed;24/9/2025 0:00;Master-Card;Mashhad;583952.0;37
success;20/9/2025 2:30;Vsa;Shiraz;450000.0;78
success;25/9/2025 21:23;Discover;Karaj;1387769.0;16
fail;14/9/2025 23:17;Visa;Tehran;650000.0;43
fail;11/9/2025 13:10;Visa;Ahvaz;-5000.0;84
fail;21/9/2025 5:56;Visa;Karaj;1000.0;63
success;3/9/2025 21:21;MasterCard;nan;100.5;15
success;9/9/2025 19:51;MasterCard;TEHRAN;976246.0;44
success;27/9/2025 3:27;Amex;Karaj;333333.0;91
success;14/9/2025 9:45;Vsa;Karaj;-5000.0;9
success;30/9/2025 20:20;Discover;tehr@n;100.5;65
fail;9/9/2025 3:27;Visa;Tehran ;471227.0;100
success;4/9/2025 5:23;Vsa;karaj;1472823.0;44
success;27/9/2025 0:00;Discover;Ahvaz;0.0;20
success;4/9/2025 0:00;Discover;Tehran;120000.0;70
fail;28/9/2025 4:40;MastCard;karaj;-5000.0;74
success;8/9/2025 12:34;nan;Tabriz;300000.0;33
fail;2/9/2025 8:08;nan;Qom;100.5;80
FAIL;9/9/2025 13:13;Visa;Isfahan;-5000.0;6
success;29/9/2025 12:44;MasterCard;Isfahan;200000.0;83
succeed;14/9/2025 7:32;Visa;Tabriz;471227.0;31
success;22/9/2025 5:56;VISA;THR;-999999.0;66
fail;9/9/2025 12:12;Visa;Ahvaz;976246.0;18
success;24/9/2025 4:40;Visa;Mashhad;412308.0;28
fail;23/9/2025 4:40;Master-Card;Shiraz;-5000.0;68
failed;16/9/2025 15:45;VISA;ThRan;1050805.0;65
failed;29/9/2025 11:11;MastCard;Isfahan;120000.0;80
success;30/9/2025 21:10;Visa;Qom;343679.0;45
success;17/9/2025 13:13;MasterCard;Mashhad;9999999999.0;58
success;16/9/2025 13:10;Vsa;tehr@n;1050805.0;47
succeed;30/9/2025 19:51;Amex;Isfahan;-5000.0;66
fail;12/9/2025 10:48;Visa;ThRan;200000.0;52
success;3/9/2025 12:12;Visa;Tabriz;774681.0;36
success;11/9/2025 10:48;Master-Card;Tehran;1427657.0;1
FAIL;14/9/2025 12:12;MasterCard;Tehran;545116.0;39
failed;18/9/2025 10:05;MastCard;Isfahan;-999999.0;88
succeed;21/9/2025 9:00;Discover;Shiraz;343679.0;91
success;21/9/2025 10:48;MasterCard;Mashhad;343679.0;75
fail;5/9/2025 19:40;VISA;Isfahan;-5000.0;1
success;16/9/2025 2:30;Discover;Qom;774681.0;75
success;20/9/2025 23:17;MastCard;karaj;450000.0;89
success;5/9/2025 9:09;Visa;karaj;585954.0;74
fail;3/9/2025 19:40;Visa;Karaj;205000.0;14
success;12/9/2025 23:59;Vsa;tehr@n;976246.0;78
fail;1/9/2025 13:10;Vsa;Qom;-5000.0;71
failed;21/9/2025 4:15;MastCard;Tehran;1768588.0;23
fail;29/9/2025 9:00;Visa;Tabriz;0.0;43
success;9/9/2025 5:23;Discover;Tabriz;583952.0;22
fail;29/9/2025 3:27;nan;Qom;1000.0;60
fail;9/9/2025 2:37;Discover;TEHRAN;63489.0;27
Success;4/9/2025 16:40;Vsa;karaj;452545.0;56
fail;3/9/2025 4:15;Discover;Tabriz;177050.0;2
fail;17/9/2025 23:59;Master Card;Mashhad;1578078.0;39
fail;2/9/2025 11:11;nan;Shiraz;650000.0;51
success;24/9/2025 16:40;Visa;ThRan;1578078.0;19
success;1/9/2025 1:51;Vsa;Tehran;452545.0;62
fail;8/9/2025 15:45;Visa;Mashhad;100.5;71
success;13/9/2025 5:56;Visa;ThRan;-5000.0;76
fail;23/9/2025 23:59;MasterCard;Tehran ;583952.0;67
failed;15/9/2025 13:13;Amex;Tabriz;1782689.0;63
failed;8/9/2025 9:45;Discover;Tehran;412308.0;5
succeed;12/9/2025 18:00;Amex;Qom;99999.0;72
Success;22/9/2025 18:12;Visa;THR;1472823.0;78
fail;12/9/2025 8:08;Visa;Tabriz;123456.0;61
fail;14/9/2025 2:20;Amex;tehr@n;1768588.0;71
success;15/9/2025 14:30;MasterCard;Tabriz;0.0;7
fail;15/9/2025 2:30;MastCard;Shiraz;1472823.0;50
fail;9/9/2025 3:27;Amex;Karaj;9999999999.0;46
fail;19/9/2025 17:17;Master-Card;Isfahan;177050.0;97
success;26/9/2025 1:51;MasterCard;Isfahan;452545.0;72
success;20/9/2025 17:17;Visa;Mashhad;250000.0;76
fail;29/9/2025 11:11;Amex;karaj;450000.0;74
fail;22/9/2025 14:11;MastCard;Tehran;50200.0;14
success;8/9/2025 7:08;MasterCard;Shiraz;100.5;73
fail;21/9/2025 8:08;MastCard;Karaj;450000.0;95
FAIL;19/9/2025 5:56;Discover;Qom;976246.0;69
fail;6/9/2025 18:12;Visa;tehr@n;100.5;65
success;20/9/2025 20:33;Amex;Qom;0.0;65
success;25/9/2025 18:00;Discover;Shiraz;300000.0;57
fail;29/9/2025 8:08;MasterCard;Qom;9999999999.0;62
success;19/9/2025 14:11;MasterCard;Karaj;419089.0;20
success;4/9/2025 19:19;MasterCard;Tehran;585954.0;75
failed;23/9/2025 2:20;Amex;TEHRAN;0.0;26
success;7/9/2025 2:30;Visa;Tehran;650000.0;44
fail;28/9/2025 17:17;visa;Shiraz;200000.0;67
fail;28/9/2025 15:45;MastCard;Shiraz;250000.0;70
fail;4/9/2025 21:23;MasterCard;Tabriz;1463119.0;62
fail;22/9/2025 19:51;Visa;Tehran;250000.0;45
success;12/9/2025 4:40;Visa;Tehran;471227.0;11
succeed;13/9/2025 10:48;MastCard;Tabriz;-5000.0;72
success;3/9/2025 19:51;Discover;THR;100.5;94
success;22/9/2025 23:59;Visa;THR;-5000.0;74
success;12/9/2025 11:11;Discover;Tehran;1050805.0;34
failed;2/9/2025 19:51;Amex;Tabriz;976246.0;89
fail;24/9/2025 18:00;MastCard;TEHRAN;914465.0;46
success;2/9/2025 8:08;Amex;Tabriz;850000.0;81
failed;27/9/2025 23:17;Master-Card;nan;976246.0;32
fail;23/9/2025 11:11;Visa;Tabriz;1578078.0;75
fail;9/9/2025 14:11;Amex;Karaj;914282.0;99
FAIL;1/9/2025 13:13;Visa;Isfahan;200000.0;89
success;8/9/2025 7:08;Amex;Tehran;1305967.0;5
fail;23/9/2025 3:27;Amex;Tabriz;914465.0;63
success;6/9/2025 2:24;Visa;Shiraz;1050805.0;29
success;6/9/2025 19:19;Discover;Isfahan;177050.0;48
success;22/9/2025 2:37;Vsa;Qom;1782689.0;99
fail;25/9/2025 19:40;Visa;Tabriz;100.5;16
fail;18/9/2025 12:44;MasterCard;Mashhad;1387769.0;25
success;17/9/2025 18:00;nan;Mashhad;-5000.0;72
success;29/9/2025 18:45;MasterCard;Isfahan;100.5;29
failed;12/9/2025 19:29;MastCard;Tehran;1427657.0;52
fail;6/9/2025 14:55;Vsa;Mashhad;1.0;46
failed;26/9/2025 16:16;Visa;Karaj;1050805.0;25
fail;27/9/2025 10:48;Visa;Tehran ;1305967.0;23
success;8/9/2025 21:21;MastCard;Ahvaz;0.0;34
failed;19/9/2025 19:51;MastCard;Tehran;9999999999.0;67
success;28/9/2025 6:30;Visa;Tabriz;-5000.0;95
fail;10/9/2025 0:00;Discover;Tehran;1387769.0;34
fail;1/9/2025 14:30;MasterCard;Tehran;0.0;32
success;25/9/2025 8:59;Vsa;Tabriz;-999999.0;29
success;29/9/2025 10:48;MasterCard;Tehran;419089.0;9
succeed;13/9/2025 21:21;nan;Tabriz;774681.0;66
success;17/9/2025 17:07;visa;Tabriz;1578078.0;57
failed;3/9/2025 10:48;Vsa;Tabriz;1305967.0;39
success;8/9/2025 19:51;Amex;Tehran;-999999.0;7
failed;14/9/2025 2:37;Discover;Tabriz;0.0;69
fail;3/9/2025 13:10;Visa;Karaj;1782689.0;8
Success;16/9/2025 14:00;Amex;Tabriz;1472823.0;97
fail;13/9/2025 12:12;Discover;Tehran;50200.0;18
Success;20/9/2025 9:09;Discover;Tehran;1768588.0;82
fail;24/9/2025 6:30;MastCard;Mashhad;177050.0;49
success;17/9/2025 1:01;MasterCard;karaj;471227.0;16
success;13/9/2025 16:16;MastCard;Tehran;-5000.0;21
succeed;29/9/2025 8:08;MasterCard;Qom;1768588.0;10
success;6/9/2025 4:15;Visa;Shiraz;1472823.0;4
fail;17/9/2025 2:24;MasterCard;Qom;5000.0;44
success;14/9/2025 14:11;Master Card;THR;583952.0;8
fail;17/9/2025 21:10;Vsa;THR;250000.0;55
fail;30/9/2025 23:17;Visa;Tehran;-5000.0;19
fail;8/9/2025 14:11;Discover;Isfahan;300000.0;64
fail;11/9/2025 12:12;nan;Shiraz;0.0;40
success;20/9/2025 22:27;Visa;tehr@n;555555.0;51
failed;28/9/2025 11:11;Discover;Ahvaz;177050.0;9
Success;1/9/2025 17:17;Discover;Tehran;-5000.0;30
fail;26/9/2025 16:40;Amex;Tabriz;123456.0;56
fail;7/9/2025 19:19;MasterCard;Ahvaz;333333.0;81
fail;21/9/2025 13:10;Visa;Mashhad;419089.0;44
fail;21/9/2025 10:48;Amex;Qom;177050.0;59
fail;17/9/2025 20:20;Visa;Shiraz;0.0;15
fail;30/9/2025 14:55;Amex;Tehran;585954.0;68
success;10/9/2025 11:11;MasterCard;THR;419089.0;70
success;11/9/2025 17:07;MasterCard;THR;123456.0;61
success;22/9/2025 2:37;Visa;Mashhad;343679.0;80
fail;30/9/2025 1:01;Amex;Shiraz;585954.0;91
success;9/9/2025 2:30;MasterCard;Shiraz;9999999999.0;23
failed;9/9/2025 14:02;MasterCard;Tehran;-1.0;77
fail;24/9/2025 11:11;Amex;Tehran;177050.0;47
fail;5/9/2025 9:45;Amex;Tehran;1427657.0;17
fail;17/9/2025 14:30;Visa;TEHRAN;0.0;57
fail;9/9/2025 10:48;Visa;Isfahan;443463.0;54
success;17/9/2025 13:13;Discover;Tehran;200000.0;92
fail;24/9/2025 8:59;MastCard;Mashhad;-5000.0;52
success;21/9/2025 10:48;Amex;Tehran;976246.0;22
fail;19/9/2025 3:27;MastCard;Tehran;-999999.0;83
success;27/9/2025 13:13;MastCard;Mashhad;-5000.0;39
fail;7/9/2025 14:30;Master-Card;Mashhad;450000.0;100
success;23/9/2025 17:07;Discover;Qom;976246.0;13
fail;9/9/2025 12:12;Discover;Shiraz;250000.0;78
fail;7/9/2025 21:10;Vsa;Shiraz;1472823.0;96
failed;13/9/2025 2:20;Discover;Isfahan;177050.0;66
success;11/9/2025 18:00;MasterCard;Shiraz;1158713.0;52
fail;14/9/2025 0:00;Visa;Tabriz;50200.0;14
success;19/9/2025 7:08;nan;Isfahan;123456.0;73
success;11/9/2025 19:51;MasterCard;Isfahan;0.0;74
success;13/9/2025 0:00;Visa;Tabriz;0.0;63
success;14/9/2025 7:32;MastCard;Tabriz;1768588.0;71
failed;13/9/2025 23:59;Discover;Tehran;-5000.0;28
fail;1/9/2025 11:11;Master Card;Mashhad;419089.0;90
fail;8/9/2025 3:27;Discover;Qom;177050.0;46
fail;12/9/2025 12:12;Amex;Isfahan;1.0;28
success;19/9/2025 1:51;Discover;Tehran ;0.0;2
Success;12/9/2025 12:34;Vsa;Qom;1768588.0;17
failed;8/9/2025 3:27;Master-Card;TEHRAN;0.0;59
failed;8/9/2025 7:08;Vsa;Qom;-999999.0;52
succeed;29/9/2025 14:30;Master-Card;Tehran;1768588.0;4
success;21/9/2025 13:13;Visa;Tehran ;900000.0;77
success;13/9/2025 2:30;nan;THR;200000.0;82
succeed;12/9/2025 19:51;Amex;Mashhad;250000.0;3
fail;29/9/2025 19:51;Master-Card;Tabriz;1158713.0;37
success;16/9/2025 18:00;MastCard;Tabriz;-1.0;98
success;1/9/2025 16:16;Visa;Ahvaz;1883871.0;24
Success;13/9/2025 18:45;Amex;Tehran;1387769.0;72
failed;26/9/2025 10:48;Visa;Shiraz;-5000.0;35
failed;7/9/2025 23:17;MastCard;Shiraz;774681.0;2
Success;28/9/2025 21:10;MasterCard;Tehran;100.5;33
success;26/9/2025 3:00;Visa;Karaj;0.0;76
fail;5/9/2025 13:13;VISA;Karaj;1578078.0;87
fail;8/9/2025 23:17;Master-Card;Isfahan;9999999999.0;77
success;25/9/2025 23:59;Master-Card;Mashhad;650000.0;10
success;27/9/2025 7:08;Vsa;karaj;0.0;81
success;14/9/2025 2:30;MastCard;Mashhad;419089.0;62
fail;23/9/2025 11:11;Amex;Shiraz;0.0;43
Success;30/9/2025 11:11;Visa;Isfahan;471227.0;69
fail;13/9/2025 3:00;Master-Card;Tehran;1782689.0;59
failed;15/9/2025 19:19;Master-Card;nan;585954.0;9
failed;23/9/2025 5:23;MastCard;Mashhad;585954.0;77
success;17/9/2025 16:40;nan;Isfahan;-5000.0;60
success;15/9/2025 1:01;Amex;Karaj;100.5;63
success;20/9/2025 5:56;MasterCard;Shiraz;1578078.0;52
success;18/9/2025 5:56;VISA;Tabriz;177050.0;23
fail;18/9/2025 4:40;MasterCard;THR;9999999999.0;30
fail;2/9/2025 5:56;Amex;Tehran;1578078.0;43
fail;4/9/2025 19:19;Discover;Qom;1427657.0;68
fail;30/9/2025 6:06;Amex;Mashhad;976246.0;21
fail;1/9/2025 18:12;MastCard;Tabriz;50200.0;43
fail;4/9/2025 14:00;Amex;karaj;0.0;73
success;18/9/2025 19:29;MasterCard;Shiraz;120000.0;7
Success;5/9/2025 3:27;Discover;Ahvaz;443463.0;16
success;19/9/2025 13:13;Amex;Isfahan;177050.0;23
Success;15/9/2025 13:10;Master-Card;tehr@n;200000.0;58
success;28/9/2025 2:30;Visa;Isfahan;1883871.0;88
success;8/9/2025 2:37;Visa;Mashhad;1578078.0;31
success;20/9/2025 4:40;Visa;tehr@n;1502601.0;69
fail;17/9/2025 18:45;nan;Tehran;0.0;6
failed;1/9/2025 14:00;Amex;Tehran;0.0;65
failed;12/9/2025 11:11;Master Card;nan;1502601.0;59
success;26/9/2025 18:12;Amex;Tehran ;450000.0;28
fail;19/9/2025 7:08;MasterCard;Ahvaz;-1.0;18
failed;15/9/2025 19:51;Vsa;Mashhad;650000.0;89
fail;9/9/2025 17:17;Visa;Mashhad;471227.0;77
fail;7/9/2025 9:45;Discover;Tabriz;100.5;98
failed;2/9/2025 16:16;MasterCard;Isfahan;914282.0;10
success;29/9/2025 6:30;Discover;Isfahan;1427657.0;7
success;9/9/2025 1:01;Discover;Tehran;1463119.0;37
Success;10/9/2025 17:07;Visa;Mashhad;177050.0;97
success;2/9/2025 0:00;Visa;Mashhad;-999999.0;45
success;19/9/2025 18:12;Discover;Shiraz;1.0;87
fail;11/9/2025 2:37;Vsa;Mashhad;419089.0;16
fail;13/9/2025 0:00;Visa;THR;200000.0;89
failed;10/9/2025 14:30;Discover;Isfahan;-5000.0;14
success;14/9/2025 14:02;Visa;Isfahan;200000.0;11
fail;18/9/2025 2:24;Amex;Qom;1158713.0;83
fail;19/9/2025 5:56;Amex;Tabriz;0.0;88
success;22/9/2025 19:29;Master-Card;Isfahan;1387769.0;34
success;9/9/2025 4:40;Vsa;Karaj;50200.0;60
success;25/9/2025 2:54;Discover;Isfahan;5000.0;13
success;7/9/2025 9:09;Visa;TEHRAN;100.5;39
fail;28/9/2025 13:10;Visa;Shiraz;900000.0;44
success;3/9/2025 20:33;VISA;Tehran;1768588.0;28
failed;20/9/2025 7:08;MastCard;Mashhad;419089.0;40
fail;6/9/2025 14:00;Visa;Ahvaz;5000.0;16
success;27/9/2025 14:00;Visa;Shiraz;0.0;50
success;21/9/2025 20:33;MasterCard;THR;450000.0;28
success;2/9/2025 0:00;Visa;Ahvaz;200000.0;68
fail;29/9/2025 14:00;Vsa;Tehran;343679.0;93
Success;6/9/2025 23:59;Amex;Tehran;1000.0;60
success;3/9/2025 14:11;Amex;Shiraz;-999999.0;12
failed;16/9/2025 9:09;MasterCard;Tabriz;419089.0;16
fail;30/9/2025 21:21;Discover;Qom;471227.0;53
success;8/9/2025 13:13;Amex;Ahvaz;200000.0;54
success;2/9/2025 5:56;MastCard;Qom;850000.0;49
fail;17/9/2025 21:23;Discover;Isfahan;914465.0;36
fail;9/9/2025 8:08;MasterCard;Shiraz;471227.0;62
success;30/9/2025 23:59;Vsa;Tehran;0.0;84
fail;12/9/2025 23:59;Visa;Karaj;200000.0;26
success;3/9/2025 21:23;MasterCard;Karaj;1782689.0;56
fail;11/9/2025 4:40;Discover;Mashhad;9999999999.0;91
fail;1/9/2025 2:37;MastCard;Tabriz;419089.0;22
success;23/9/2025 19:51;Visa;Ahvaz;200000.0;73
fail;13/9/2025 19:29;MastCard;Mashhad;0.0;69
FAIL;15/9/2025 2:20;Visa;Tehran;50200.0;81
failed;26/9/2025 2:30;Visa;TEHRAN;914465.0;49
success;5/9/2025 13:13;MastCard;Ahvaz;-5000.0;99
failed;21/9/2025 0:00;Amex;Qom;583952.0;2
failed;30/9/2025 12:44;Master-Card;Isfahan;250000.0;53
fail;17/9/2025 16:40;MasterCard;Tehran ;976246.0;7
failed;25/9/2025 2:24;MasterCard;Ahvaz;419089.0;77
fail;23/9/2025 6:06;MastCard;Mashhad;583952.0;20
success;24/9/2025 8:08;Discover;Shiraz;1158713.0;95
success;25/9/2025 14:11;Visa;Tabriz;-5000.0;30
success;6/9/2025 18:45;Visa;Tehran;1050805.0;75
fail;28/9/2025 22:27;Discover;Tabriz;9999999999.0;96
fail;21/9/2025 5:23;Discover;Tabriz;343679.0;67
success;22/9/2025 21:21;Master Card;Karaj;1000.0;59
fail;11/9/2025 13:10;Vsa;Tehran;1768588.0;66
success;18/9/2025 15:45;nan;Ahvaz;-999999.0;3
success;4/9/2025 18:45;visa;Mashhad;443463.0;56
fail;3/9/2025 19:51;MasterCard;Isfahan;1768588.0;79
fail;13/9/2025 6:06;Visa;Tabriz;-999999.0;17
success;23/9/2025 14:11;Amex;Mashhad;200000.0;52
success;9/9/2025 5:23;Master-Card;Tabriz;-999999.0;7
fail;21/9/2025 21:23;MasterCard;Isfahan;300000.0;5
fail;6/9/2025 9:00;MasterCard;Karaj;1463119.0;99
fail;26/9/2025 12:12;Visa;Shiraz;0.0;98
fail;30/9/2025 14:02;MasterCard;Ahvaz;419089.0;54
success;28/9/2025 7:08;Discover;Karaj;1578078.0;61
success;12/9/2025 12:34;Discover;karaj;0.0;16
success;2/9/2025 11:11;Master-Card;Tehran;1768588.0;67
failed;3/9/2025 15:45;Visa;nan;200000.0;59
fail;3/9/2025 6:06;VISA;Mashhad;200000.0;47
success;28/9/2025 9:45;Visa;Karaj;63489.0;48
success;12/9/2025 7:08;Master Card;Karaj;300000.0;64
success;15/9/2025 18:12;Amex;Qom;850000.0;50
success;9/9/2025 18:00;MastCard;nan;976246.0;85
success;23/9/2025 2:24;Visa;Tabriz;583952.0;41
success;8/9/2025 9:45;Amex;Isfahan;177050.0;72
fail;11/9/2025 18:12;Master-Card;Tehran;1578078.0;22
success;16/9/2025 23:59;Visa;Tehran;1578078.0;54
success;26/9/2025 14:02;Visa;Karaj;452545.0;5
succeed;27/9/2025 13:10;Discover;Tehran;1000.0;17
success;25/9/2025 13:13;Visa;TEHRAN;-5000.0;78
success;22/9/2025 19:51;Visa;Shiraz;12345.0;41
success;4/9/2025 18:12;MastCard;Isfahan;412308.0;93
failed;28/9/2025 7:08;Visa;Tabriz;100000.0;96
succeed;1/9/2025 10:48;MastCard;Tehran;1050805.0;81
success;24/9/2025 1:51;Master-Card;TEHRAN;123456.0;35
success;7/9/2025 15:45;Amex;Karaj;5000.0;40
fail;2/9/2025 5:56;Visa;Isfahan;914282.0;22
success;24/9/2025 2:24;Amex;Tehran;471227.0;48
success;28/9/2025 7:08;Discover;Tabriz;-999999.0;53
success;5/9/2025 2:30;Discover;Tehran;555555.0;94
fail;7/9/2025 4:04;Discover;Ahvaz;1.0;10
success;4/9/2025 17:07;nan;Karaj;443463.0;18
fail;5/9/2025 23:59;MastCard;Mashhad;900000.0;100
success;24/9/2025 2:37;Visa;THR;1427657.0;80
fail;1/9/2025 14:00;MasterCard;Tehran;914282.0;49
success;1/9/2025 3:00;Discover;Mashhad;471227.0;71
fail;15/9/2025 23:59;VISA;Karaj;1502601.0;30
fail;20/9/2025 3:00;VISA;Tehran;1305967.0;19
success;19/9/2025 1:51;Discover;Isfahan;976246.0;55
fail;29/9/2025 22:27;Discover;Qom;1463119.0;60
success;10/9/2025 19:40;Amex;Isfahan;900000.0;88
Success;28/9/2025 11:11;MasterCard;Mashhad;450000.0;72
FAIL;18/9/2025 19:29;Visa;Shiraz;1463119.0;81
fail;28/9/2025 14:02;Amex;Isfahan;650000.0;21
failed;3/9/2025 19:51;Discover;Tehran;976246.0;26
fail;11/9/2025 9:45;Amex;Tehran;0.0;28
failed;15/9/2025 1:01;Discover;Mashhad;333333.0;39
success;27/9/2025 7:08;MastCard;Tehran;583952.0;33
fail;30/9/2025 1:01;MastCard;TEHRAN;0.0;40
success;11/9/2025 12:12;MasterCard;karaj;914282.0;83
fail;17/9/2025 14:55;MastCard;Isfahan;0.0;29
success;17/9/2025 8:08;MasterCard;karaj;-5000.0;20
success;6/9/2025 14:55;Visa;Mashhad;123456.0;20
success;5/9/2025 19:51;Visa;Tehran;0.0;74
success;8/9/2025 4:04;Discover;Shiraz;0.0;12
FAIL;2/9/2025 14:55;Visa;Karaj;200000.0;98
Success;16/9/2025 14:11;MastCard;Tehran;177050.0;25
success;20/9/2025 8:59;Discover;Tabriz;250000.0;25
success;24/9/2025 1:51;Visa;Tehran;1578078.0;4
failed;12/9/2025 11:11;Vsa;Tabriz;100.5;4
failed;6/9/2025 6:06;MastCard;Isfahan;-999999.0;9
fail;1/9/2025 2:54;MasterCard;Shiraz;300000.0;15
fail;4/9/2025 14:30;Discover;Tehran;1768588.0;26
fail;17/9/2025 14:30;Visa;Tehran;9999999999.0;79
success;13/9/2025 7:32;MasterCard;Tabriz;333333.0;91
fail;18/9/2025 11:11;Master-Card;karaj;419089.0;93
success;5/9/2025 2:30;Visa;Isfahan;914465.0;71
success;30/9/2025 12:44;Amex;Isfahan;-5000.0;32
success;24/9/2025 14:02;VISA;Mashhad;-999999.0;76
success;24/9/2025 0:00;Amex;Ahvaz;0.0;100
fail;27/9/2025 12:44;MasterCard;Mashhad;-5000.0;52
failed;3/9/2025 18:12;MastCard;Tehran;419089.0;32
Success;11/9/2025 9:00;Vsa;Tabriz;12345.0;9
success;13/9/2025 1:01;Amex;Tehran;976246.0;78
failed;4/9/2025 14:11;Master-Card;Mashhad;1463119.0;13
fail;26/9/2025 11:11;MasterCard;Tehran;123456.0;56
failed;27/9/2025 11:11;Vsa;Tabriz;-5000.0;44
fail;14/9/2025 2:24;Master Card;Shiraz;177050.0;98
success;22/9/2025 7:32;MasterCard;Isfahan;5000.0;97
fail;11/9/2025 0:00;Amex;Karaj;1578078.0;83
success;27/9/2025 2:37;Amex;Isfahan;9999999999.0;30
fail;10/9/2025 2:37;Vsa;Tehran ;333333.0;16
success;19/9/2025 3:27;Vsa;Tehran ;471227.0;12
fail;18/9/2025 2:54;Visa;Ahvaz;250000.0;74
failed;6/9/2025 7:08;MastCard;tehr@n;-5000.0;66
success;27/9/2025 20:20;Vsa;Tabriz;100.5;18
fail;29/9/2025 7:08;MastCard;Ahvaz;-5000.0;13
fail;15/9/2025 4:15;MastCard;Tabriz;471227.0;94
failed;21/9/2025 4:40;Visa;Karaj;9999999999.0;24
fail;30/9/2025 15:45;MasterCard;Isfahan;200000.0;12
success;10/9/2025 5:56;Vsa;Tabriz;976246.0;60
success;5/9/2025 7:08;nan;tehr@n;1768588.0;60
fail;26/9/2025 21:23;Visa;Tabriz;250000.0;94
fail;29/9/2025 5:23;Amex;Ahvaz;1050805.0;87
success;5/9/2025 7:08;Vsa;Shiraz;850000.0;1
fail;10/9/2025 21:23;MastCard;Tabriz;-5000.0;43
fail;28/9/2025 8:08;Amex;Mashhad;0.0;55
fail;5/9/2025 1:01;Visa;Tehran;250000.0;40
fail;3/9/2025 12:12;MastCard;TEHRAN;100.5;64
fail;23/9/2025 9:45;Vsa;Tehran ;976246.0;34
FAIL;6/9/2025 12:44;MastCard;Karaj;-999999.0;34
success;4/9/2025 19:29;MastCard;THR;0.0;48
success;18/9/2025 21:23;MasterCard;Tehran;976246.0;33
fail;28/9/2025 10:48;visa;Isfahan;-5000.0;68
fail;9/9/2025 2:20;Vsa;Tabriz;650000.0;30
failed;17/9/2025 7:07;Amex;Qom;123456.0;84
success;29/9/2025 10:48;nan;Tehran;9999999999.0;91
fail;13/9/2025 13:10;Master-Card;Qom;0.0;79
success;27/9/2025 1:01;Vsa;Shiraz;-999999.0;71
success;15/9/2025 20:20;Amex;Tehran;9999999999.0;71
failed;30/9/2025 10:48;MasterCard;Tehran;0.0;29
fail;20/9/2025 20:33;Discover;Tehran;100000.0;23
success;17/9/2025 11:11;Discover;Ahvaz;850000.0;34
success;13/9/2025 14:30;MasterCard;Tabriz;0.0;84
FAIL;16/9/2025 2:20;Amex;Tabriz;976246.0;15
failed;22/9/2025 2:37;Discover;Ahvaz;100.5;98
fail;4/9/2025 21:10;nan;Tehran;471227.0;53
success;5/9/2025 7:07;Amex;Isfahan;1578078.0;17
success;5/9/2025 0:00;MasterCard;Karaj;0.0;64
success;9/9/2025 14:55;MasterCard;Qom;1387769.0;84
failed;17/9/2025 2:37;Visa;Qom;1782689.0;61
failed;13/9/2025 7:08;Master-Card;Tehran;650000.0;57
fail;2/9/2025 21:23;Discover;Tehran;914465.0;77
fail;13/9/2025 7:32;Amex;Qom;205000.0;89
failed;22/9/2025 3:00;Amex;Tehran;0.0;37
fail;21/9/2025 12:44;Amex;THR;0.0;7
fail;27/9/2025 14:02;MasterCard;Isfahan;555555.0;8
fail;23/9/2025 7:08;Visa;Isfahan;205000.0;88
failed;19/9/2025 2:30;Discover;Tabriz;-999999.0;78
fail;3/9/2025 12:12;MasterCard;THR;343679.0;68
success;10/9/2025 6:06;Vsa;Shiraz;99999.0;21
fail;2/9/2025 20:33;MasterCard;Mashhad;0.0;61
fail;13/9/2025 16:16;Visa;Qom;343679.0;74
fail;19/9/2025 4:40;Visa;Isfahan;333333.0;87
fail;26/9/2025 15:45;Amex;Mashhad;1427657.0;95
failed;17/9/2025 16:40;MasterCard;Isfahan;177050.0;95
failed;21/9/2025 3:00;Visa;Isfahan;976246.0;80
success;14/9/2025 10:48;MastCard;Tabriz;419089.0;75
fail;12/9/2025 10:48;Visa;Tehran;471227.0;87
success;21/9/2025 21:23;MasterCard;Tehran;1768588.0;29
fail;12/9/2025 19:51;Discover;Tehran;1782689.0;25
fail;11/9/2025 20:33;nan;Tabriz;914282.0;58
success;7/9/2025 19:19;Visa;TEHRAN;5000.0;14
success;4/9/2025 2:37;MasterCard;Shiraz;0.0;78
fail;19/9/2025 9:00;Master Card;tehr@n;412308.0;66
fail;1/9/2025 0:00;Discover;Isfahan;12345.0;54
Success;28/9/2025 19:40;Amex;Isfahan;0.0;77
success;24/9/2025 23:59;Discover;Karaj;-999999.0;67
Success;29/9/2025 2:24;Visa;Qom;177050.0;30
succeed;3/9/2025 8:08;Amex;Mashhad;774681.0;18
success;13/9/2025 17:07;nan;Qom;0.0;54
fail;15/9/2025 0:00;MasterCard;Qom;1158713.0;21
failed;2/9/2025 2:20;Amex;Ahvaz;9999999999.0;53
fail;11/9/2025 3:00;Amex;Shiraz;0.0;83
fail;4/9/2025 19:51;MasterCard;tehr@n;1050805.0;16
success;19/9/2025 2:30;Amex;tehr@n;0.0;28
success;29/9/2025 9:09;Discover;Isfahan;583952.0;4
fail;17/9/2025 16:16;Discover;Tehran;1463119.0;55
success;3/9/2025 11:11;MasterCard;Tehran;200000.0;15
success;28/9/2025 19:40;Master-Card;Tehran;1782689.0;64
fail;18/9/2025 2:54;Discover;Tehran;0.0;65
fail;8/9/2025 2:30;Amex;Isfahan;419089.0;16
fail;22/9/2025 20:33;Visa;Tehran;450000.0;20
fail;25/9/2025 18:45;Discover;Shiraz;1578078.0;64
success;24/9/2025 14:00;Amex;Tehran;-5000.0;33
success;26/9/2025 9:00;MastCard;Mashhad;200000.0;81
success;19/9/2025 13:13;MasterCard;Tehran;-999999.0;69
fail;5/9/2025 18:45;Discover;karaj;976246.0;69
fail;7/9/2025 12:12;nan;Ahvaz;-5000.0;58
fail;21/9/2025 23:59;Visa;Isfahan;100.5;39
fail;8/9/2025 14:11;MastCard;TEHRAN;0.0;77
fail;28/9/2025 0:00;MastCard;Tehran;9999999999.0;36
success;5/9/2025 8:59;MastCard;karaj;1158713.0;95
fail;17/9/2025 7:32;nan;Qom;0.0;68
success;5/9/2025 14:11;MastCard;Tabriz;-5000.0;88
success;4/9/2025 11:11;Discover;Tehran;1427657.0;21
success;22/9/2025 5:56;Discover;Tehran;471227.0;63
fail;19/9/2025 12:44;Discover;THR;100000.0;85
failed;27/9/2025 12:44;Visa;Shiraz;100.5;6
FAIL;21/9/2025 20:20;nan;Tabriz;-5000.0;24
fail;2/9/2025 12:34;Visa;Mashhad;-5000.0;53
success;11/9/2025 18:45;MastCard;Tehran;12345.0;96
failed;22/9/2025 23:17;MastCard;Tehran;1578078.0;83
success;13/9/2025 1:51;Vsa;TEHRAN;-1.0;76
fail;15/9/2025 2:24;Amex;Mashhad;471227.0;78
success;12/9/2025 21:23;MastCard;Isfahan;1463119.0;50
success;22/9/2025 6:30;Discover;tehr@n;583952.0;12
fail;21/9/2025 8:08;MastCard;Isfahan;-5000.0;56
Success;22/9/2025 4:15;Discover;Isfahan;650000.0;15
success;11/9/2025 23:59;Master-Card;Tabriz;1387769.0;83
fail;7/9/2025 1:01;Visa;Qom;123456.0;93
success;28/9/2025 12:12;Discover;Qom;850000.0;40
success;5/9/2025 21:23;MasterCard;Tehran;1502601.0;41
fail;17/9/2025 7:32;Vsa;Shiraz;585954.0;69
fail;24/9/2025 21:21;MastCard;Ahvaz;1578078.0;69
failed;20/9/2025 2:24;Visa;Shiraz;177050.0;6
success;9/9/2025 20:33;Visa;THR;100.5;88
fail;14/9/2025 6:30;Discover;Tabriz;585954.0;67
fail;26/9/2025 13:13;MasterCard;Tehran;1.0;33
success;12/9/2025 8:08;MasterCard;Karaj;250000.0;43
success;6/9/2025 15:45;MasterCard;Tehran;900000.0;21
fail;17/9/2025 10:48;Amex;Tehran;200000.0;84
success;19/9/2025 4:15;MasterCard;Tehran;0.0;65
fail;19/9/2025 10:48;Master Card;Ahvaz;452545.0;17
fail;26/9/2025 2:37;Discover;Tehran;177050.0;94
success;16/9/2025 2:30;Amex;Tabriz;585954.0;8
fail;12/9/2025 14:11;Amex;Tehran;123456.0;64
failed;12/9/2025 17:17;Discover;Ahvaz;-5000.0;91
fail;20/9/2025 12:44;MasterCard;Mashhad;177050.0;28
success;6/9/2025 7:32;Discover;Tabriz;200000.0;99
fail;23/9/2025 11:11;Visa;Ahvaz;343679.0;91
fail;26/9/2025 2:30;MasterCard;Ahvaz;-5000.0;13
success;4/9/2025 12:12;Discover;Mashhad;1387769.0;13
success;6/9/2025 19:19;Visa;Tabriz;774681.0;38
success;11/9/2025 8:08;MasterCard;Qom;200000.0;25
success;1/9/2025 14:55;MasterCard;tehr@n;585954.0;62
success;30/9/2025 8:59;Visa;Tehran;419089.0;23
success;24/9/2025 11:11;Visa;Tabriz;100.5;87
success;23/9/2025 11:11;Amex;Tabriz;850000.0;21
success;15/9/2025 13:13;MastCard;Shiraz;1502601.0;54
failed;27/9/2025 11:11;Master Card;Shiraz;1463119.0;63
Success;11/9/2025 1:01;Visa;Tabriz;177050.0;30
fail;25/9/2025 2:20;Visa;Tabriz;0.0;75
success;19/9/2025 3:00;Visa;TEHRAN;177050.0;68
fail;18/9/2025 9:00;MasterCard;Ahvaz;99999.0;98
fail;17/9/2025 2:37;Amex;tehr@n;976246.0;76
success;19/9/2025 4:04;MasterCard;karaj;0.0;73
failed;21/9/2025 16:16;Vsa;Isfahan;774681.0;32
success;14/9/2025 23:59;MastCard;Tehran;1768588.0;75
success;27/9/2025 14:11;visa;Shiraz;12345.0;24
fail;18/9/2025 4:15;Visa;Isfahan;-5000.0;7
success;28/9/2025 13:13;Visa;Isfahan;100.5;72
failed;19/9/2025 19:51;Discover;Isfahan;1387769.0;98
fail;15/9/2025 19:51;Visa;tehr@n;419089.0;90
fail;15/9/2025 8:59;nan;Tehran;100.5;1
success;4/9/2025 14:11;Discover;Tehran;1387769.0;3
success;7/9/2025 0:00;Amex;Shiraz;123456.0;28
success;13/9/2025 12:34;Discover;THR;555555.0;43
success;3/9/2025 11:11;Discover;TEHRAN;1158713.0;98
success;16/9/2025 14:11;Visa;Qom;0.0;46
fail;9/9/2025 23:59;Discover;Tehran;419089.0;1
success;8/9/2025 3:27;Amex;Isfahan;1782689.0;38
fail;20/9/2025 21:23;VISA;TEHRAN;1305967.0;92
fail;13/9/2025 21:21;Amex;Mashhad;443463.0;35
success;17/9/2025 2:37;MasterCard;Karaj;9999999999.0;74
failed;17/9/2025 7:32;Visa;Tabriz;50200.0;76
failed;17/9/2025 18:45;Vsa;Tehran;50200.0;74
success;1/9/2025 9:00;Visa;Qom;1883871.0;54
fail;8/9/2025 14:11;Master-Card;karaj;0.0;99
fail;19/9/2025 7:07;MasterCard;nan;900000.0;24
fail;6/9/2025 13:10;Visa;karaj;-1.0;28
failed;3/9/2025 4:15;MasterCard;Qom;419089.0;22
failed;27/9/2025 8:08;visa;Shiraz;-5000.0;16
Success;5/9/2025 21:21;Discover;karaj;1387769.0;13
fail;13/9/2025 11:11;Discover;Tehran;1782689.0;62
success;15/9/2025 8:59;Visa;tehr@n;471227.0;43
success;14/9/2025 14:02;Amex;Mashhad;976246.0;88
success;29/9/2025 19:29;Visa;tehr@n;914465.0;78
success;23/9/2025 16:16;MastCard;Ahvaz;200000.0;32
success;16/9/2025 19:51;nan;Tehran;200000.0;67
fail;18/9/2025 3:00;nan;Tehran;100.5;92
fail;22/9/2025 2:37;Visa;Isfahan;100.5;83
fail;29/9/2025 21:23;Amex;Tabriz;914282.0;87
fail;22/9/2025 6:06;Visa;Isfahan;-5000.0;57
fail;11/9/2025 21:23;Amex;Qom;99999.0;65
fail;3/9/2025 3:00;Vsa;Isfahan;1578078.0;69
fail;22/9/2025 13:13;MasterCard;Tehran;123456.0;49
success;10/9/2025 18:00;Master-Card;Tehran ;9999999999.0;33
failed;10/9/2025 10:05;Vsa;Isfahan;1305967.0;19
failed;30/9/2025 6:06;Discover;THR;12345.0;36
fail;21/9/2025 21:23;Amex;Tehran;1427657.0;70
fail;16/9/2025 0:00;Visa;karaj;-5000.0;15
fail;12/9/2025 14:02;MasterCard;Tehran;1768588.0;98
FAIL;2/9/2025 19:19;Discover;Karaj;-999999.0;24
success;9/9/2025 10:48;nan;Shiraz;976246.0;27
fail;24/9/2025 9:45;MasterCard;TEHRAN;-999999.0;49
failed;3/9/2025 12:44;Amex;Tabriz;100.5;75
fail;24/9/2025 0:00;MastCard;Tehran;1782689.0;23
failed;30/9/2025 7:08;Vsa;THR;914282.0;33
fail;25/9/2025 2:30;MastCard;Tabriz;-5000.0;41
fail;30/9/2025 11:11;Discover;Tabriz;412308.0;56
success;15/9/2025 2:37;MastCard;Mashhad;1578078.0;29
failed;3/9/2025 4:15;Amex;Tehran;0.0;31
failed;19/9/2025 12:44;Amex;Tabriz;1578078.0;65
success;18/9/2025 19:29;Visa;Isfahan;976246.0;99
fail;8/9/2025 13:13;Discover;Tabriz;177050.0;18
fail;26/9/2025 21:23;nan;Mashhad;583952.0;82
FAIL;17/9/2025 20:20;Discover;Isfahan;0.0;6
success;8/9/2025 23:59;MasterCard;Ahvaz;1883871.0;52
success;7/9/2025 13:10;Visa;TEHRAN;1463119.0;40
success;30/9/2025 9:09;Visa;Tehran;443463.0;65
success;7/9/2025 5:56;Visa;karaj;1463119.0;42
success;3/9/2025 4:04;Amex;tehr@n;12345.0;95
success;1/9/2025 2:30;nan;Karaj;471227.0;68
failed;4/9/2025 9:09;Discover;nan;333333.0;32
success;25/9/2025 17:07;Discover;Isfahan;850000.0;10
success;5/9/2025 2:37;Amex;karaj;1000.0;69
fail;1/9/2025 15:45;Discover;Shiraz;1463119.0;9
fail;15/9/2025 18:45;nan;Tabriz;1768588.0;69
Success;5/9/2025 5:56;Discover;Karaj;976246.0;61
fail;13/9/2025 2:30;MasterCard;Mashhad;200000.0;11
failed;8/9/2025 16:40;MasterCard;Tehran;1782689.0;100
success;8/9/2025 23:59;Vsa;Tehran;99999.0;92
failed;5/9/2025 13:13;Amex;Karaj;-5000.0;68
Success;28/9/2025 4:40;Discover;Karaj;250000.0;74
success;9/9/2025 14:00;Visa;Mashhad;-5000.0;98
failed;1/9/2025 17:07;nan;Mashhad;419089.0;8
fail;4/9/2025 19:51;Vsa;Tehran;0.0;49
success;3/9/2025 7:07;Visa;Isfahan;177050.0;24
success;2/9/2025 2:37;Vsa;THR;1158713.0;33
fail;8/9/2025 14:55;Amex;THR;1387769.0;19
success;23/9/2025 3:00;MasterCard;Shiraz;1502601.0;2
success;9/9/2025 14:11;Visa;nan;0.0;55
failed;2/9/2025 6:06;Vsa;TEHRAN;0.0;11
fail;14/9/2025 7:08;Visa;Tehran;914465.0;100
success;14/9/2025 3:27;MastCard;Isfahan;200000.0;17
fail;4/9/2025 23:17;Visa;Tehran;123456.0;42
success;30/9/2025 9:09;Vsa;Mashhad;200000.0;61
success;6/9/2025 12:34;Visa;Ahvaz;1782689.0;3
success;11/9/2025 2:30;Discover;Tehran;100.5;87
success;3/9/2025 7:07;Discover;THR;9999999999.0;35
fail;8/9/2025 2:30;Visa;Qom;0.0;85
fail;3/9/2025 12:44;MasterCard;Ahvaz;-5000.0;90
fail;14/9/2025 0:00;Discover;Tehran;583952.0;66
success;28/9/2025 20:20;visa;Tehran;412308.0;1
failed;13/9/2025 10:48;Amex;Shiraz;0.0;7
fail;13/9/2025 23:59;Amex;karaj;976246.0;20
fail;2/9/2025 19:51;Visa;THR;-999999.0;43
success;13/9/2025 12:12;MasterCard;Karaj;0.0;6
success;29/9/2025 23:17;Visa;Tehran;300000.0;55
fail;19/9/2025 14:11;MastCard;Tehran;343679.0;21
fail;27/9/2025 7:07;Discover;THR;50200.0;51
fail;6/9/2025 2:37;MastCard;Tehran;471227.0;46
fail;16/9/2025 5:23;Discover;Karaj;-999999.0;35
fail;2/9/2025 7:07;visa;Mashhad;343679.0;8
fail;8/9/2025 3:27;Visa;Isfahan;1578078.0;68
success;17/9/2025 10:05;Visa;Isfahan;419089.0;16
success;23/9/2025 22:27;Amex;tehr@n;0.0;67
fail;2/9/2025 11:11;Master Card;THR;0.0;71
success;10/9/2025 14:00;Amex;THR;555555.0;64
success;28/9/2025 7:08;Visa;Isfahan;-999999.0;2
Success;16/9/2025 0:00;MasterCard;Tehran;1883871.0;1
fail;6/9/2025 19:51;nan;nan;1578078.0;58
success;28/9/2025 12:34;Visa;Tehran;177050.0;1
success;2/9/2025 2:24;Visa;Mashhad;0.0;7
fail;2/9/2025 20:33;Vsa;Tabriz;1000.0;89
failed;26/9/2025 6:06;Master-Card;Mashhad;177050.0;69
success;13/9/2025 15:45;MastCard;Tabriz;-999999.0;85
success;24/9/2025 4:40;visa;TEHRAN;0.0;93
fail;15/9/2025 4:40;Visa;Tehran ;9999999999.0;18
fail;28/9/2025 11:11;Amex;Isfahan;471227.0;89
success;2/9/2025 9:00;MastCard;Tehran;1.0;32
fail;7/9/2025 10:48;MastCard;Shiraz;1387769.0;45
success;3/9/2025 12:12;Vsa;Isfahan;9999999999.0;33
fail;8/9/2025 15:45;nan;ThRan;1463119.0;74
success;23/9/2025 3:27;Discover;Tehran;9999999999.0;73
success;14/9/2025 3:27;Visa;Tehran;0.0;49
fail;24/9/2025 11:11;Discover;Karaj;5000.0;33
success;30/9/2025 6:30;MastCard;Ahvaz;0.0;98
success;23/9/2025 9:45;Visa;Mashhad;774681.0;71
fail;27/9/2025 15:45;Vsa;Tabriz;1883871.0;68
fail;22/9/2025 8:08;Visa;Tabriz;-1.0;28
fail;29/9/2025 19:40;Visa;Isfahan;1782689.0;88
fail;7/9/2025 0:00;MasterCard;Tabriz;471227.0;53
Success;21/9/2025 18:00;MastCard;THR;850000.0;97
success;7/9/2025 12:34;Discover;Tehran;0.0;44
fail;1/9/2025 3:27;MastCard;Isfahan;0.0;80
fail;17/9/2025 4:15;MasterCard;Ahvaz;-999999.0;55
fail;9/9/2025 21:10;Visa;Tehran;1578078.0;10
success;30/9/2025 1:51;Visa;THR;0.0;14
fail;21/9/2025 6:30;MastCard;Karaj;1768588.0;36
success;13/9/2025 11:11;Discover;Tehran;100.5;34
fail;21/9/2025 2:37;nan;TEHRAN;-5000.0;89
failed;19/9/2025 1:51;MasterCard;Mashhad;-5000.0;18
fail;21/9/2025 19:19;Discover;Shiraz;177050.0;16
success;19/9/2025 15:45;Discover;THR;250000.0;37
success;25/9/2025 20:33;Visa;THR;1000.0;41
success;25/9/2025 14:30;Amex;Isfahan;0.0;25
failed;22/9/2025 18:12;Amex;Tabriz;-999999.0;8
success;17/9/2025 20:20;Vsa;Tabriz;1578078.0;89
success;23/9/2025 11:11;Visa;Ahvaz;205000.0;84
success;23/9/2025 23:59;Discover;tehr@n;419089.0;95
FAIL;30/9/2025 3:27;Visa;Tehran;1158713.0;84
success;10/9/2025 0:00;Discover;Tehran;1463119.0;18
failed;10/9/2025 10:48;MasterCard;karaj;100000.0;68
fail;4/9/2025 1:01;VISA;Isfahan;123456.0;48
success;8/9/2025 2:54;Amex;Tabriz;650000.0;70
failed;22/9/2025 1:51;Vsa;Tehran;1883871.0;67
fail;20/9/2025 13:13;Discover;Isfahan;-5000.0;18
FAIL;20/9/2025 2:30;Visa;Tehran ;545116.0;18
fail;18/9/2025 14:55;Discover;Tehran ;1768588.0;56
failed;14/9/2025 4:15;Discover;Tabriz;1782689.0;23
success;18/9/2025 6:30;Amex;Tehran ;12345.0;35
fail;28/9/2025 4:15;Discover;Tabriz;1883871.0;6
failed;14/9/2025 15:45;Master-Card;THR;1782689.0;26
fail;20/9/2025 3:27;visa;Tabriz;1782689.0;85
fail;21/9/2025 2:20;Discover;karaj;0.0;61
fail;24/9/2025 20:20;MastCard;Isfahan;1883871.0;89
success;15/9/2025 12:12;Amex;Tehran;100.5;15
FAIL;22/9/2025 4:40;Visa;tehr@n;-999999.0;92
fail;30/9/2025 2:30;nan;Tabriz;123456.0;32
success;4/9/2025 9:00;Visa;nan;1883871.0;12
fail;13/9/2025 2:24;MastCard;Tehran;450000.0;5
success;27/9/2025 17:17;Discover;Tehran;-5000.0;64
fail;23/9/2025 2:54;Discover;THR;99999.0;71
fail;8/9/2025 1:51;MasterCard;Qom;471227.0;87
fail;18/9/2025 2:30;Master-Card;Isfahan;1782689.0;27
success;12/9/2025 6:06;Visa;Tehran;-5000.0;79
failed;23/9/2025 9:45;Visa;Qom;650000.0;45
success;14/9/2025 8:08;MasterCard;Isfahan;450000.0;35
fail;2/9/2025 9:00;Visa;Mashhad;9999999999.0;26
success;18/9/2025 6:30;MastCard;Shiraz;-5000.0;23
failed;24/9/2025 14:55;MastCard;Shiraz;0.0;13
fail;2/9/2025 2:30;Master-Card;Tehran ;650000.0;91
fail;11/9/2025 7:07;MastCard;Shiraz;471227.0;3
fail;9/9/2025 21:23;nan;Isfahan;1158713.0;29
success;12/9/2025 19:29;MastCard;Tabriz;-999999.0;66
success;17/9/2025 14:00;nan;Mashhad;9999999999.0;64
success;15/9/2025 12:12;Visa;Tabriz;1578078.0;28
fail;25/9/2025 5:56;MasterCard;Isfahan;452545.0;88
fail;17/9/2025 10:48;visa;karaj;914465.0;36
FAIL;26/9/2025 12:12;MastCard;THR;0.0;6
fail;29/9/2025 6:06;Master-Card;Shiraz;123456.0;11
failed;26/9/2025 3:27;Visa;Qom;850000.0;38
success;18/9/2025 1:01;Master-Card;Isfahan;914282.0;34
fail;22/9/2025 12:12;MastCard;Shiraz;9999999999.0;81
success;6/9/2025 14:30;Visa;Ahvaz;63489.0;67
Success;17/9/2025 19:19;Visa;Karaj;914282.0;46
success;23/9/2025 14:30;Discover;Tehran;0.0;99
failed;24/9/2025 2:54;nan;Karaj;250000.0;87
fail;18/9/2025 3:00;MastCard;Karaj;471227.0;29
success;8/9/2025 4:04;nan;Tehran;555555.0;60
failed;9/9/2025 8:59;MasterCard;Tehran;1578078.0;54
Success;6/9/2025 9:00;nan;Ahvaz;583952.0;94
success;5/9/2025 2:54;MasterCard;Qom;177050.0;69
success;12/9/2025 8:08;Visa;karaj;100.5;74
fail;25/9/2025 10:48;Visa;Tehran;1.0;74
fail;29/9/2025 10:05;visa;Tehran;555555.0;9
fail;28/9/2025 23:17;Discover;Tehran;0.0;85
fail;11/9/2025 12:12;Visa;Mashhad;1502601.0;77
fail;25/9/2025 11:11;Visa;Mashhad;9999999999.0;10
fail;1/9/2025 16:16;Discover;THR;914465.0;75
FAIL;11/9/2025 2:24;Master-Card;Karaj;1782689.0;68
success;19/9/2025 5:56;MasterCard;nan;-5000.0;58
success;9/9/2025 2:24;Amex;Tehran;450000.0;96
succeed;27/9/2025 15:45;nan;Tehran;1305967.0;52
fail;2/9/2025 2:24;MasterCard;Tehran;545116.0;34
success;12/9/2025 23:17;Vsa;Qom;250000.0;35
success;4/9/2025 21:23;Discover;Tabriz;1578078.0;33
fail;4/9/2025 8:08;VISA;Karaj;1883871.0;72
success;18/9/2025 19:51;Visa;Tehran;1578078.0;32
fail;15/9/2025 13:13;MastCard;Tehran;1502601.0;55
fail;19/9/2025 14:00;Amex;Mashhad;0.0;98
fail;13/9/2025 5:23;Visa;Isfahan;100.5;8
Success;19/9/2025 21:21;Discover;karaj;1502601.0;46
success;17/9/2025 21:23;Discover;karaj;9999999999.0;14
success;6/9/2025 8:08;Visa;Tehran;419089.0;99
success;16/9/2025 15:45;Amex;karaj;5000.0;8
fail;24/9/2025 2:37;visa;Qom;976246.0;71
success;12/9/2025 23:59;Amex;Mashhad;100.5;77
success;19/9/2025 14:02;MasterCard;Tehran;976246.0;54
fail;5/9/2025 8:08;Visa;Karaj;914465.0;21
success;17/9/2025 7:07;Visa;Tehran;0.0;97
fail;26/9/2025 12:44;MasterCard;Tabriz;1387769.0;75
fail;23/9/2025 1:01;visa;Tehran;583952.0;14
failed;26/9/2025 0:00;Master-Card;Mashhad;-5000.0;75
success;29/9/2025 18:45;Discover;Shiraz;1387769.0;2
success;1/9/2025 2:24;MasterCard;TEHRAN;1502601.0;99
success;28/9/2025 2:20;Amex;Karaj;1.0;61
fail;27/9/2025 5:56;MastCard;Tehran ;-5000.0;17
success;25/9/2025 12:34;MastCard;Ahvaz;5000.0;78
success;24/9/2025 14:11;Vsa;Tabriz;1.0;90
success;23/9/2025 20:20;Visa;Qom;545116.0;48
FAIL;10/9/2025 14:11;Master Card;Mashhad;205000.0;92
Success;15/9/2025 12:34;Visa;Qom;1472823.0;8
success;23/9/2025 2:24;MasterCard;Qom;333333.0;56
failed;21/9/2025 12:12;nan;Karaj;976246.0;17
success;21/9/2025 12:12;MasterCard;Tehran;-999999.0;69
success;11/9/2025 3:00;Visa;Karaj;412308.0;12
fail;13/9/2025 14:11;Visa;Tehran;1883871.0;38
success;5/9/2025 4:15;Amex;Tehran;50200.0;18
failed;1/9/2025 21:23;Visa;Mashhad;200000.0;26
success;24/9/2025 14:02;MasterCard;Qom;-999999.0;96
success;12/9/2025 12:12;Discover;Tehran;1578078.0;37
fail;11/9/2025 21:23;Vsa;Mashhad;471227.0;70
fail;17/9/2025 23:17;Visa;Mashhad;-5000.0;41
fail;4/9/2025 19:51;MastCard;Tehran;-5000.0;79
fail;15/9/2025 18:12;MasterCard;Karaj;-5000.0;42
success;25/9/2025 2:37;Amex;Tabriz;63489.0;91
fail;30/9/2025 9:09;Visa;Ahvaz;900000.0;76
success;9/9/2025 3:27;Amex;Tabriz;1050805.0;41
success;21/9/2025 21:21;MastCard;Mashhad;177050.0;47
fail;20/9/2025 20:33;Visa;TEHRAN;850000.0;14
fail;19/9/2025 14:02;Vsa;Ahvaz;333333.0;1
failed;19/9/2025 12:12;Master-Card;Ahvaz;1768588.0;17
fail;12/9/2025 11:11;Visa;Tehran;1.0;98
fail;5/9/2025 10:05;Amex;Tehran;99999.0;55
failed;10/9/2025 4:15;Amex;Qom;0.0;94
succeed;17/9/2025 2:37;Visa;Isfahan;1883871.0;53
success;5/9/2025 12:34;Discover;TEHRAN;-5000.0;31
fail;22/9/2025 19:40;VISA;Isfahan;-5000.0;62
fail;16/9/2025 11:11;Amex;Isfahan;583952.0;8
FAIL;7/9/2025 7:07;nan;Mashhad;0.0;30
failed;28/9/2025 10:05;MastCard;Ahvaz;0.0;77
success;9/9/2025 16:40;Visa;Tabriz;1502601.0;80
fail;3/9/2025 13:10;Visa;tehr@n;1427657.0;66
fail;15/9/2025 7:32;MastCard;Qom;650000.0;45
fail;16/9/2025 10:48;Amex;karaj;583952.0;18
success;18/9/2025 9:09;Visa;Mashhad;250000.0;100
fail;14/9/2025 2:30;Amex;Ahvaz;585954.0;45
succeed;3/9/2025 14:02;Vsa;Tehran;1782689.0;19
fail;12/9/2025 22:27;MastCard;Ahvaz;976246.0;77
success;9/9/2025 2:54;Discover;Mashhad;583952.0;68
fail;28/9/2025 15:45;Discover;Mashhad;1.0;83
success;7/9/2025 19:19;VISA;Tehran;333333.0;50
fail;9/9/2025 2:20;Master-Card;Karaj;1050805.0;25
success;13/9/2025 19:51;Discover;Tehran;412308.0;38
success;18/9/2025 10:05;Vsa;Tehran;1782689.0;96
fail;5/9/2025 0:00;Visa;Tehran;177050.0;36
failed;13/9/2025 1:51;Visa;Tehran;100000.0;68
success;4/9/2025 2:30;Visa;Shiraz;-1.0;56
Success;2/9/2025 2:30;Visa;Tabriz;914282.0;39
Success;16/9/2025 3:00;Master-Card;Tehran;0.0;63
Success;9/9/2025 14:11;Amex;Tabriz;1472823.0;7
fail;9/9/2025 9:09;Discover;Mashhad;1463119.0;58
fail;6/9/2025 18:12;Master-Card;Mashhad;1883871.0;80
succeed;11/9/2025 11:11;Vsa;Isfahan;343679.0;59
success;22/9/2025 14:55;Visa;Mashhad;-5000.0;48
fail;24/9/2025 9:00;Amex;Isfahan;0.0;5
success;22/9/2025 21:10;MastCard;karaj;177050.0;88
fail;1/9/2025 12:44;MastCard;Tehran;585954.0;36
success;4/9/2025 19:29;MastCard;THR;9999999999.0;97
failed;13/9/2025 12:34;Visa;Tabriz;443463.0;89
success;23/9/2025 8:08;Discover;Karaj;9999999999.0;25
fail;13/9/2025 3:27;Vsa;Isfahan;0.0;45
fail;13/9/2025 17:17;Master-Card;Tabriz;0.0;93
success;2/9/2025 19:40;Discover;Shiraz;419089.0;19
success;9/9/2025 19:51;Visa;Ahvaz;471227.0;7
fail;24/9/2025 6:06;Master-Card;Mashhad;-5000.0;58
success;8/9/2025 3:00;Discover;Mashhad;583952.0;81
success;7/9/2025 23:59;Discover;Tehran;1768588.0;66
success;4/9/2025 7:08;Discover;TEHRAN;0.0;80
failed;18/9/2025 7:08;MasterCard;karaj;343679.0;39
success;3/9/2025 11:11;Discover;Isfahan;12345.0;18
fail;28/9/2025 12:12;Amex;Ahvaz;900000.0;1
success;6/9/2025 0:00;Visa;Tabriz;12345.0;63
failed;12/9/2025 12:34;VISA;Karaj;850000.0;3
fail;12/9/2025 13:10;nan;Mashhad;250000.0;21
success;21/9/2025 21:23;nan;Mashhad;774681.0;30
fail;28/9/2025 7:07;Master-Card;Tehran;9999999999.0;11
fail;8/9/2025 22:27;Amex;Tehran ;-999999.0;22
Success;22/9/2025 8:59;Visa;karaj;-5000.0;57
Success;22/9/2025 7:07;Visa;Ahvaz;-5000.0;90
success;1/9/2025 14:00;Visa;Tabriz;1472823.0;3
success;4/9/2025 18:12;Discover;Tabriz;120000.0;30
failed;21/9/2025 4:15;MasterCard;Qom;-1.0;89
Success;28/9/2025 19:19;visa;karaj;0.0;45
success;11/9/2025 20:33;MasterCard;tehr@n;9999999999.0;36
success;3/9/2025 10:48;MasterCard;Tabriz;1050805.0;88
success;13/9/2025 5:23;MastCard;Shiraz;100.5;72
fail;25/9/2025 5:23;Visa;Karaj;-5000.0;64
success;17/9/2025 1:01;nan;Tabriz;1387769.0;54
failed;22/9/2025 2:24;MasterCard;Isfahan;850000.0;68
failed;22/9/2025 3:27;Discover;Tehran;1472823.0;50
failed;10/9/2025 10:48;nan;Karaj;914282.0;31
fail;21/9/2025 6:06;Amex;THR;100000.0;29
success;12/9/2025 5:23;MasterCard;THR;0.0;59
fail;15/9/2025 12:44;Amex;Shiraz;1883871.0;36
fail;21/9/2025 10:48;MastCard;Isfahan;471227.0;77
failed;10/9/2025 19:40;Visa;Shiraz;545116.0;73
success;14/9/2025 11:11;Master-Card;THR;555555.0;85
success;13/9/2025 21:23;Master Card;Shiraz;-5000.0;67
fail;5/9/2025 13:10;Amex;Isfahan;0.0;90
success;6/9/2025 21:23;MastCard;TEHRAN;100.5;90
success;24/9/2025 4:04;Master-Card;karaj;1.0;76
fail;2/9/2025 3:00;Discover;THR;1472823.0;94
fail;22/9/2025 21:21;visa;TEHRAN;1578078.0;11
fail;17/9/2025 9:09;MastCard;Isfahan;9999999999.0;11
success;4/9/2025 23:17;MasterCard;THR;1305967.0;26
FAIL;14/9/2025 8:59;MastCard;Qom;120000.0;53
failed;10/9/2025 3:27;MasterCard;Tehran;914282.0;14
FAIL;3/9/2025 18:00;Visa;Shiraz;1158713.0;64
failed;25/9/2025 8:08;Vsa;Mashhad;1305967.0;80
failed;3/9/2025 4:15;Amex;Tabriz;123456.0;10
success;15/9/2025 11:11;Vsa;Tehran ;5000.0;31
success;6/9/2025 6:30;Visa;Tehran;200000.0;96
success;17/9/2025 4:04;MasterCard;tehr@n;1050805.0;36
failed;12/9/2025 21:23;MastCard;Tehran;100.5;10
fail;22/9/2025 9:45;visa;Isfahan;976246.0;26
fail;20/9/2025 15:45;Master-Card;Isfahan;100.5;20
Success;24/9/2025 18:12;Master-Card;Karaj;1050805.0;44
fail;29/9/2025 7:08;Discover;Tabriz;471227.0;62
FAIL;11/9/2025 15:45;Vsa;ThRan;-999999.0;73
success;25/9/2025 14:55;Visa;Ahvaz;443463.0;79
fail;4/9/2025 14:02;Visa;Ahvaz;177050.0;9
success;26/9/2025 16:40;Visa;Tehran;471227.0;71
failed;28/9/2025 4:40;Master-Card;Mashhad;343679.0;91
fail;26/9/2025 15:45;Visa;tehr@n;419089.0;24
success;6/9/2025 8:08;Visa;Tabriz;1883871.0;12
failed;1/9/2025 14:02;Discover;Tehran;-5000.0;60
fail;20/9/2025 0:00;Amex;Mashhad;200000.0;84
fail;23/9/2025 11:11;Master-Card;tehr@n;300000.0;78
fail;28/9/2025 7:08;MasterCard;Mashhad;100.5;87
fail;16/9/2025 9:00;Amex;Isfahan;0.0;16
fail;15/9/2025 3:27;Visa;Shiraz;9999999999.0;29
success;17/9/2025 18:00;Discover;tehr@n;412308.0;32
fail;8/9/2025 2:37;Visa;Tehran;1578078.0;83
failed;28/9/2025 23:59;MasterCard;Tehran;343679.0;35
fail;26/9/2025 19:40;Amex;Tehran;250000.0;43
success;12/9/2025 2:30;Discover;Tehran;12345.0;97
success;27/9/2025 20:20;Vsa;Tabriz;-999999.0;53
failed;22/9/2025 10:48;visa;Tabriz;200000.0;20
success;21/9/2025 6:30;Visa;Qom;1768588.0;84
fail;10/9/2025 5:23;Visa;Tabriz;63489.0;8
failed;27/9/2025 18:12;Vsa;Isfahan;100.5;100
fail;15/9/2025 21:21;Visa;tehr@n;200000.0;42
fail;30/9/2025 14:11;Discover;Tehran;1578078.0;77
success;9/9/2025 6:06;MasterCard;Isfahan;976246.0;70
success;2/9/2025 4:40;nan;Tabriz;-5000.0;16
fail;5/9/2025 7:08;Amex;Qom;914282.0;69
success;6/9/2025 14:55;Visa;Karaj;471227.0;53
success;7/9/2025 0:00;Visa;karaj;333333.0;45
Success;21/9/2025 14:11;Visa;Mashhad;177050.0;51
fail;25/9/2025 6:06;Discover;THR;1000.0;99
fail;1/9/2025 1:01;MasterCard;Ahvaz;976246.0;6
success;23/9/2025 7:08;Vsa;Tehran;0.0;33
fail;26/9/2025 21:10;Discover;Tabriz;1472823.0;79
success;7/9/2025 20:33;Discover;Shiraz;1578078.0;15
success;20/9/2025 14:00;Discover;Tehran ;0.0;14
success;25/9/2025 12:12;Visa;Isfahan;1578078.0;39
failed;30/9/2025 6:30;Master Card;Tabriz;0.0;63
Success;12/9/2025 19:29;Visa;THR;177050.0;5
success;16/9/2025 6:06;Discover;Tehran;1463119.0;91
succeed;16/9/2025 9:09;Visa;Karaj;-999999.0;81
fail;11/9/2025 23:59;MasterCard;Tehran;0.0;52
success;21/9/2025 3:27;nan;Tehran;1578078.0;16
success;4/9/2025 15:45;Visa;Mashhad;914282.0;100
failed;13/9/2025 9:45;MasterCard;Shiraz;200000.0;38
success;7/9/2025 18:00;Visa;Tehran;583952.0;53
success;4/9/2025 20:33;Vsa;Ahvaz;419089.0;88
Success;15/9/2025 21:10;Amex;Tehran;1050805.0;77
success;19/9/2025 11:11;MastCard;Mashhad;333333.0;98
success;9/9/2025 0:00;MasterCard;Tabriz;177050.0;94
fail;11/9/2025 10:05;Master-Card;Ahvaz;12345.0;53
fail;8/9/2025 20:33;MasterCard;Ahvaz;0.0;46
FAIL;1/9/2025 8:08;MasterCard;Tehran;0.0;99
success;23/9/2025 10:48;MastCard;Tehran;976246.0;99
success;25/9/2025 17:17;MasterCard;TEHRAN;1463119.0;92
fail;24/9/2025 2:20;Visa;Isfahan;976246.0;15
fail;8/9/2025 6:30;Discover;Mashhad;419089.0;59
fail;13/9/2025 13:13;Visa;Tehran;0.0;50
success;22/9/2025 19:19;MasterCard;nan;63489.0;9
fail;27/9/2025 2:30;Amex;TEHRAN;5000.0;26
fail;4/9/2025 3:00;Visa;Tehran;205000.0;3
success;8/9/2025 12:44;Amex;Qom;1000.0;47
success;3/9/2025 8:08;Master-Card;THR;12345.0;5
fail;29/9/2025 14:00;Discover;Isfahan;1768588.0;62
success;9/9/2025 11:11;Visa;Isfahan;0.0;84
failed;29/9/2025 6:06;Master-Card;Isfahan;1782689.0;84
success;2/9/2025 20:20;MastCard;Tehran;0.0;5
failed;2/9/2025 3:27;Visa;Ahvaz;0.0;10
Success;28/9/2025 21:10;MasterCard;Mashhad;583952.0;80
fail;13/9/2025 6:30;MastCard;Mashhad;343679.0;63
fail;15/9/2025 14:55;Amex;Tabriz;443463.0;25
success;28/9/2025 23:59;Amex;Ahvaz;1463119.0;44
success;23/9/2025 18:12;Amex;Ahvaz;333333.0;25
success;12/9/2025 9:45;Vsa;Qom;200000.0;30
fail;26/9/2025 14:30;Discover;TEHRAN;333333.0;14
success;4/9/2025 15:45;MastCard;Tehran;-999999.0;87
fail;26/9/2025 9:45;visa;Ahvaz;-999999.0;43
FAIL;8/9/2025 12:12;Discover;Qom;333333.0;28
fail;9/9/2025 14:02;Vsa;Tabriz;9999999999.0;95
Success;23/9/2025 11:11;Discover;Tehran;471227.0;19
fail;5/9/2025 9:00;Discover;Tabriz;850000.0;42
fail;24/9/2025 9:45;nan;THR;100.5;20
fail;20/9/2025 6:06;Visa;Ahvaz;63489.0;100
succeed;18/9/2025 9:09;Visa;Shiraz;471227.0;87
fail;11/9/2025 1:01;MasterCard;Tehran;1387769.0;79
success;15/9/2025 13:13;MasterCard;tehr@n;443463.0;11
failed;28/9/2025 3:27;Amex;Tabriz;-999999.0;54
success;22/9/2025 11:11;Visa;Shiraz;0.0;99
fail;9/9/2025 2:54;Visa;Ahvaz;-1.0;24
Success;17/9/2025 8:08;Discover;Tehran;545116.0;70
failed;27/9/2025 14:11;MasterCard;Shiraz;-5000.0;17
success;26/9/2025 18:12;Amex;Tehran;1883871.0;28
success;12/9/2025 19:40;Amex;Tehran;63489.0;50
FAIL;7/9/2025 9:00;Amex;Karaj;1768588.0;96
succeed;10/9/2025 18:45;Discover;Tehran;1000.0;55
success;25/9/2025 11:11;MastCard;Isfahan;-999999.0;73
failed;26/9/2025 13:13;Visa;Tabriz;650000.0;10
fail;25/9/2025 6:06;Visa;Isfahan;1463119.0;21
fail;10/9/2025 17:17;MastCard;Tehran;914282.0;58
fail;27/9/2025 0:00;Discover;Ahvaz;1578078.0;34
fail;13/9/2025 5:56;MasterCard;Tehran;914282.0;96
success;19/9/2025 8:08;Discover;karaj;1578078.0;94
success;11/9/2025 4:04;MasterCard;Shiraz;0.0;43
fail;13/9/2025 14:11;Discover;Isfahan;63489.0;11
fail;21/9/2025 14:55;visa;THR;12345.0;33
fail;8/9/2025 19:51;Discover;Tehran;-999999.0;58
succeed;8/9/2025 4:04;Amex;Tabriz;976246.0;46
failed;4/9/2025 18:12;Master-Card;Tehran;850000.0;61
fail;15/9/2025 19:19;Amex;Isfahan;100.5;62
Success;28/9/2025 18:12;Amex;ThRan;1463119.0;1
fail;11/9/2025 6:06;Amex;Tehran;200000.0;21
success;11/9/2025 19:29;MasterCard;karaj;200000.0;62
FAIL;1/9/2025 14:11;Vsa;Shiraz;914282.0;64
fail;17/9/2025 13:13;Visa;Tehran;1463119.0;88
success;15/9/2025 22:27;Master-Card;tehr@n;450000.0;73
fail;20/9/2025 21:21;Amex;Tehran ;774681.0;56
fail;6/9/2025 20:33;Master-Card;TEHRAN;1578078.0;1
success;24/9/2025 14:02;Visa;Mashhad;419089.0;21
FAIL;22/9/2025 14:30;Master-Card;Tabriz;343679.0;22
success;28/9/2025 14:00;Visa;Isfahan;1578078.0;54
Success;25/9/2025 16:40;MastCard;Shiraz;914282.0;4
Success;15/9/2025 23:17;MasterCard;Isfahan;0.0;65
fail;9/9/2025 14:55;MastCard;Karaj;205000.0;51
fail;14/9/2025 6:06;Amex;Ahvaz;0.0;74
success;18/9/2025 17:17;Visa;Tabriz;5000.0;63
success;26/9/2025 12:44;MasterCard;Isfahan;1.0;15
fail;17/9/2025 20:33;Discover;tehr@n;412308.0;36
succeed;18/9/2025 9:45;Amex;Tabriz;0.0;29
success;5/9/2025 14:55;MastCard;Isfahan;-5000.0;52
success;20/9/2025 12:44;Visa;Tehran;0.0;46
success;20/9/2025 2:30;MasterCard;Tabriz;177050.0;69
fail;9/9/2025 19:51;Amex;Isfahan;-999999.0;29
success;11/9/2025 23:17;Discover;Tehran;-5000.0;47
Success;24/9/2025 11:11;Master Card;Tehran;583952.0;92
failed;22/9/2025 20:33;MasterCard;Qom;-5000.0;25
fail;1/9/2025 16:16;Visa;Tabriz;1578078.0;80
success;18/9/2025 21:10;Visa;Tehran;-999999.0;16
success;6/9/2025 14:02;MasterCard;THR;914465.0;90
fail;27/9/2025 16:16;Discover;Qom;100.5;41
fail;2/9/2025 6:06;Visa;Tehran;200000.0;65
success;15/9/2025 18:12;Visa;THR;1578078.0;69
success;29/9/2025 11:11;Amex;Tabriz;1768588.0;20
fail;26/9/2025 2:37;Amex;Tabriz;-999999.0;69
fail;21/9/2025 14:11;Visa;TEHRAN;9999999999.0;36
fail;14/9/2025 12:34;Amex;Tehran;-5000.0;94
fail;5/9/2025 18:45;Master Card;THR;-5000.0;99
success;6/9/2025 8:59;VISA;Ahvaz;-5000.0;58
fail;6/9/2025 12:12;Master-Card;Tabriz;452545.0;48
fail;30/9/2025 14:02;Vsa;Tehran;9999999999.0;82
failed;22/9/2025 11:11;Visa;Tehran;-5000.0;2
fail;30/9/2025 19:51;Visa;Tehran;100.5;80
success;18/9/2025 13:10;MasterCard;TEHRAN;12345.0;29
Success;14/9/2025 2:24;Amex;Isfahan;450000.0;98
success;10/9/2025 7:08;Master-Card;Tehran;914282.0;16
success;14/9/2025 13:13;Visa;Qom;650000.0;35
success;13/9/2025 19:40;MasterCard;Tabriz;1.0;62
fail;30/9/2025 19:40;Amex;Tabriz;-5000.0;81
success;3/9/2025 6:30;MasterCard;Tehran;0.0;4
success;30/9/2025 2:24;MasterCard;Ahvaz;1050805.0;68
fail;6/9/2025 12:44;Visa;Tehran;1578078.0;51
success;29/9/2025 13:10;visa;Isfahan;1387769.0;90
Success;8/9/2025 10:48;MasterCard;Tehran;545116.0;33
fail;12/9/2025 7:08;MasterCard;Qom;-1.0;78
success;13/9/2025 17:07;Visa;Isfahan;914465.0;24
success;11/9/2025 0:00;MasterCard;Tehran;-5000.0;75
failed;12/9/2025 14:02;Discover;Mashhad;585954.0;25
failed;1/9/2025 7:32;Visa;Qom;900000.0;28
success;17/9/2025 4:40;Discover;Tabriz;452545.0;7
fail;16/9/2025 2:24;Visa;Ahvaz;-5000.0;36
fail;11/9/2025 11:11;Amex;Isfahan;-5000.0;10
fail;13/9/2025 13:13;Discover;Ahvaz;585954.0;36
success;18/9/2025 5:23;Master-Card;Qom;585954.0;96
success;11/9/2025 10:48;Visa;THR;650000.0;83
FAIL;28/9/2025 7:08;Visa;Qom;-999999.0;18
success;12/9/2025 19:40;Master-Card;Tehran;120000.0;6
success;6/9/2025 1:51;Visa;karaj;177050.0;93
success;9/9/2025 11:11;Visa;Ahvaz;555555.0;7
fail;16/9/2025 4:40;Visa;Tehran ;-5000.0;12
success;4/9/2025 21:23;Vsa;Tehran;900000.0;41
success;3/9/2025 4:40;Vsa;Qom;1782689.0;63
Success;28/9/2025 4:15;Discover;Mashhad;1782689.0;99
fail;16/9/2025 2:20;MastCard;Shiraz;0.0;25
succeed;24/9/2025 19:51;MasterCard;ThRan;12345.0;81
success;27/9/2025 10:48;Master-Card;Mashhad;9999999999.0;53
fail;26/9/2025 21:23;Visa;Karaj;300000.0;33
fail;30/9/2025 7:32;Vsa;Isfahan;333333.0;88
fail;25/9/2025 18:00;Visa;Tabriz;419089.0;73
success;12/9/2025 11:11;Discover;Isfahan;-999999.0;6
fail;11/9/2025 9:45;Visa;Tehran;100.5;62
success;5/9/2025 13:13;MastCard;Tabriz;452545.0;66
succeed;25/9/2025 14:30;MastCard;Tehran;850000.0;9
success;18/9/2025 9:45;Amex;Mashhad;200000.0;67
success;19/9/2025 7:07;MastCard;Mashhad;250000.0;16
fail;23/9/2025 3:27;Amex;Ahvaz;123456.0;90
success;23/9/2025 7:08;Vsa;Mashhad;976246.0;89
fail;6/9/2025 18:45;Discover;Mashhad;471227.0;94
failed;22/9/2025 8:08;MasterCard;Tabriz;123456.0;55
fail;18/9/2025 0:00;Visa;THR;471227.0;40
success;26/9/2025 21:10;MasterCard;Tehran;99999.0;26
success;6/9/2025 7:32;MastCard;ThRan;850000.0;38
success;4/9/2025 14:55;MastCard;Mashhad;850000.0;35
failed;12/9/2025 4:40;MastCard;Tehran;12345.0;88
fail;19/9/2025 2:37;Discover;Isfahan;177050.0;68
fail;29/9/2025 10:48;Amex;Tehran;177050.0;59
failed;27/9/2025 19:51;Discover;Tehran;12345.0;14
success;29/9/2025 14:30;Master Card;Isfahan;-999999.0;47
fail;2/9/2025 7:08;Discover;Qom;1463119.0;71
fail;17/9/2025 0:00;Amex;Tehran;1158713.0;72
success;11/9/2025 11:11;MastCard;Shiraz;585954.0;42
FAIL;11/9/2025 16:40;Master-Card;karaj;914282.0;51
success;21/9/2025 12:44;MasterCard;Qom;343679.0;19
failed;16/9/2025 2:30;Discover;Tabriz;1782689.0;66
success;2/9/2025 13:10;MasterCard;Tehran;0.0;47
fail;2/9/2025 21:10;Discover;Tehran;1578078.0;65
fail;23/9/2025 14:00;Amex;Karaj;250000.0;42
success;8/9/2025 21:10;nan;Shiraz;419089.0;38
success;13/9/2025 19:29;Visa;Mashhad;471227.0;13
success;10/9/2025 17:17;Amex;Tehran;200000.0;44
success;8/9/2025 2:54;Master-Card;Tabriz;100000.0;24
succeed;30/9/2025 12:12;Visa;karaj;200000.0;97
success;4/9/2025 17:17;MasterCard;Mashhad;123456.0;30
success;15/9/2025 12:44;Master-Card;Tehran ;914465.0;70
fail;30/9/2025 3:27;Master-Card;nan;585954.0;38
success;1/9/2025 3:27;MasterCard;Ahvaz;976246.0;98
failed;11/9/2025 11:11;Visa;Tabriz;1768588.0;23
fail;7/9/2025 5:56;Visa;Tabriz;250000.0;74
FAIL;17/9/2025 7:08;Amex;Tabriz;419089.0;57
succeed;27/9/2025 6:06;Visa;ThRan;-5000.0;79
success;20/9/2025 2:54;Visa;Isfahan;0.0;23
fail;24/9/2025 2:37;Vsa;Karaj;1000.0;36
fail;18/9/2025 8:59;MastCard;tehr@n;50200.0;57
fail;22/9/2025 16:16;Vsa;karaj;99999.0;1
fail;29/9/2025 21:23;Visa;Qom;100000.0;72
success;22/9/2025 14:55;Visa;Tehran;177050.0;3
fail;12/9/2025 18:12;Vsa;Tehran;1427657.0;14
success;9/9/2025 21:21;MastCard;Mashhad;-999999.0;81
fail;5/9/2025 14:02;Vsa;tehr@n;177050.0;34
fail;10/9/2025 18:12;visa;TEHRAN;205000.0;70
success;4/9/2025 7:07;Master-Card;Tehran;1782689.0;69
FAIL;5/9/2025 14:55;MasterCard;Tabriz;850000.0;51
success;28/9/2025 21:10;Discover;Qom;443463.0;29
success;28/9/2025 20:20;Amex;Mashhad;250000.0;100
success;10/9/2025 21:21;Amex;Tehran;914282.0;82
success;11/9/2025 6:30;Discover;Isfahan;774681.0;48
failed;21/9/2025 8:08;Vsa;tehr@n;120000.0;95
fail;24/9/2025 22:27;Visa;tehr@n;1427657.0;79
failed;10/9/2025 19:19;Vsa;Qom;452545.0;79
fail;28/9/2025 13:13;Visa;Shiraz;1050805.0;16
Success;8/9/2025 3:27;MasterCard;Tabriz;-999999.0;57
fail;2/9/2025 14:11;Master-Card;Karaj;1427657.0;98
Success;23/9/2025 11:11;Visa;Tehran;585954.0;10
FAIL;8/9/2025 2:30;MasterCard;Tabriz;0.0;19
fail;16/9/2025 18:00;Visa;Tehran;1472823.0;67
FAIL;27/9/2025 0:00;Master-Card;Isfahan;0.0;36
fail;22/9/2025 3:27;Vsa;THR;1782689.0;4
fail;5/9/2025 3:27;nan;ThRan;1578078.0;75
success;27/9/2025 0:00;Master-Card;Shiraz;443463.0;33
succeed;25/9/2025 0:00;MastCard;Karaj;1305967.0;28
success;29/9/2025 21:23;Visa;Tabriz;-5000.0;97
success;3/9/2025 19:40;Discover;Mashhad;583952.0;80
success;12/9/2025 23:17;MasterCard;Karaj;419089.0;9
FAIL;13/9/2025 7:07;Amex;Mashhad;12345.0;75
success;13/9/2025 7:08;Vsa;Tehran;850000.0;6
fail;10/9/2025 3:27;Visa;Karaj;-5000.0;49
fail;4/9/2025 18:00;Visa;Tabriz;1387769.0;92
fail;9/9/2025 2:30;MasterCard;Tehran;0.0;76
success;22/9/2025 14:00;Visa;Mashhad;1050805.0;22
fail;24/9/2025 22:27;MastCard;Tehran;450000.0;48
fail;23/9/2025 2:54;Amex;Shiraz;0.0;21
failed;27/9/2025 2:37;MastCard;Shiraz;-5000.0;33
fail;2/9/2025 23:17;Visa;Tabriz;914282.0;81
success;19/9/2025 21:23;VISA;Tehran ;471227.0;56
fail;1/9/2025 9:09;Visa;karaj;1.0;29
fail;25/9/2025 4:04;Discover;Tehran;-5000.0;53
fail;29/9/2025 11:11;MastCard;Ahvaz;-5000.0;40
success;7/9/2025 10:05;Visa;Isfahan;914465.0;74
failed;17/9/2025 8:08;Visa;Ahvaz;100.5;18
fail;3/9/2025 7:08;Visa;Ahvaz;-999999.0;47
fail;20/9/2025 2:20;Amex;Tehran;450000.0;13
success;20/9/2025 0:00;Master-Card;Shiraz;333333.0;27
success;21/9/2025 14:11;Amex;THR;1502601.0;62
failed;30/9/2025 17:07;Amex;Tabriz;100.5;74
Success;3/9/2025 14:11;Discover;Tehran;0.0;97
failed;3/9/2025 22:27;Visa;Tehran;471227.0;45
success;17/9/2025 1:01;Visa;Tehran;1427657.0;3
failed;7/9/2025 16:40;Master-Card;Tehran;-1.0;22
success;27/9/2025 19:29;Visa;Tabriz;177050.0;27
fail;26/9/2025 7:08;visa;Tabriz;1000.0;55
fail;14/9/2025 13:13;Visa;Tehran;1578078.0;67
fail;17/9/2025 18:45;MastCard;Shiraz;452545.0;33
fail;18/9/2025 5:56;Master Card;nan;914465.0;2
fail;13/9/2025 21:21;Discover;TEHRAN;100.5;75
fail;20/9/2025 9:45;MastCard;Tabriz;914465.0;46
failed;29/9/2025 8:08;Discover;Ahvaz;100.5;74
Success;20/9/2025 2:37;Discover;tehr@n;1578078.0;33
success;21/9/2025 2:37;Visa;TEHRAN;914465.0;58
failed;27/9/2025 13:10;Vsa;THR;914465.0;7
fail;18/9/2025 8:08;Discover;Ahvaz;443463.0;15
failed;4/9/2025 21:23;Discover;Tabriz;850000.0;26
success;1/9/2025 5:23;visa;Tehran;976246.0;11
fail;18/9/2025 22:27;Discover;Mashhad;177050.0;38
fail;1/9/2025 16:40;MasterCard;Tehran;177050.0;27
fail;26/9/2025 1:01;visa;nan;0.0;7
fail;26/9/2025 13:13;Discover;Isfahan;-5000.0;1
fail;13/9/2025 23:59;Discover;tehr@n;12345.0;74
fail;20/9/2025 4:40;Vsa;Ahvaz;900000.0;21
fail;20/9/2025 23:17;Discover;Isfahan;9999999999.0;79
fail;23/9/2025 16:16;Discover;Tehran;976246.0;30
succeed;10/9/2025 16:40;MasterCard;Tabriz;1883871.0;95
fail;27/9/2025 21:23;MastCard;Shiraz;9999999999.0;8
fail;11/9/2025 18:45;Visa;karaj;50200.0;89
success;9/9/2025 14:30;Discover;Tehran ;-999999.0;83
failed;9/9/2025 14:55;Discover;Tehran;-5000.0;3
fail;5/9/2025 19:19;Discover;Tehran;914282.0;55
failed;26/9/2025 19:29;Amex;Tehran;250000.0;15
fail;1/9/2025 5:23;Discover;Tabriz;1463119.0;36
fail;17/9/2025 2:30;Amex;karaj;914465.0;6
fail;22/9/2025 7:32;MasterCard;Tehran;50200.0;42
success;2/9/2025 18:00;Visa;Qom;585954.0;50
fail;24/9/2025 13:13;Discover;Mashhad;583952.0;18
success;13/9/2025 3:00;Visa;Tabriz;450000.0;83
fail;9/9/2025 14:00;Visa;Shiraz;333333.0;50
success;29/9/2025 12:44;Amex;Mashhad;850000.0;30
fail;4/9/2025 8:08;MastCard;Isfahan;177050.0;77
success;5/9/2025 15:45;Visa;Karaj;471227.0;39
success;11/9/2025 5:56;Amex;Tabriz;0.0;12
success;24/9/2025 19:51;visa;Shiraz;1305967.0;99
fail;19/9/2025 7:32;Visa;tehr@n;1000.0;59
failed;21/9/2025 2:24;MasterCard;Karaj;0.0;76
success;3/9/2025 12:34;MastCard;Isfahan;63489.0;44
fail;12/9/2025 18:12;Visa;Ahvaz;443463.0;89
FAIL;26/9/2025 7:08;Vsa;karaj;9999999999.0;4
success;19/9/2025 7:08;VISA;Tabriz;177050.0;36
success;19/9/2025 0:00;Visa;Karaj;300000.0;48
fail;13/9/2025 14:30;Vsa;Isfahan;419089.0;14
success;28/9/2025 12:44;Discover;karaj;850000.0;81
fail;7/9/2025 3:27;Visa;Tabriz;205000.0;49
success;15/9/2025 2:20;MasterCard;tehr@n;0.0;67
success;23/9/2025 19:51;Visa;Qom;1387769.0;88
success;7/9/2025 7:08;MasterCard;Isfahan;1768588.0;77
fail;26/9/2025 11:11;Visa;Isfahan;850000.0;9
failed;8/9/2025 9:00;MastCard;Isfahan;1.0;21
fail;5/9/2025 14:11;MasterCard;Tehran;300000.0;72
success;21/9/2025 19:40;MasterCard;Tehran;63489.0;81
success;14/9/2025 14:30;Visa;Tabriz;1305967.0;16
success;4/9/2025 3:00;Discover;Mashhad;50200.0;16
fail;23/9/2025 16:16;Visa;Isfahan;100.5;28
fail;10/9/2025 21:10;MastCard;Tehran;9999999999.0;51
fail;20/9/2025 7:07;Visa;Qom;914465.0;56
success;15/9/2025 19:19;Amex;Tehran;976246.0;80
fail;18/9/2025 14:02;Discover;Tabriz;976246.0;57
success;20/9/2025 21:23;Amex;Tehran;1768588.0;52
success;13/9/2025 23:59;MasterCard;Mashhad;585954.0;46
fail;29/9/2025 23:17;MasterCard;Tehran;1768588.0;78
fail;8/9/2025 2:24;MastCard;Tabriz;443463.0;38
fail;9/9/2025 2:24;MasterCard;Mashhad;1050805.0;84
fail;16/9/2025 2:37;Vsa;Tehran;12345.0;48
success;19/9/2025 15:45;MastCard;Mashhad;976246.0;41
success;16/9/2025 0:00;MasterCard;Isfahan;914465.0;99
success;7/9/2025 23:59;Master-Card;THR;100.5;59
fail;14/9/2025 10:05;Vsa;Ahvaz;0.0;94
Success;28/9/2025 8:08;MasterCard;nan;774681.0;67
fail;14/9/2025 21:10;Visa;Mashhad;-5000.0;74
fail;25/9/2025 11:11;Amex;Qom;100000.0;84
success;27/9/2025 2:37;Discover;tehr@n;471227.0;66
failed;4/9/2025 16:40;MasterCard;Isfahan;471227.0;27
fail;26/9/2025 16:16;Amex;Qom;100.5;32
success;15/9/2025 18:00;Amex;Isfahan;9999999999.0;56
failed;3/9/2025 4:40;MastCard;Qom;976246.0;10
success;5/9/2025 18:00;MastCard;Tehran;545116.0;40
fail;1/9/2025 14:02;Visa;Ahvaz;583952.0;17
failed;3/9/2025 2:30;Visa;ThRan;1768588.0;58
success;15/9/2025 15:45;Amex;Tehran;443463.0;98
success;24/9/2025 12:34;MasterCard;Ahvaz;9999999999.0;6
success;27/9/2025 13:13;MastCard;Tabriz;450000.0;39
FAIL;8/9/2025 11:11;Visa;Tehran;100000.0;18
success;29/9/2025 14:02;Visa;Karaj;300000.0;73
fail;4/9/2025 9:45;Amex;Tehran;650000.0;72
success;2/9/2025 2:30;MasterCard;Mashhad;200000.0;90
fail;29/9/2025 12:12;Discover;Tehran;1387769.0;96
fail;24/9/2025 19:51;MasterCard;Qom;1768588.0;42
success;24/9/2025 2:30;Visa;Mashhad;1387769.0;4
fail;10/9/2025 10:48;Visa;TEHRAN;250000.0;20
success;4/9/2025 21:23;Visa;Karaj;0.0;28
failed;3/9/2025 14:02;Amex;Tehran;583952.0;40
success;2/9/2025 2:54;Master-Card;Isfahan;0.0;65
failed;25/9/2025 13:13;Discover;tehr@n;-5000.0;44
fail;17/9/2025 2:37;Visa;Karaj;412308.0;23
failed;23/9/2025 23:59;MastCard;Qom;471227.0;57
failed;21/9/2025 2:30;Master-Card;Qom;200000.0;47
fail;24/9/2025 17:17;Visa;Isfahan;976246.0;13
fail;20/9/2025 10:48;Discover;Qom;1305967.0;16
fail;23/9/2025 7:07;Visa;Ahvaz;0.0;91
failed;13/9/2025 11:11;Visa;Tehran;1578078.0;55
failed;5/9/2025 19:40;Amex;Tehran ;452545.0;96
fail;30/9/2025 1:01;VISA;Tabriz;914465.0;65
success;21/9/2025 11:11;MastCard;Mashhad;443463.0;81
fail;30/9/2025 3:27;visa;Tehran;100.5;16
success;9/9/2025 18:00;MasterCard;Qom;177050.0;37
succeed;25/9/2025 3:27;Master-Card;Isfahan;123456.0;52
fail;29/9/2025 2:37;Visa;Tabriz;177050.0;10
Success;25/9/2025 0:00;Visa;ThRan;1782689.0;38
failed;28/9/2025 2:37;MastCard;Isfahan;471227.0;44
FAIL;22/9/2025 19:19;Discover;Isfahan;0.0;96
fail;6/9/2025 3:27;Discover;Mashhad;1158713.0;74
fail;5/9/2025 23:59;MastCard;Tehran;100000.0;54
fail;25/9/2025 2:30;Discover;Isfahan;0.0;99
success;10/9/2025 21:21;Amex;Isfahan;-5000.0;51
success;8/9/2025 1:01;Discover;Mashhad;-999999.0;52
fail;7/9/2025 21:23;Vsa;THR;1578078.0;70
failed;7/9/2025 7:08;Discover;Tehran;452545.0;93
fail;6/9/2025 9:00;MasterCard;Shiraz;-999999.0;93
fail;21/9/2025 21:10;Visa;Tehran;300000.0;59
success;29/9/2025 11:11;Vsa;Tabriz;471227.0;13
fail;20/9/2025 16:40;Amex;Mashhad;1883871.0;41
fail;3/9/2025 12:12;Visa;Tehran;914465.0;12
fail;19/9/2025 3:00;Visa;Qom;9999999999.0;50
failed;22/9/2025 7:07;Discover;Tabriz;-5000.0;57
failed;15/9/2025 4:04;Amex;nan;774681.0;50
success;4/9/2025 11:11;Amex;Shiraz;976246.0;57
success;28/9/2025 23:59;Discover;Tabriz;-999999.0;54
success;12/9/2025 18:45;MastCard;Tehran;583952.0;66
fail;6/9/2025 12:12;Master-Card;Tehran;100000.0;8
success;19/9/2025 14:02;Visa;Tehran;412308.0;63
success;4/9/2025 5:56;MasterCard;Karaj;471227.0;9
success;15/9/2025 19:19;Amex;THR;1782689.0;60
success;9/9/2025 19:29;Amex;Tehran;-5000.0;63
success;5/9/2025 18:00;Visa;Isfahan;1782689.0;72
fail;13/9/2025 3:00;Visa;Isfahan;1883871.0;3
failed;23/9/2025 10:48;Visa;Shiraz;1387769.0;73
fail;26/9/2025 18:00;Amex;Tehran;200000.0;13
failed;18/9/2025 20:33;Amex;tehr@n;205000.0;9
fail;30/9/2025 9:00;Visa;Karaj;1782689.0;96
fail;30/9/2025 9:09;Discover;tehr@n;-999999.0;90
success;5/9/2025 14:00;Discover;Tabriz;177050.0;52
fail;25/9/2025 23:17;Vsa;Qom;1578078.0;62
failed;16/9/2025 10:48;Visa;Karaj;177050.0;8
success;27/9/2025 2:37;Amex;Karaj;1158713.0;96
success;19/9/2025 2:20;Vsa;Tehran;1387769.0;45
fail;14/9/2025 23:59;Vsa;nan;100.5;53
fail;25/9/2025 3:27;Amex;TEHRAN;976246.0;63
fail;30/9/2025 23:17;Discover;Tehran;9999999999.0;96
success;16/9/2025 11:11;Vsa;Qom;976246.0;81
success;27/9/2025 12:12;MastCard;Tabriz;123456.0;57
success;15/9/2025 12:44;MastCard;THR;200000.0;54
succeed;22/9/2025 13:13;Visa;Karaj;343679.0;19
success;4/9/2025 2:30;Visa;Tabriz;5000.0;67
Success;7/9/2025 13:13;MastCard;Tehran;1768588.0;46
fail;16/9/2025 6:30;Master Card;Tabriz;914465.0;95
fail;24/9/2025 23:59;Vsa;Tehran;850000.0;10
fail;22/9/2025 14:30;Vsa;Tehran;0.0;94
fail;21/9/2025 15:45;MasterCard;Shiraz;12345.0;18
success;22/9/2025 5:56;Discover;Karaj;585954.0;12
success;21/9/2025 0:00;MastCard;Mashhad;300000.0;49
success;8/9/2025 9:45;MastCard;Qom;-5000.0;23
success;17/9/2025 2:54;MastCard;Tehran;-1.0;62
FAIL;16/9/2025 9:09;Master Card;Tabriz;-5000.0;11
failed;27/9/2025 12:12;Discover;Karaj;0.0;73
fail;23/9/2025 21:23;Visa;Isfahan;0.0;56
fail;10/9/2025 16:16;Master-Card;Isfahan;-999999.0;89
fail;10/9/2025 20:20;Visa;Tehran;9999999999.0;90
fail;27/9/2025 2:30;MastCard;Qom;471227.0;55
success;2/9/2025 12:44;Master-Card;karaj;100.5;25
success;30/9/2025 21:23;Discover;Mashhad;-5000.0;9
fail;9/9/2025 20:33;Vsa;Tehran;450000.0;12
success;17/9/2025 7:32;Discover;karaj;1000.0;11
success;11/9/2025 8:59;Vsa;Tehran;-5000.0;38
fail;10/9/2025 8:08;Visa;Mashhad;-999999.0;28
fail;22/9/2025 4:15;Amex;Tabriz;-5000.0;8
failed;25/9/2025 2:37;MastCard;tehr@n;200000.0;74
success;17/9/2025 3:00;MasterCard;Karaj;443463.0;90
fail;4/9/2025 23:59;MastCard;Qom;650000.0;47
fail;16/9/2025 23:17;nan;Shiraz;900000.0;36
fail;20/9/2025 2:30;MastCard;Mashhad;585954.0;50
fail;15/9/2025 19:51;VISA;Tehran;0.0;9
failed;25/9/2025 2:37;MasterCard;Karaj;0.0;60
fail;27/9/2025 14:02;MasterCard;Mashhad;1000.0;72
fail;21/9/2025 18:12;Discover;Shiraz;1768588.0;67
fail;5/9/2025 6:06;visa;Tehran;0.0;53
success;6/9/2025 9:45;Visa;Tehran;250000.0;82
fail;17/9/2025 9:45;Discover;Qom;250000.0;100
fail;1/9/2025 6:30;Discover;Mashhad;-5000.0;17
success;25/9/2025 2:54;Discover;Tabriz;-999999.0;53
success;19/9/2025 9:09;nan;Tabriz;9999999999.0;28
fail;4/9/2025 2:37;Discover;Shiraz;100.5;63
fail;17/9/2025 6:30;nan;Tehran;1578078.0;15
failed;9/9/2025 21:23;MasterCard;Isfahan;471227.0;19
FAIL;24/9/2025 21:10;Master-Card;Mashhad;177050.0;87
fail;2/9/2025 14:30;MasterCard;Tabriz;850000.0;70
fail;8/9/2025 9:00;Discover;karaj;-5000.0;47
fail;15/9/2025 7:08;MasterCard;Tehran;0.0;71
success;7/9/2025 13:13;MasterCard;THR;0.0;48
success;27/9/2025 7:32;Discover;Karaj;-5000.0;73
success;6/9/2025 21:10;Discover;Mashhad;443463.0;20
success;1/9/2025 19:19;Visa;TEHRAN;99999.0;37
failed;15/9/2025 7:07;Discover;Karaj;250000.0;75
failed;23/9/2025 6:30;Amex;tehr@n;100.5;2
failed;26/9/2025 14:00;Discover;Mashhad;9999999999.0;64
success;7/9/2025 10:48;MastCard;Mashhad;914282.0;87
fail;29/9/2025 7:07;visa;Mashhad;545116.0;36
success;30/9/2025 16:16;Discover;Tehran;1472823.0;5
success;25/9/2025 4:04;MasterCard;TEHRAN;0.0;64
success;17/9/2025 4:04;Visa;Shiraz;1050805.0;7
fail;2/9/2025 9:45;Discover;Shiraz;0.0;70
success;27/9/2025 21:23;MastCard;TEHRAN;0.0;22
success;9/9/2025 22:27;Visa;nan;471227.0;74
success;29/9/2025 19:51;Visa;Tehran;-5000.0;46
fail;9/9/2025 23:59;Discover;Ahvaz;177050.0;40
success;13/9/2025 18:45;Vsa;Qom;0.0;61
fail;6/9/2025 15:45;Amex;Mashhad;-999999.0;46
failed;6/9/2025 2:54;Master Card;Tehran ;1463119.0;84
success;20/9/2025 23:17;Master-Card;THR;0.0;28
fail;20/9/2025 13:13;Visa;Karaj;-5000.0;88
fail;21/9/2025 19:29;Visa;Isfahan;100000.0;35
success;3/9/2025 10:48;MasterCard;Shiraz;177050.0;1
fail;17/9/2025 18:12;MasterCard;Mashhad;1158713.0;29
succeed;17/9/2025 8:59;MasterCard;Tabriz;471227.0;9
success;12/9/2025 21:23;Visa;Mashhad;300000.0;9
fail;16/9/2025 12:12;Visa;Tabriz;650000.0;22
success;15/9/2025 11:11;Visa;Mashhad;1.0;63
fail;13/9/2025 11:11;Master-Card;Karaj;1.0;66
failed;23/9/2025 7:08;Master Card;Tehran;1050805.0;80
fail;1/9/2025 11:11;Visa;Ahvaz;583952.0;58
succeed;17/9/2025 3:27;Visa;Tehran;1768588.0;70
success;3/9/2025 14:30;Visa;Mashhad;-999999.0;55
failed;26/9/2025 18:00;Master-Card;Qom;300000.0;13
fail;15/9/2025 4:04;Master Card;Ahvaz;123456.0;98
fail;4/9/2025 23:59;Discover;Ahvaz;976246.0;19
success;4/9/2025 13:10;Discover;Isfahan;412308.0;79
success;18/9/2025 16:40;Discover;Tehran;443463.0;33
fail;17/9/2025 2:37;MasterCard;Karaj;1768588.0;74
fail;19/9/2025 8:08;MastCard;Mashhad;1472823.0;65
fail;11/9/2025 14:30;MasterCard;Tabriz;1387769.0;60
success;20/9/2025 0:00;Master Card;Tabriz;585954.0;12
fail;3/9/2025 19:51;Visa;Tehran;205000.0;43
fail;8/9/2025 7:32;Vsa;Tabriz;1387769.0;94
fail;14/9/2025 21:23;Discover;Mashhad;0.0;17
success;26/9/2025 21:23;Discover;Mashhad;412308.0;68
fail;1/9/2025 4:40;MastCard;Qom;1427657.0;29
FAIL;14/9/2025 13:10;nan;Isfahan;120000.0;55
fail;2/9/2025 11:11;MastCard;TEHRAN;419089.0;7
Success;29/9/2025 3:00;Vsa;Mashhad;12345.0;44
success;23/9/2025 7:08;MastCard;Isfahan;583952.0;77
fail;4/9/2025 14:55;Discover;Tehran;914282.0;5
fail;24/9/2025 14:11;MastCard;Qom;200000.0;60
success;27/9/2025 15:45;Vsa;Qom;1.0;6
success;29/9/2025 19:19;MasterCard;Qom;-999999.0;99
success;19/9/2025 4:04;MasterCard;THR;914282.0;7
fail;6/9/2025 6:06;MastCard;Ahvaz;0.0;46
Success;25/9/2025 13:13;Vsa;THR;1.0;57
succeed;1/9/2025 5:56;Discover;Tehran;250000.0;54
success;17/9/2025 9:00;Vsa;Tabriz;1387769.0;93
success;8/9/2025 7:32;Vsa;Tabriz;1472823.0;46
success;19/9/2025 16:40;Discover;Shiraz;419089.0;10
fail;21/9/2025 19:40;MastCard;Mashhad;1305967.0;4
fail;1/9/2025 2:30;Visa;Ahvaz;200000.0;67
success;5/9/2025 5:56;Visa;Isfahan;850000.0;25
failed;27/9/2025 8:08;Amex;Tabriz;200000.0;88
fail;16/9/2025 13:13;Master-Card;Tabriz;1883871.0;92
success;6/9/2025 19:51;Visa;Tehran;976246.0;78
failed;8/9/2025 11:11;Vsa;Tehran;1427657.0;61
fail;13/9/2025 14:02;MasterCard;Tabriz;585954.0;38
fail;16/9/2025 21:10;Master-Card;Tehran;545116.0;32
success;30/9/2025 7:07;Vsa;Karaj;177050.0;23
fail;3/9/2025 21:21;Master-Card;Isfahan;-5000.0;37
fail;19/9/2025 5:56;Vsa;Tehran;471227.0;3
fail;12/9/2025 14:02;Vsa;Isfahan;343679.0;100
fail;16/9/2025 11:11;Visa;TEHRAN;1883871.0;13
failed;27/9/2025 6:06;Discover;Mashhad;-5000.0;34
success;11/9/2025 5:56;Discover;ThRan;419089.0;89
success;10/9/2025 19:51;MastCard;Qom;-999999.0;65
success;25/9/2025 19:29;Visa;Tehran ;450000.0;76
Success;20/9/2025 17:17;Visa;Tehran;0.0;8
fail;4/9/2025 7:07;Master-Card;Tabriz;123456.0;83
fail;12/9/2025 2:24;MastCard;Karaj;-5000.0;9
FAIL;23/9/2025 0:00;Master-Card;ThRan;250000.0;28
Success;2/9/2025 1:01;Visa;karaj;120000.0;78
fail;24/9/2025 19:40;MasterCard;Qom;443463.0;92
fail;22/9/2025 2:37;Discover;Tehran;1578078.0;18
success;19/9/2025 13:10;Visa;Isfahan;583952.0;42
fail;25/9/2025 20:33;Discover;Tehran;450000.0;41
success;5/9/2025 10:48;Discover;Tabriz;250000.0;70
fail;8/9/2025 6:30;Visa;Tabriz;976246.0;33
fail;7/9/2025 6:30;Amex;Isfahan;1463119.0;90
success;14/9/2025 6:30;Discover;karaj;0.0;77
Success;24/9/2025 20:20;Visa;Tehran;0.0;54
success;23/9/2025 17:17;MastCard;Tabriz;471227.0;88
fail;3/9/2025 12:12;MastCard;Tabriz;1578078.0;36
succeed;18/9/2025 22:27;Vsa;Tabriz;-999999.0;98
success;16/9/2025 14:11;MasterCard;Isfahan;0.0;85
fail;23/9/2025 11:11;VISA;Tabriz;471227.0;99
fail;19/9/2025 20:33;nan;tehr@n;250000.0;56
fail;19/9/2025 5:56;Amex;Isfahan;419089.0;17
success;18/9/2025 10:05;MasterCard;Tehran;1768588.0;10
success;20/9/2025 17:17;Visa;Mashhad;545116.0;88
fail;16/9/2025 18:00;MastCard;Tehran;0.0;44
fail;8/9/2025 7:08;Amex;Tabriz;443463.0;2
fail;28/9/2025 22:27;nan;Tabriz;471227.0;100
success;1/9/2025 17:17;Amex;Tehran;585954.0;14
fail;17/9/2025 21:10;visa;Karaj;976246.0;41
fail;12/9/2025 6:30;Master-Card;Ahvaz;1387769.0;2
Success;30/9/2025 3:27;Master Card;Isfahan;1578078.0;19
success;21/9/2025 10:48;Discover;Karaj;900000.0;80
fail;11/9/2025 2:54;Visa;Isfahan;452545.0;90
success;5/9/2025 20:20;Vsa;Tehran;177050.0;1
fail;27/9/2025 20:20;Vsa;Isfahan;452545.0;2
success;12/9/2025 12:44;Visa;Qom;583952.0;27
success;17/9/2025 21:21;MastCard;Tehran;585954.0;2
success;6/9/2025 13:13;Amex;Shiraz;0.0;95
success;1/9/2025 2:30;Visa;Karaj;0.0;51
fail;5/9/2025 16:40;MasterCard;THR;1427657.0;10
success;25/9/2025 23:17;nan;Tehran;0.0;19
fail;28/9/2025 17:17;MasterCard;Tehran;200000.0;80
fail;14/9/2025 14:55;Vsa;Tehran;1472823.0;13
Success;5/9/2025 8:59;Visa;TEHRAN;0.0;48
success;22/9/2025 12:44;MastCard;Ahvaz;-999999.0;56
FAIL;24/9/2025 19:51;Master Card;karaj;976246.0;72
fail;27/9/2025 3:27;MasterCard;Mashhad;583952.0;56
success;1/9/2025 7:07;Discover;Mashhad;0.0;50
fail;30/9/2025 18:12;Amex;Tabriz;545116.0;96
success;18/9/2025 12:44;nan;karaj;412308.0;45
fail;16/9/2025 0:00;Visa;karaj;-5000.0;90
fail;9/9/2025 21:23;MasterCard;Isfahan;250000.0;59
fail;19/9/2025 15:45;Visa;Tabriz;250000.0;39
success;22/9/2025 6:30;MasterCard;Karaj;100.5;21
fail;5/9/2025 21:23;MasterCard;Tehran;914465.0;55
failed;27/9/2025 10:05;Master Card;THR;343679.0;57
fail;2/9/2025 6:30;MasterCard;Mashhad;-999999.0;41
fail;30/9/2025 6:06;Amex;Isfahan;545116.0;94
fail;15/9/2025 7:08;Master-Card;Shiraz;250000.0;70
FAIL;7/9/2025 10:48;Discover;Shiraz;123456.0;82
fail;4/9/2025 10:48;MastCard;Tabriz;63489.0;49
fail;1/9/2025 2:30;MastCard;tehr@n;0.0;44
success;13/9/2025 6:30;Discover;ThRan;-5000.0;35
fail;20/9/2025 7:32;Visa;Mashhad;1387769.0;92
success;22/9/2025 19:29;MasterCard;Qom;250000.0;5
fail;7/9/2025 12:12;Discover;Qom;1578078.0;71
success;15/9/2025 17:17;Discover;Mashhad;583952.0;74
fail;23/9/2025 4:15;VISA;tehr@n;300000.0;74
success;14/9/2025 9:09;MasterCard;Tabriz;1782689.0;51
success;23/9/2025 10:05;Master-Card;Tehran;1768588.0;57
success;19/9/2025 4:40;Visa;tehr@n;1578078.0;58
success;22/9/2025 6:30;Master Card;Tabriz;914282.0;93
Success;29/9/2025 11:11;Vsa;Ahvaz;1387769.0;36
fail;24/9/2025 8:08;Vsa;Tabriz;99999.0;10
fail;20/9/2025 14:11;Discover;Tehran ;419089.0;50
success;29/9/2025 13:13;MasterCard;Ahvaz;419089.0;100
success;24/9/2025 14:11;Amex;TEHRAN;177050.0;100
fail;18/9/2025 19:51;Vsa;tehr@n;12345.0;37
success;10/9/2025 9:45;Master-Card;Tehran;1050805.0;20
fail;9/9/2025 14:11;Visa;Isfahan;100.5;13
success;25/9/2025 7:32;Master-Card;Shiraz;1387769.0;75
failed;8/9/2025 0:00;nan;Ahvaz;1305967.0;19
success;26/9/2025 0:00;Amex;Tabriz;1578078.0;93
fail;30/9/2025 20:20;Visa;TEHRAN;63489.0;56
success;29/9/2025 22:27;Vsa;Tabriz;914282.0;45
success;10/9/2025 21:10;Amex;THR;914282.0;60
fail;17/9/2025 4:15;Vsa;Mashhad;343679.0;68
success;2/9/2025 13:13;Vsa;Mashhad;976246.0;57
FAIL;6/9/2025 14:11;Visa;Isfahan;585954.0;54
fail;26/9/2025 12:44;Amex;Tehran;1387769.0;37
fail;5/9/2025 16:16;MasterCard;Isfahan;100000.0;83
fail;28/9/2025 9:09;Master Card;Isfahan;177050.0;37
success;30/9/2025 18:12;Discover;Mashhad;343679.0;14
Success;9/9/2025 14:30;Visa;Karaj;1472823.0;96
success;5/9/2025 3:00;Master-Card;Isfahan;100.5;93
fail;18/9/2025 14:02;Visa;Isfahan;-5000.0;44
success;26/9/2025 4:15;MastCard;TEHRAN;1305967.0;83
success;20/9/2025 10:48;Discover;Ahvaz;-999999.0;42
success;9/9/2025 3:27;Amex;Tehran;976246.0;1
fail;17/9/2025 21:23;Amex;karaj;-5000.0;23
success;27/9/2025 14:11;MasterCard;nan;-5000.0;64
success;17/9/2025 20:33;VISA;tehr@n;452545.0;28
fail;12/9/2025 18:12;Visa;karaj;583952.0;4
success;7/9/2025 2:37;Discover;Shiraz;545116.0;41
succeed;27/9/2025 12:12;MasterCard;Tabriz;-5000.0;60
fail;3/9/2025 14:11;Amex;Shiraz;650000.0;18
FAIL;10/9/2025 2:54;MasterCard;Karaj;1472823.0;63
fail;2/9/2025 0:00;Visa;Tabriz;-5000.0;61
success;25/9/2025 7:08;Master Card;Tabriz;100.5;49
fail;3/9/2025 1:51;MasterCard;Isfahan;471227.0;47
fail;16/9/2025 13:10;Discover;Shiraz;1.0;39
success;2/9/2025 14:30;MasterCard;Tabriz;1305967.0;90
success;28/9/2025 22:27;Visa;Qom;419089.0;82
success;24/9/2025 7:08;Visa;TEHRAN;0.0;6
success;10/9/2025 9:45;Visa;Tabriz;99999.0;83
success;6/9/2025 12:12;Visa;Tehran ;1427657.0;53
Success;22/9/2025 2:20;Visa;Mashhad;583952.0;76
success;26/9/2025 19:40;MasterCard;Tehran;200000.0;25
fail;11/9/2025 13:10;Amex;Tehran;1578078.0;100
fail;23/9/2025 22:27;Amex;Isfahan;200000.0;65
fail;7/9/2025 2:37;Visa;Tabriz;0.0;5
success;27/9/2025 5:56;nan;karaj;0.0;65
fail;29/9/2025 6:30;Vsa;Karaj;1502601.0;8
fail;15/9/2025 11:11;VISA;THR;914465.0;39
fail;6/9/2025 3:27;Discover;Qom;177050.0;43
success;20/9/2025 11:11;Amex;Isfahan;63489.0;82
fail;27/9/2025 1:51;Visa;Tabriz;120000.0;73
fail;9/9/2025 19:19;Vsa;Qom;-999999.0;5
success;22/9/2025 3:27;Visa;Shiraz;250000.0;4
success;20/9/2025 14:00;Discover;Isfahan;-999999.0;94
fail;12/9/2025 19:29;MasterCard;tehr@n;-999999.0;1
success;19/9/2025 19:29;Amex;Shiraz;-5000.0;95
fail;20/9/2025 8:59;Amex;karaj;976246.0;56
Success;3/9/2025 4:15;Visa;Shiraz;914465.0;45
fail;15/9/2025 19:19;MasterCard;Tabriz;-999999.0;65
succeed;2/9/2025 16:16;nan;Karaj;1578078.0;3
FAIL;30/9/2025 4:04;Master-Card;Tabriz;452545.0;22
success;21/9/2025 8:59;Amex;Qom;976246.0;72
fail;2/9/2025 5:56;Amex;Isfahan;1782689.0;56
success;22/9/2025 5:56;Visa;Tehran;0.0;18
fail;3/9/2025 10:48;Visa;Isfahan;250000.0;25
failed;6/9/2025 16:40;Discover;Tabriz;9999999999.0;48
failed;15/9/2025 23:17;MasterCard;Tehran;250000.0;84
FAIL;27/9/2025 4:15;MastCard;karaj;1427657.0;31
success;10/9/2025 2:24;MasterCard;Mashhad;850000.0;30
success;9/9/2025 11:11;Visa;Isfahan;1050805.0;80
success;1/9/2025 4:40;MasterCard;Mashhad;850000.0;66
fail;16/9/2025 2:24;Visa;Ahvaz;200000.0;81
success;6/9/2025 7:08;MastCard;Tehran;-5000.0;10
success;9/9/2025 20:33;Visa;Qom;583952.0;71
Success;27/9/2025 7:32;MasterCard;Mashhad;1782689.0;59
success;4/9/2025 4:15;MastCard;TEHRAN;-999999.0;51
failed;27/9/2025 18:12;Visa;Qom;976246.0;9
failed;28/9/2025 5:23;Visa;Tehran;333333.0;54
success;2/9/2025 3:27;Amex;Isfahan;1387769.0;62
fail;29/9/2025 1:51;Visa;Shiraz;-5000.0;81
success;4/9/2025 7:08;Amex;Tehran;1158713.0;9
success;1/9/2025 9:00;MastCard;THR;452545.0;9
fail;19/9/2025 4:15;Discover;Tehran;0.0;24
fail;26/9/2025 19:51;MasterCard;Tehran;100.5;39
succeed;25/9/2025 7:32;nan;Tehran;177050.0;75
fail;10/9/2025 5:23;MasterCard;Karaj;-5000.0;8
success;21/9/2025 1:51;visa;Mashhad;-999999.0;25
failed;15/9/2025 12:12;Visa;Tehran;1502601.0;66
success;27/9/2025 8:59;MastCard;THR;0.0;10
success;22/9/2025 5:23;Amex;Tabriz;-5000.0;24
success;19/9/2025 21:23;Master-Card;Tabriz;1883871.0;80
success;16/9/2025 19:29;Visa;Tehran;0.0;83
fail;21/9/2025 2:30;Discover;TEHRAN;419089.0;59
FAIL;27/9/2025 11:11;Visa;Ahvaz;1387769.0;31
success;24/9/2025 8:08;nan;Karaj;443463.0;11
success;22/9/2025 12:34;MasterCard;Tehran;419089.0;6
success;4/9/2025 0:00;nan;Mashhad;1502601.0;70
fail;2/9/2025 2:54;Discover;Qom;1387769.0;32
Success;30/9/2025 19:40;Visa;Isfahan;9999999999.0;39
failed;25/9/2025 23:17;Discover;Tabriz;5000.0;48
fail;13/9/2025 6:30;Amex;THR;1.0;13
succeed;28/9/2025 19:19;Vsa;Tehran;976246.0;59
success;1/9/2025 19:19;Discover;Shiraz;50200.0;67
success;17/9/2025 13:13;nan;Isfahan;250000.0;56
success;13/9/2025 9:09;Discover;Shiraz;583952.0;41
fail;4/9/2025 9:09;MastCard;Tehran;177050.0;56
success;7/9/2025 16:40;MastCard;Tabriz;443463.0;35
fail;17/9/2025 18:12;Discover;Qom;1578078.0;38
success;9/9/2025 5:56;Visa;ThRan;850000.0;81
success;4/9/2025 3:27;Discover;Tehran ;177050.0;67
failed;19/9/2025 19:19;Visa;Tabriz;-5000.0;34
success;1/9/2025 21:21;Master-Card;Tehran;976246.0;76
fail;10/9/2025 3:27;Master Card;Qom;1578078.0;89
failed;4/9/2025 8:59;MastCard;Isfahan;9999999999.0;70
success;9/9/2025 3:27;MastCard;Ahvaz;450000.0;11
success;13/9/2025 11:11;Discover;Mashhad;650000.0;27
fail;14/9/2025 2:37;Visa;Mashhad;1472823.0;48
failed;10/9/2025 9:00;Vsa;Shiraz;100.5;24
Success;6/9/2025 12:34;Amex;Tehran;9999999999.0;18
success;16/9/2025 10:05;MastCard;Karaj;99999.0;27
Success;6/9/2025 0:00;Vsa;Mashhad;1768588.0;54
fail;17/9/2025 14:02;MasterCard;karaj;177050.0;55
failed;10/9/2025 18:00;Visa;Tehran;650000.0;21
success;18/9/2025 9:00;Vsa;Tabriz;419089.0;59
fail;27/9/2025 14:11;MasterCard;tehr@n;914282.0;34
success;22/9/2025 11:11;Vsa;Qom;-5000.0;98
success;18/9/2025 2:37;MasterCard;tehr@n;200000.0;58
fail;3/9/2025 10:48;Visa;Karaj;914465.0;48
fail;20/9/2025 11:11;Visa;TEHRAN;1883871.0;54
fail;27/9/2025 23:59;MastCard;Tabriz;471227.0;18
fail;21/9/2025 6:30;Amex;Tehran;1463119.0;3
fail;25/9/2025 14:55;MasterCard;Ahvaz;100.5;24
fail;28/9/2025 9:45;MasterCard;Ahvaz;850000.0;1
fail;15/9/2025 9:00;Amex;Shiraz;1502601.0;6
FAIL;15/9/2025 10:48;Discover;Qom;914282.0;19
success;4/9/2025 18:45;Discover;TEHRAN;1578078.0;87
fail;29/9/2025 14:30;Discover;Tehran;1050805.0;43
Success;27/9/2025 21:23;Discover;Shiraz;1000.0;8
success;9/9/2025 10:05;MasterCard;Tehran;200000.0;69
success;27/9/2025 7:32;Visa;Tehran;1578078.0;52
success;26/9/2025 14:02;Discover;Isfahan;1472823.0;73
success;19/9/2025 1:01;Discover;karaj;177050.0;47
fail;24/9/2025 10:05;Discover;Karaj;443463.0;85
fail;28/9/2025 14:00;visa;Tehran ;0.0;28
success;17/9/2025 3:27;Visa;Tehran;585954.0;46
success;11/9/2025 14:02;Amex;Isfahan;914465.0;4
success;25/9/2025 3:27;Visa;Tehran;0.0;89
fail;9/9/2025 12:12;Vsa;Tehran;-1.0;8
success;10/9/2025 9:09;nan;Tabriz;0.0;61
success;18/9/2025 12:12;MasterCard;Tabriz;250000.0;17
FAIL;20/9/2025 8:59;Vsa;Isfahan;200000.0;34
fail;13/9/2025 10:48;Discover;Tehran;200000.0;20
failed;8/9/2025 17:17;Visa;Mashhad;12345.0;80
failed;7/9/2025 1:51;Discover;TEHRAN;177050.0;74
success;17/9/2025 14:11;Discover;Ahvaz;-5000.0;34
success;21/9/2025 19:51;MasterCard;karaj;177050.0;43
fail;23/9/2025 21:23;Discover;Ahvaz;177050.0;10
Success;15/9/2025 10:05;MasterCard;Isfahan;50200.0;95
fail;20/9/2025 1:01;MastCard;Karaj;1463119.0;30
success;15/9/2025 4:40;Discover;Ahvaz;200000.0;25
fail;1/9/2025 13:13;Visa;Tabriz;1050805.0;57
success;25/9/2025 2:30;MasterCard;THR;471227.0;63
success;14/9/2025 11:11;MasterCard;Mashhad;1768588.0;71
failed;5/9/2025 20:33;Visa;Tehran;343679.0;47
success;11/9/2025 20:33;Visa;Shiraz;250000.0;84
succeed;16/9/2025 19:51;MasterCard;Shiraz;1768588.0;81
success;2/9/2025 9:45;Discover;Qom;1463119.0;3
fail;8/9/2025 2:30;Master-Card;Tabriz;850000.0;46
fail;11/9/2025 23:59;Visa;Mashhad;774681.0;36
success;29/9/2025 4:15;Visa;Isfahan;1502601.0;26
fail;18/9/2025 21:21;MasterCard;Tehran ;1502601.0;10
success;3/9/2025 16:16;visa;karaj;177050.0;34
fail;30/9/2025 12:12;Amex;Ahvaz;100.5;78
success;26/9/2025 5:23;Discover;Tehran;545116.0;8
success;1/9/2025 14:02;Visa;Tabriz;419089.0;55
success;11/9/2025 9:00;MasterCard;Isfahan;914282.0;92
fail;16/9/2025 17:07;Visa;Mashhad;-999999.0;10
fail;18/9/2025 6:30;Amex;Tehran;419089.0;57
fail;30/9/2025 12:12;Amex;Qom;200000.0;79
fail;16/9/2025 2:30;Discover;Isfahan;9999999999.0;87
success;23/9/2025 4:40;Visa;Qom;-999999.0;45
success;10/9/2025 7:07;MastCard;Tehran;343679.0;50
fail;18/9/2025 22:27;Amex;Tabriz;585954.0;64
fail;6/9/2025 19:51;Vsa;Ahvaz;99999.0;96
success;19/9/2025 7:32;Discover;Mashhad;0.0;2
fail;4/9/2025 8:08;Amex;Ahvaz;443463.0;45
success;27/9/2025 7:32;Visa;Karaj;1578078.0;96
fail;13/9/2025 2:54;Discover;THR;-1.0;62
success;24/9/2025 6:30;Amex;Tehran;1578078.0;14
failed;14/9/2025 12:44;Vsa;Tabriz;1578078.0;74
fail;3/9/2025 9:45;Discover;Qom;100.5;95
success;10/9/2025 13:13;Vsa;tehr@n;0.0;15
success;6/9/2025 11:11;MastCard;Karaj;1427657.0;14
fail;1/9/2025 19:51;Discover;Mashhad;5000.0;31
success;23/9/2025 23:59;Master-Card;Tehran;583952.0;29
success;24/9/2025 13:10;MasterCard;Mashhad;0.0;27
success;27/9/2025 4:40;Amex;Isfahan;0.0;85
success;14/9/2025 17:07;MasterCard;Ahvaz;100.5;9
failed;8/9/2025 10:48;MasterCard;Isfahan;976246.0;20
FAIL;19/9/2025 4:04;Vsa;Tabriz;1463119.0;100
success;14/9/2025 12:12;Discover;Tehran;583952.0;58
failed;10/9/2025 8:08;Visa;Tehran;545116.0;79
fail;17/9/2025 13:10;Master-Card;Isfahan;914465.0;89
success;9/9/2025 2:54;Vsa;Isfahan;0.0;49
fail;29/9/2025 13:13;Discover;Qom;1578078.0;57
fail;6/9/2025 8:08;Visa;Karaj;205000.0;16
success;11/9/2025 23:59;MastCard;Tehran;-5000.0;75
success;25/9/2025 13:10;Visa;Mashhad;177050.0;8
success;7/9/2025 2:37;MasterCard;THR;100000.0;67
success;17/9/2025 23:59;Visa;Mashhad;0.0;19
success;28/9/2025 2:24;Amex;Mashhad;99999.0;67
success;28/9/2025 1:51;Visa;Mashhad;976246.0;36
fail;1/9/2025 6:30;Amex;Isfahan;471227.0;90
fail;22/9/2025 13:13;MastCard;Tehran;1782689.0;60
fail;5/9/2025 2:20;MasterCard;Tehran;1883871.0;36
success;9/9/2025 9:45;Visa;Tehran;100.5;11
fail;18/9/2025 13:13;Visa;Ahvaz;1502601.0;51
fail;24/9/2025 9:45;Discover;Tabriz;1472823.0;80
success;27/9/2025 12:44;MasterCard;tehr@n;0.0;55
success;21/9/2025 13:13;Amex;karaj;123456.0;54
success;2/9/2025 2:30;Visa;Karaj;-5000.0;17
fail;29/9/2025 18:45;MastCard;Karaj;0.0;62
success;26/9/2025 12:12;MastCard;Tehran;343679.0;42
failed;11/9/2025 14:55;MasterCard;Qom;419089.0;24
failed;27/9/2025 9:09;Discover;tehr@n;452545.0;17
success;28/9/2025 4:15;Vsa;Tehran;1578078.0;48
fail;6/9/2025 19:40;Vsa;Tabriz;-999999.0;84
success;26/9/2025 4:15;visa;Tehran;100.5;87
fail;8/9/2025 7:08;Discover;Qom;300000.0;70
fail;4/9/2025 2:30;Master-Card;Tehran;1.0;7
fail;18/9/2025 2:30;Visa;Mashhad;333333.0;14
success;28/9/2025 8:08;MasterCard;Karaj;1578078.0;11
success;11/9/2025 18:00;MasterCard;Tehran;1158713.0;12
success;5/9/2025 7:08;MasterCard;Ahvaz;-5000.0;5
success;15/9/2025 19:51;Amex;Tehran;1305967.0;5
fail;28/9/2025 11:11;Visa;Tehran;850000.0;20
success;18/9/2025 19:19;Master-Card;Tabriz;50200.0;54
success;2/9/2025 2:30;Amex;Ahvaz;9999999999.0;55
success;22/9/2025 12:12;Master-Card;THR;419089.0;58
failed;11/9/2025 10:05;Visa;Tabriz;-5000.0;79
fail;26/9/2025 21:23;Amex;Tehran;1463119.0;91
success;25/9/2025 18:00;MasterCard;karaj;250000.0;98
success;13/9/2025 3:27;MasterCard;Shiraz;123456.0;30
success;4/9/2025 3:27;MastCard;Tehran;1782689.0;24
success;22/9/2025 15:45;Visa;Qom;100000.0;88
Success;7/9/2025 13:10;Visa;THR;177050.0;73
fail;29/9/2025 19:19;MastCard;Tehran;419089.0;3
success;11/9/2025 13:10;MasterCard;Tehran;1472823.0;48
success;22/9/2025 17:07;Discover;Tabriz;1463119.0;71
fail;24/9/2025 2:30;MasterCard;Shiraz;0.0;22
fail;4/9/2025 3:27;MasterCard;Tehran;850000.0;14
failed;28/9/2025 8:59;MastCard;karaj;9999999999.0;48
fail;15/9/2025 4:15;Visa;Ahvaz;12345.0;29
fail;1/9/2025 2:24;Amex;Qom;50200.0;50
FAIL;23/9/2025 14:02;Amex;Tehran;-999999.0;80
success;3/9/2025 21:23;MastCard;ThRan;443463.0;99
fail;14/9/2025 14:55;Master-Card;Mashhad;-5000.0;10
success;6/9/2025 21:23;MasterCard;Mashhad;555555.0;71
success;18/9/2025 10:48;Discover;nan;177050.0;90
failed;25/9/2025 19:40;Visa;THR;0.0;27
success;1/9/2025 13:13;Discover;Mashhad;123456.0;79
failed;6/9/2025 12:12;Visa;Isfahan;0.0;97
fail;6/9/2025 14:02;Vsa;Tehran;0.0;28
success;21/9/2025 15:45;Vsa;TEHRAN;1578078.0;9
fail;16/9/2025 14:00;MasterCard;karaj;250000.0;71
fail;29/9/2025 7:08;Discover;Tabriz;914282.0;80
success;5/9/2025 2:24;Visa;Ahvaz;419089.0;26
fail;17/9/2025 4:04;Master-Card;Ahvaz;1000.0;100
success;10/9/2025 6:06;Master-Card;Tabriz;177050.0;81
failed;28/9/2025 8:08;Discover;Shiraz;1463119.0;88
fail;21/9/2025 8:08;Amex;Tabriz;177050.0;8
fail;18/9/2025 11:11;Discover;Ahvaz;5000.0;2
success;7/9/2025 7:08;Visa;Tehran;0.0;96
Success;3/9/2025 23:17;Visa;Shiraz;99999.0;57
success;13/9/2025 12:34;Amex;Tabriz;1463119.0;52
success;15/9/2025 5:56;Visa;Tehran;333333.0;58
fail;20/9/2025 14:00;Visa;Tehran;177050.0;97
fail;19/9/2025 20:20;Visa;Shiraz;585954.0;94
success;3/9/2025 11:11;Discover;Tabriz;1.0;3
fail;4/9/2025 12:34;MastCard;Shiraz;120000.0;8
failed;5/9/2025 17:17;Visa;Isfahan;1768588.0;59
success;1/9/2025 16:40;Master-Card;Karaj;412308.0;2
success;4/9/2025 19:19;Discover;Mashhad;-5000.0;96
success;12/9/2025 9:45;Discover;Tabriz;1158713.0;62
success;28/9/2025 3:00;Visa;Tehran;-5000.0;49
success;27/9/2025 2:24;Discover;Isfahan;0.0;20
Success;24/9/2025 17:17;Visa;Shiraz;100000.0;29
succeed;10/9/2025 0:00;Discover;Karaj;585954.0;17
Success;23/9/2025 19:51;Master-Card;Tehran;343679.0;74
failed;25/9/2025 2:30;MastCard;Shiraz;-5000.0;22
success;21/9/2025 21:23;Master-Card;Tehran;774681.0;6
success;29/9/2025 7:32;Visa;Tabriz;-999999.0;62
fail;26/9/2025 17:17;MasterCard;Mashhad;650000.0;99
fail;20/9/2025 18:45;Visa;Tabriz;0.0;31
fail;24/9/2025 13:13;MastCard;Shiraz;-5000.0;62
fail;25/9/2025 14:11;VISA;tehr@n;50200.0;12
success;13/9/2025 3:27;Vsa;Tehran;450000.0;12
fail;23/9/2025 15:45;Visa;Qom;976246.0;63
failed;14/9/2025 21:10;Discover;TEHRAN;1387769.0;16
failed;23/9/2025 17:17;Visa;Tehran;100.5;25
fail;5/9/2025 9:00;Visa;Isfahan;976246.0;22
fail;4/9/2025 13:10;Visa;Tehran;99999.0;92
failed;14/9/2025 2:37;Discover;Shiraz;650000.0;89
failed;10/9/2025 2:30;Discover;Shiraz;1427657.0;76
Success;17/9/2025 14:30;MasterCard;Shiraz;1463119.0;18
succeed;10/9/2025 12:12;MasterCard;Qom;1578078.0;45
FAIL;26/9/2025 21:23;Vsa;Karaj;-5000.0;80
success;7/9/2025 10:48;Visa;Tehran;120000.0;68
fail;16/9/2025 17:17;Visa;tehr@n;452545.0;12
success;1/9/2025 21:10;Amex;Tabriz;555555.0;49
fail;17/9/2025 18:00;Amex;Tehran;1502601.0;33
failed;21/9/2025 2:30;Visa;tehr@n;1463119.0;87
success;29/9/2025 9:09;Master-Card;karaj;976246.0;63
failed;9/9/2025 18:45;Discover;Ahvaz;123456.0;18
fail;6/9/2025 19:51;Discover;Tehran;250000.0;54
success;19/9/2025 12:12;MasterCard;Ahvaz;1158713.0;98
success;13/9/2025 9:45;Discover;Shiraz;300000.0;27
Success;3/9/2025 8:08;Amex;Karaj;100.5;83
fail;7/9/2025 12:44;Discover;Tehran ;100000.0;78
Success;22/9/2025 2:20;Discover;Tehran;0.0;25
failed;9/9/2025 11:11;Master-Card;Mashhad;1578078.0;34
success;22/9/2025 5:56;Discover;Ahvaz;177050.0;89
success;5/9/2025 2:20;MastCard;Isfahan;471227.0;60
success;10/9/2025 20:33;Discover;Tehran;1463119.0;54
fail;23/9/2025 12:12;MasterCard;Tehran;0.0;88
fail;17/9/2025 6:06;Discover;Qom;0.0;5
failed;12/9/2025 14:02;MastCard;Tabriz;452545.0;36
success;23/9/2025 16:40;MastCard;Tehran;1782689.0;54
fail;16/9/2025 21:23;Visa;Isfahan;585954.0;89
success;3/9/2025 10:48;Visa;Tehran;583952.0;36
success;30/9/2025 20:33;nan;Tehran;250000.0;69
fail;25/9/2025 9:09;Master-Card;Tehran;63489.0;39
success;22/9/2025 2:54;MasterCard;THR;250000.0;70
fail;9/9/2025 9:09;MasterCard;Tehran;471227.0;4
fail;29/9/2025 2:30;Vsa;Ahvaz;9999999999.0;74
success;15/9/2025 16:16;Visa;Ahvaz;50200.0;65
success;5/9/2025 14:11;Amex;Qom;1782689.0;85
fail;23/9/2025 7:08;MasterCard;Tabriz;100.5;40
fail;13/9/2025 21:10;MastCard;THR;976246.0;37
fail;14/9/2025 8:59;Visa;Mashhad;583952.0;67
fail;20/9/2025 11:11;Amex;Tehran;1502601.0;31
fail;15/9/2025 4:04;Amex;Isfahan;-5000.0;92
fail;16/9/2025 7:08;Vsa;Tehran;419089.0;81
fail;23/9/2025 8:59;MastCard;Isfahan;471227.0;88
failed;13/9/2025 8:59;Master-Card;Mashhad;1463119.0;77
success;17/9/2025 11:11;Master-Card;Isfahan;585954.0;47
fail;23/9/2025 3:27;MasterCard;Shiraz;-5000.0;27
fail;8/9/2025 11:11;Visa;tehr@n;0.0;51
fail;21/9/2025 5:23;Amex;Isfahan;-5000.0;20
failed;2/9/2025 23:59;Master-Card;Isfahan;-5000.0;13
fail;5/9/2025 12:12;Visa;Karaj;0.0;63
fail;6/9/2025 17:17;Amex;Mashhad;914465.0;44
success;12/9/2025 19:40;Visa;Isfahan;-5000.0;24
success;18/9/2025 5:56;Visa;karaj;1305967.0;3
fail;30/9/2025 7:08;MastCard;TEHRAN;-5000.0;10
success;22/9/2025 19:51;MastCard;Qom;-5000.0;65
fail;22/9/2025 9:00;Amex;Tehran;100.5;49
fail;1/9/2025 16:40;Master-Card;Mashhad;-5000.0;58
success;30/9/2025 10:48;Visa;Mashhad;900000.0;77
success;17/9/2025 13:13;Visa;Isfahan;9999999999.0;78
success;30/9/2025 13:13;Master-Card;Tabriz;583952.0;98
fail;11/9/2025 19:19;MasterCard;Mashhad;100.5;2
success;10/9/2025 15:45;Discover;Mashhad;412308.0;66
fail;19/9/2025 7:08;MastCard;Tabriz;1387769.0;31
success;14/9/2025 20:33;Master-Card;TEHRAN;1782689.0;68
success;26/9/2025 8:08;MastCard;THR;-999999.0;99
fail;10/9/2025 10:05;Vsa;Ahvaz;99999.0;83
success;15/9/2025 4:40;Discover;Isfahan;343679.0;37
success;28/9/2025 16:40;Discover;Isfahan;0.0;73
fail;19/9/2025 15:45;Master-Card;Karaj;774681.0;24
failed;4/9/2025 17:17;Amex;Shiraz;100000.0;77
failed;2/9/2025 21:23;Discover;Qom;-999999.0;44
fail;9/9/2025 8:59;MasterCard;Tehran;0.0;95
failed;10/9/2025 18:12;MastCard;Shiraz;0.0;83
success;28/9/2025 9:00;Visa;TEHRAN;583952.0;41
success;11/9/2025 23:17;Amex;Tehran;0.0;74
failed;14/9/2025 21:23;Visa;Isfahan;300000.0;51
success;7/9/2025 19:51;Discover;Mashhad;120000.0;42
fail;23/9/2025 11:11;MastCard;Karaj;100.5;78
Success;15/9/2025 18:00;Visa;Tehran;-5000.0;40
fail;22/9/2025 0:00;Visa;THR;585954.0;48
fail;19/9/2025 2:30;Master-Card;Tehran;585954.0;84
fail;22/9/2025 14:55;MastCard;THR;0.0;4
failed;15/9/2025 8:08;MasterCard;Tehran;419089.0;60
Success;30/9/2025 17:07;Visa;Tehran;343679.0;39
fail;28/9/2025 11:11;Discover;Ahvaz;200000.0;5
failed;24/9/2025 14:02;Amex;THR;-999999.0;97
fail;8/9/2025 1:01;Visa;ThRan;177050.0;6
FAIL;11/9/2025 2:37;MasterCard;Tehran;1000.0;14
success;29/9/2025 9:00;MasterCard;Mashhad;1387769.0;70
fail;9/9/2025 20:33;MasterCard;Tehran;0.0;78
fail;15/9/2025 23:59;Visa;Tehran;1.0;12
fail;1/9/2025 22:27;Visa;Tehran;1768588.0;62
fail;30/9/2025 11:11;VISA;Tehran;471227.0;27
success;1/9/2025 11:11;VISA;TEHRAN;0.0;54
fail;19/9/2025 13:13;MasterCard;Tehran;1463119.0;91
FAIL;3/9/2025 10:48;Vsa;Shiraz;555555.0;12
success;10/9/2025 14:55;Amex;Shiraz;450000.0;8
success;8/9/2025 21:10;Visa;Tehran;1782689.0;74
fail;15/9/2025 10:48;Discover;nan;99999.0;16
failed;10/9/2025 9:09;Discover;Isfahan;583952.0;52
success;1/9/2025 18:00;Amex;TEHRAN;343679.0;26
failed;29/9/2025 21:10;Amex;tehr@n;1387769.0;8
Success;18/9/2025 2:37;nan;tehr@n;471227.0;45
fail;2/9/2025 19:51;Vsa;Ahvaz;-5000.0;94
fail;19/9/2025 14:11;Master-Card;Tabriz;471227.0;84
failed;13/9/2025 20:33;Master-Card;Tehran;1158713.0;81
failed;22/9/2025 2:54;Vsa;Qom;333333.0;19
success;1/9/2025 7:08;Discover;Isfahan;123456.0;17
fail;2/9/2025 11:11;Visa;karaj;914282.0;65
success;29/9/2025 11:11;Amex;Karaj;1472823.0;29
fail;16/9/2025 0:00;MastCard;Tabriz;471227.0;14
fail;15/9/2025 0:00;Discover;Tehran;-999999.0;17
success;13/9/2025 19:51;Vsa;Tabriz;-5000.0;13
fail;16/9/2025 5:56;VISA;Qom;914465.0;94
success;17/9/2025 2:37;Amex;Tehran;471227.0;99
Success;21/9/2025 1:01;MasterCard;Shiraz;0.0;92
failed;29/9/2025 7:32;Vsa;Shiraz;1463119.0;63
Success;29/9/2025 7:08;Visa;Tehran;1578078.0;33
failed;7/9/2025 16:40;Visa;Qom;99999.0;29
fail;24/9/2025 20:33;Vsa;Shiraz;200000.0;37
failed;26/9/2025 5:56;MastCard;Mashhad;9999999999.0;83
Success;17/9/2025 7:08;MasterCard;tehr@n;419089.0;46
Success;7/9/2025 12:34;Master-Card;Tehran;545116.0;24
success;13/9/2025 21:23;Discover;Isfahan;419089.0;14
fail;5/9/2025 12:34;Amex;THR;0.0;5
fail;26/9/2025 21:23;Amex;Isfahan;-999999.0;53
fail;17/9/2025 13:13;Visa;Isfahan;1502601.0;89
FAIL;3/9/2025 6:06;Discover;Shiraz;1463119.0;99
success;7/9/2025 2:24;nan;Shiraz;1502601.0;96
failed;26/9/2025 14:55;Visa;Tehran;100.5;30
success;17/9/2025 7:08;Visa;Mashhad;450000.0;60
success;7/9/2025 12:12;MasterCard;Isfahan;976246.0;73
fail;21/9/2025 2:30;Visa;Shiraz;5000.0;92
fail;1/9/2025 7:07;Master-Card;Qom;1472823.0;28
success;17/9/2025 19:51;Visa;Shiraz;1782689.0;26
success;30/9/2025 2:30;Amex;Shiraz;1578078.0;18
fail;17/9/2025 3:27;Discover;Tabriz;914282.0;36
success;11/9/2025 21:21;Vsa;Tabriz;0.0;8
fail;25/9/2025 19:29;Amex;Isfahan;-5000.0;18
failed;27/9/2025 7:08;Discover;Tabriz;471227.0;84
fail;29/9/2025 14:02;visa;Karaj;1000.0;58
success;3/9/2025 11:11;Visa;Qom;976246.0;32
fail;15/9/2025 9:00;Amex;Tabriz;200000.0;94
failed;29/9/2025 4:15;visa;THR;0.0;49
fail;21/9/2025 5:56;MastCard;Mashhad;-999999.0;48
success;11/9/2025 12:12;MastCard;Tehran;1782689.0;82
Success;26/9/2025 9:45;Visa;Tabriz;1158713.0;71
fail;28/9/2025 23:17;Visa;Qom;0.0;65
fail;16/9/2025 23:59;Visa;Isfahan;419089.0;93
success;25/9/2025 19:40;visa;THR;1782689.0;33
success;22/9/2025 13:10;VISA;Mashhad;443463.0;50
fail;28/9/2025 8:08;Discover;TEHRAN;1502601.0;4
success;9/9/2025 21:21;Discover;Tehran;63489.0;84
fail;24/9/2025 11:11;Visa;Shiraz;-5000.0;36
fail;24/9/2025 14:00;Discover;THR;914282.0;96
success;1/9/2025 2:37;Discover;Tabriz;9999999999.0;28
failed;29/9/2025 0:00;MastCard;Tehran;976246.0;3
success;25/9/2025 23:59;Master-Card;Mashhad;471227.0;6
success;22/9/2025 17:17;MastCard;Tehran ;452545.0;45
failed;16/9/2025 23:17;Amex;Shiraz;50200.0;23
fail;9/9/2025 8:59;MastCard;Shiraz;471227.0;7
success;19/9/2025 1:01;MastCard;Shiraz;585954.0;61
failed;12/9/2025 0:00;MasterCard;Tehran;1782689.0;65
fail;19/9/2025 16:40;Discover;Mashhad;443463.0;6
fail;22/9/2025 14:02;Discover;Tehran;205000.0;24
succeed;9/9/2025 20:20;MastCard;Tabriz;774681.0;37
succeed;7/9/2025 23:59;Master Card;karaj;-999999.0;45
fail;14/9/2025 2:37;Amex;Shiraz;583952.0;51
fail;29/9/2025 14:02;nan;nan;100.5;89
fail;19/9/2025 12:34;Visa;Tehran;-999999.0;45
fail;19/9/2025 17:17;Vsa;Isfahan;100.5;63
success;2/9/2025 9:09;Master-Card;karaj;900000.0;29
success;9/9/2025 3:27;Amex;Tabriz;-999999.0;97
failed;13/9/2025 2:30;nan;Tehran;250000.0;25
fail;15/9/2025 16:16;Amex;Isfahan;452545.0;10
failed;3/9/2025 21:23;Discover;Isfahan;555555.0;35
fail;11/9/2025 21:23;Visa;ThRan;583952.0;55
fail;21/9/2025 14:02;Amex;Mashhad;471227.0;25
success;14/9/2025 19:19;Master-Card;THR;0.0;92
fail;30/9/2025 0:00;Visa;THR;0.0;45
fail;25/9/2025 19:40;Amex;Tehran;914465.0;97
failed;8/9/2025 19:51;Vsa;Karaj;200000.0;12
fail;18/9/2025 3:27;Visa;Tabriz;976246.0;4
success;19/9/2025 3:27;Visa;Tehran;976246.0;91
fail;16/9/2025 14:00;Discover;THR;1578078.0;67
fail;2/9/2025 17:07;Discover;Tabriz;0.0;17
success;8/9/2025 19:29;Visa;Isfahan;177050.0;73
failed;22/9/2025 12:12;Visa;Tabriz;419089.0;94
success;6/9/2025 2:24;Visa;Tehran;200000.0;65
success;12/9/2025 12:34;Amex;Isfahan;419089.0;82
failed;15/9/2025 14:30;MastCard;Isfahan;9999999999.0;53
failed;25/9/2025 14:55;MastCard;Isfahan;250000.0;84
fail;8/9/2025 8:08;MasterCard;TEHRAN;450000.0;57
success;4/9/2025 14:11;Master Card;Isfahan;850000.0;99
success;15/9/2025 3:00;Master-Card;Tehran;419089.0;28
success;28/9/2025 18:45;Master Card;Tehran;545116.0;100
success;20/9/2025 9:45;Discover;Karaj;177050.0;16
fail;25/9/2025 14:11;Master-Card;Qom;443463.0;21
success;17/9/2025 0:00;MastCard;tehr@n;1578078.0;77
success;13/9/2025 19:19;Discover;Karaj;12345.0;100
success;18/9/2025 21:10;Visa;Tehran;585954.0;42
failed;2/9/2025 2:30;MastCard;Tehran;1.0;54
failed;13/9/2025 23:17;Visa;Mashhad;-5000.0;32
success;13/9/2025 2:54;Discover;Shiraz;100.5;38
success;22/9/2025 9:00;MasterCard;Tehran;650000.0;70
success;15/9/2025 4:15;MastCard;Qom;1463119.0;38
success;20/9/2025 17:07;nan;THR;1387769.0;54
Success;29/9/2025 8:08;Amex;Karaj;200000.0;60
success;27/9/2025 11:11;MastCard;Shiraz;1578078.0;77
fail;10/9/2025 4:15;Discover;Ahvaz;412308.0;77
success;29/9/2025 14:02;MastCard;Tehran;-5000.0;47
success;3/9/2025 14:11;MasterCard;Tabriz;1463119.0;12
success;19/9/2025 5:56;Master-Card;Tehran;583952.0;53
success;3/9/2025 2:30;Discover;Tehran;583952.0;33
fail;22/9/2025 21:23;MasterCard;TEHRAN;1472823.0;28
fail;14/9/2025 16:40;MasterCard;Tabriz;774681.0;3
fail;8/9/2025 4:04;Vsa;Shiraz;5000.0;82
success;27/9/2025 16:16;Master Card;Karaj;0.0;26
fail;23/9/2025 2:37;Discover;Shiraz;1463119.0;54
failed;30/9/2025 6:06;MasterCard;Qom;976246.0;40
fail;4/9/2025 19:51;MastCard;Mashhad;177050.0;66
Success;27/9/2025 3:27;Master-Card;Isfahan;5000.0;68
fail;28/9/2025 16:16;MasterCard;TEHRAN;-5000.0;93
fail;20/9/2025 9:09;Visa;Tehran;0.0;93
success;11/9/2025 13:10;Discover;Tehran;1463119.0;90
fail;26/9/2025 2:37;Amex;Mashhad;1387769.0;91
Success;11/9/2025 8:08;MasterCard;Tabriz;9999999999.0;47
fail;27/9/2025 23:59;Visa;Isfahan;-5000.0;2
success;30/9/2025 10:48;Visa;nan;-5000.0;42
Success;11/9/2025 22:27;MastCard;Ahvaz;9999999999.0;34
fail;2/9/2025 3:27;visa;THR;583952.0;95
fail;30/9/2025 10:48;nan;Isfahan;205000.0;21
fail;17/9/2025 14:11;MastCard;Tabriz;976246.0;44
success;9/9/2025 5:56;Vsa;Ahvaz;9999999999.0;88
fail;28/9/2025 2:54;Discover;Ahvaz;1578078.0;98
success;28/9/2025 4:40;Amex;Qom;545116.0;2
failed;2/9/2025 14:11;Visa;TEHRAN;-5000.0;92
failed;29/9/2025 2:24;MastCard;Tehran ;412308.0;59
fail;24/9/2025 8:59;VISA;Mashhad;333333.0;87
fail;15/9/2025 5:56;Master-Card;Tabriz;419089.0;99
fail;16/9/2025 10:48;MasterCard;Mashhad;177050.0;16
success;25/9/2025 18:12;Vsa;ThRan;583952.0;20
fail;4/9/2025 7:08;Master Card;Tabriz;123456.0;26
failed;8/9/2025 19:40;Visa;Shiraz;452545.0;16
success;9/9/2025 11:11;Vsa;Karaj;123456.0;70
fail;26/9/2025 21:21;Discover;Tabriz;1158713.0;23
success;26/9/2025 2:24;Master-Card;Qom;0.0;42
fail;5/9/2025 21:21;Visa;Tabriz;1387769.0;37
fail;16/9/2025 0:00;Visa;THR;583952.0;72
fail;13/9/2025 22:27;MastCard;Karaj;555555.0;6
fail;30/9/2025 2:30;Visa;karaj;976246.0;37
success;7/9/2025 13:13;Visa;Tehran;1578078.0;22
success;26/9/2025 14:11;Amex;Tehran;914282.0;6
fail;20/9/2025 2:30;Vsa;THR;0.0;32
succeed;17/9/2025 14:00;Discover;Isfahan;0.0;17
success;3/9/2025 18:00;Vsa;Tehran;1472823.0;38
fail;5/9/2025 13:13;Vsa;Tehran;9999999999.0;17
fail;19/9/2025 2:30;Amex;Mashhad;177050.0;37
success;12/9/2025 20:20;Amex;Tehran;419089.0;23
FAIL;29/9/2025 4:40;Visa;Qom;-1.0;49
success;27/9/2025 2:37;Discover;Karaj;200000.0;61
Success;7/9/2025 18:12;Discover;Mashhad;471227.0;49
success;28/9/2025 5:56;Visa;TEHRAN;976246.0;61
success;9/9/2025 21:23;Discover;Tehran;471227.0;77
success;28/9/2025 7:32;Discover;Mashhad;-5000.0;32
success;6/9/2025 10:48;MastCard;Tehran;-5000.0;87
fail;29/9/2025 14:11;Amex;THR;200000.0;63
failed;26/9/2025 10:48;nan;tehr@n;-999999.0;7
fail;17/9/2025 15:45;Visa;Isfahan;419089.0;22
success;16/9/2025 3:00;Visa;Tabriz;1578078.0;85
success;23/9/2025 21:10;MasterCard;Tabriz;976246.0;6
success;3/9/2025 10:48;Visa;THR;9999999999.0;61
fail;21/9/2025 11:11;Vsa;Karaj;0.0;14
success;26/9/2025 19:51;MasterCard;THR;1578078.0;16
success;4/9/2025 4:15;MasterCard;Tehran;1782689.0;3
success;10/9/2025 7:08;Discover;Mashhad;343679.0;9
success;5/9/2025 12:34;Discover;Shiraz;63489.0;47
success;21/9/2025 4:40;MasterCard;TEHRAN;343679.0;85
fail;22/9/2025 4:04;Visa;Isfahan;0.0;95
succeed;30/9/2025 9:00;Visa;Tabriz;200000.0;95
failed;10/9/2025 12:12;MasterCard;TEHRAN;555555.0;42
fail;12/9/2025 4:15;Visa;Tehran;200000.0;42
fail;10/9/2025 4:40;Vsa;Mashhad;1768588.0;97
fail;29/9/2025 9:00;Discover;Mashhad;976246.0;23
success;13/9/2025 13:13;Visa;Tehran;0.0;3
failed;11/9/2025 6:06;Discover;Isfahan;100000.0;1
success;22/9/2025 14:00;Discover;Karaj;1883871.0;67
failed;16/9/2025 22:27;Visa;Isfahan;1158713.0;71
fail;8/9/2025 17:07;Visa;Tabriz;850000.0;3
success;8/9/2025 1:51;Discover;Ahvaz;300000.0;49
fail;27/9/2025 21:23;Discover;ThRan;1387769.0;67
fail;25/9/2025 18:00;Vsa;Ahvaz;914282.0;55
success;8/9/2025 8:59;Vsa;karaj;12345.0;4
fail;13/9/2025 16:16;Visa;tehr@n;5000.0;31
success;27/9/2025 10:48;Visa;Ahvaz;471227.0;66
success;2/9/2025 3:27;Amex;ThRan;177050.0;78
failed;30/9/2025 18:45;Vsa;Karaj;419089.0;64
fail;30/9/2025 21:23;VISA;Shiraz;555555.0;31
success;12/9/2025 14:11;Visa;Karaj;976246.0;63
succeed;10/9/2025 2:37;MasterCard;TEHRAN;976246.0;66
failed;12/9/2025 4:04;MastCard;Karaj;1768588.0;31
success;11/9/2025 7:08;Vsa;Ahvaz;914465.0;47
success;15/9/2025 23:59;Visa;Tabriz;177050.0;22
success;16/9/2025 0:00;MastCard;TEHRAN;1472823.0;74
success;17/9/2025 9:00;Discover;Mashhad;0.0;95
success;26/9/2025 8:08;Visa;Tehran;419089.0;98
success;2/9/2025 14:55;MasterCard;Ahvaz;976246.0;83
failed;18/9/2025 4:15;Visa;Isfahan;177050.0;46
success;12/9/2025 21:23;MastCard;Tehran;443463.0;90
fail;19/9/2025 12:34;MastCard;Tabriz;12345.0;58
success;26/9/2025 5:56;Vsa;Tehran;1578078.0;61
fail;23/9/2025 6:06;Discover;Tehran;-999999.0;46
fail;18/9/2025 1:51;Visa;Qom;1463119.0;1
fail;30/9/2025 2:37;Discover;THR;-5000.0;97
fail;17/9/2025 9:45;MasterCard;Mashhad;-5000.0;25
failed;30/9/2025 2:37;MastCard;Shiraz;0.0;61
success;6/9/2025 19:19;Discover;karaj;177050.0;81
fail;25/9/2025 7:32;MasterCard;Isfahan;1000.0;14
success;15/9/2025 3:27;MasterCard;Shiraz;12345.0;45
fail;3/9/2025 2:20;Visa;Isfahan;100.5;77
success;6/9/2025 17:17;Amex;Shiraz;63489.0;39
success;3/9/2025 10:48;MasterCard;Tabriz;0.0;66
Success;30/9/2025 10:05;Vsa;Tehran ;0.0;32
fail;29/9/2025 3:00;MastCard;Tehran;250000.0;97
success;1/9/2025 17:07;Visa;Mashhad;471227.0;58
failed;30/9/2025 14:02;MasterCard;Tabriz;900000.0;56
Success;13/9/2025 19:19;MastCard;Qom;650000.0;6
fail;28/9/2025 2:20;Visa;Isfahan;0.0;90
success;21/9/2025 14:30;Vsa;Tabriz;-1.0;67
fail;26/9/2025 8:59;Visa;Tabriz;914465.0;82
success;14/9/2025 11:11;MasterCard;Tehran;419089.0;50
fail;13/9/2025 14:11;Master Card;Ahvaz;177050.0;38
failed;27/9/2025 9:09;Amex;Tabriz;914465.0;3
fail;4/9/2025 12:44;MasterCard;Ahvaz;9999999999.0;5
success;7/9/2025 2:30;Visa;Mashhad;850000.0;24
success;22/9/2025 14:00;Visa;Tehran;583952.0;54
FAIL;10/9/2025 8:08;Amex;Tehran;419089.0;34
success;7/9/2025 7:32;MasterCard;TEHRAN;914282.0;39
fail;21/9/2025 4:40;Discover;Qom;1782689.0;89
fail;15/9/2025 4:04;nan;Tehran;0.0;93
fail;15/9/2025 0:00;Discover;Karaj;1463119.0;48
success;4/9/2025 7:08;MasterCard;karaj;585954.0;49
success;23/9/2025 12:12;Amex;Tabriz;471227.0;34
success;23/9/2025 6:06;MasterCard;Qom;0.0;80
fail;6/9/2025 0:00;MasterCard;Tabriz;12345.0;7
success;24/9/2025 21:21;Discover;Tehran;555555.0;18
success;20/9/2025 13:13;Master-Card;Isfahan;583952.0;70
FAIL;26/9/2025 19:51;MasterCard;Ahvaz;450000.0;93
success;5/9/2025 2:37;MasterCard;Mashhad;452545.0;34
fail;20/9/2025 6:30;Amex;Isfahan;471227.0;51
fail;12/9/2025 2:54;Visa;Isfahan;1578078.0;94
fail;1/9/2025 11:11;Vsa;Mashhad;-5000.0;68
success;28/9/2025 1:01;MasterCard;Tabriz;1000.0;14
success;8/9/2025 12:12;Amex;Shiraz;200000.0;69
fail;1/9/2025 0:00;Vsa;Tehran;1050805.0;90
fail;5/9/2025 19:19;Master-Card;Ahvaz;1578078.0;8
fail;22/9/2025 7:08;Discover;Tehran;1387769.0;15
Success;6/9/2025 12:12;Vsa;Shiraz;914282.0;83
fail;29/9/2025 13:10;Discover;Mashhad;1463119.0;59
fail;21/9/2025 6:30;Amex;Ahvaz;1427657.0;11
fail;3/9/2025 14:11;Visa;karaj;300000.0;20
success;15/9/2025 20:33;Visa;Tabriz;205000.0;55
success;5/9/2025 19:40;Visa;Karaj;120000.0;36
failed;28/9/2025 14:30;Discover;Tehran;452545.0;82
fail;24/9/2025 2:30;Visa;Tehran;1782689.0;14
success;14/9/2025 3:27;Amex;tehr@n;-999999.0;58
fail;18/9/2025 12:34;Discover;Tehran;177050.0;38
succeed;16/9/2025 2:24;MastCard;Tabriz;914282.0;90
fail;6/9/2025 22:27;Visa;Tehran;452545.0;80
fail;25/9/2025 14:30;Visa;Mashhad;300000.0;82
success;24/9/2025 7:07;MasterCard;TEHRAN;-999999.0;1
fail;14/9/2025 1:51;Discover;Tabriz;900000.0;65
fail;27/9/2025 19:51;Visa;Qom;0.0;1
success;24/9/2025 2:37;visa;Isfahan;177050.0;85
success;8/9/2025 11:11;Discover;Isfahan;1387769.0;60
success;29/9/2025 12:34;MastCard;Qom;5000.0;25
success;7/9/2025 20:20;Visa;Qom;1768588.0;92
success;8/9/2025 14:11;Master-Card;Isfahan;0.0;10
success;13/9/2025 21:23;Discover;THR;914282.0;50
success;6/9/2025 23:59;Master-Card;Tehran;177050.0;12
success;18/9/2025 7:08;Discover;Tehran;1463119.0;93
fail;2/9/2025 14:00;Visa;nan;-5000.0;32
fail;8/9/2025 18:45;MasterCard;Ahvaz;177050.0;33
success;11/9/2025 8:08;MasterCard;Ahvaz;1.0;72
success;1/9/2025 23:17;Visa;Qom;-5000.0;26
success;22/9/2025 14:55;Discover;Isfahan;200000.0;42
fail;29/9/2025 15:45;Vsa;Shiraz;1387769.0;50
fail;6/9/2025 10:48;Visa;Tehran;100.5;61
fail;16/9/2025 7:08;MasterCard;Ahvaz;1883871.0;41
fail;27/9/2025 3:27;MasterCard;Qom;-5000.0;57
success;20/9/2025 7:32;MastCard;tehr@n;343679.0;2
success;12/9/2025 14:30;Visa;Shiraz;1305967.0;100
success;11/9/2025 7:08;Amex;Tehran;63489.0;99
success;29/9/2025 19:40;Visa;Mashhad;1387769.0;70
failed;27/9/2025 7:32;Discover;Tehran;914465.0;31
succeed;29/9/2025 16:16;MasterCard;Karaj;12345.0;23
success;10/9/2025 11:11;nan;Mashhad;-5000.0;76
failed;3/9/2025 13:13;Visa;Isfahan;412308.0;54
success;13/9/2025 18:45;Visa;Tehran ;1427657.0;28
Success;27/9/2025 8:59;MastCard;tehr@n;1578078.0;79
failed;3/9/2025 21:23;Discover;tehr@n;976246.0;19
succeed;15/9/2025 17:17;Amex;Tabriz;205000.0;76
success;16/9/2025 2:37;visa;Karaj;1472823.0;48
success;29/9/2025 17:17;visa;tehr@n;900000.0;2
success;13/9/2025 22:27;Discover;Qom;177050.0;11
fail;17/9/2025 17:07;MasterCard;Tabriz;-999999.0;44
fail;3/9/2025 13:13;Master-Card;karaj;123456.0;59
failed;20/9/2025 6:30;Visa;THR;9999999999.0;59
fail;11/9/2025 3:27;MasterCard;Karaj;914282.0;38
success;27/9/2025 17:07;Discover;Tabriz;850000.0;25
fail;21/9/2025 13:10;Discover;Tehran;471227.0;21
fail;19/9/2025 12:44;visa;Shiraz;-999999.0;42
failed;22/9/2025 23:17;MastCard;Mashhad;177050.0;36
failed;11/9/2025 12:44;Discover;Shiraz;1427657.0;9
success;30/9/2025 2:20;Vsa;Tehran;900000.0;12
fail;28/9/2025 22:27;MasterCard;Tehran;583952.0;10
success;16/9/2025 10:48;Master-Card;Isfahan;419089.0;59
success;21/9/2025 1:01;Discover;Tabriz;99999.0;5
fail;3/9/2025 4:40;Visa;Shiraz;-5000.0;33
fail;22/9/2025 21:10;Discover;Isfahan;412308.0;69
success;6/9/2025 11:11;MasterCard;Karaj;0.0;80
fail;14/9/2025 14:11;Discover;Ahvaz;200000.0;63
success;24/9/2025 2:30;Visa;Tehran;200000.0;29
fail;18/9/2025 2:37;visa;TEHRAN;120000.0;18
success;17/9/2025 19:19;Master-Card;Ahvaz;200000.0;94
fail;4/9/2025 19:51;Amex;Shiraz;9999999999.0;6
succeed;23/9/2025 16:40;Master-Card;TEHRAN;1427657.0;53
success;15/9/2025 20:20;nan;Tabriz;976246.0;82
fail;11/9/2025 1:51;MastCard;Isfahan;471227.0;32
success;26/9/2025 3:27;MasterCard;Tehran;205000.0;42
failed;3/9/2025 5:23;Master-Card;Mashhad;0.0;47
success;3/9/2025 21:23;Amex;Mashhad;177050.0;31
success;16/9/2025 14:30;Visa;Shiraz;1472823.0;62
fail;5/9/2025 11:11;Discover;Tehran;443463.0;56
success;21/9/2025 3:27;MasterCard;Tehran;1000.0;11
success;29/9/2025 7:08;nan;Isfahan;583952.0;26
success;10/9/2025 14:30;Amex;Tehran;-5000.0;93
failed;19/9/2025 0:00;Master-Card;Ahvaz;343679.0;27
fail;25/9/2025 5:23;MastCard;Shiraz;0.0;83
fail;4/9/2025 19:51;Discover;Tabriz;250000.0;57
failed;29/9/2025 20:20;MastCard;Tehran;1768588.0;27
success;29/9/2025 18:45;Visa;Tehran;850000.0;59
fail;19/9/2025 19:40;MasterCard;Karaj;452545.0;62
fail;11/9/2025 13:10;Vsa;nan;0.0;20
failed;2/9/2025 6:30;Amex;Tabriz;300000.0;3
fail;10/9/2025 8:59;Vsa;Ahvaz;9999999999.0;16
fail;29/9/2025 7:07;Discover;THR;0.0;44
fail;11/9/2025 21:23;MastCard;Tehran;650000.0;94
Success;25/9/2025 2:20;Visa;TEHRAN;343679.0;79
failed;20/9/2025 21:23;MasterCard;Mashhad;1387769.0;30
success;16/9/2025 9:45;MasterCard;Tehran ;976246.0;40
success;19/9/2025 4:04;Amex;Qom;419089.0;65
fail;23/9/2025 8:08;Visa;Tabriz;100.5;29
fail;24/9/2025 14:11;Discover;Tehran ;99999.0;30
failed;11/9/2025 19:19;MastCard;Tabriz;1387769.0;32
fail;14/9/2025 18:45;Amex;THR;250000.0;10
success;2/9/2025 19:29;Amex;Tehran;976246.0;92
success;23/9/2025 19:51;MasterCard;Shiraz;177050.0;51
fail;28/9/2025 7:07;Master Card;Isfahan;177050.0;8
success;5/9/2025 3:27;nan;Tehran ;100000.0;51
success;27/9/2025 17:17;Discover;Tehran;1.0;36
success;5/9/2025 15:45;Discover;Isfahan;0.0;55
fail;19/9/2025 3:27;Amex;Shiraz;343679.0;35
fail;21/9/2025 17:07;Visa;Tehran ;0.0;36
success;12/9/2025 11:11;Discover;Tabriz;914282.0;56
succeed;18/9/2025 2:54;Visa;Isfahan;1578078.0;36
fail;4/9/2025 11:11;Visa;Mashhad;419089.0;90
succeed;22/9/2025 21:23;Amex;Tabriz;443463.0;84
success;17/9/2025 2:37;Discover;karaj;1502601.0;61
failed;10/9/2025 19:51;Visa;Tehran;585954.0;62
fail;20/9/2025 20:20;Master-Card;Karaj;-1.0;81
fail;6/9/2025 14:11;Master-Card;Mashhad;1050805.0;88
fail;25/9/2025 14:55;Master-Card;Tabriz;100.5;25
fail;14/9/2025 19:51;Discover;Mashhad;419089.0;64
succeed;11/9/2025 2:37;Visa;karaj;1578078.0;60
fail;11/9/2025 23:17;Visa;Mashhad;976246.0;57
success;29/9/2025 11:11;Discover;Tehran;-5000.0;96
fail;18/9/2025 10:48;Visa;Tehran;976246.0;70
success;27/9/2025 14:55;Master-Card;Ahvaz;1050805.0;100
fail;23/9/2025 2:30;visa;Tabriz;-999999.0;52
fail;22/9/2025 10:48;Vsa;tehr@n;120000.0;56
fail;18/9/2025 18:12;MastCard;Shiraz;0.0;63
success;24/9/2025 19:51;Amex;Isfahan;120000.0;68
fail;23/9/2025 2:37;Vsa;Qom;914465.0;20
fail;11/9/2025 12:12;Master Card;Mashhad;976246.0;54
fail;21/9/2025 14:11;Amex;TEHRAN;471227.0;1
FAIL;12/9/2025 19:51;Visa;Mashhad;200000.0;91
success;5/9/2025 7:32;Visa;Tehran;914282.0;99
success;23/9/2025 3:00;Amex;Qom;1578078.0;10
success;9/9/2025 2:20;Discover;Shiraz;1502601.0;23
fail;27/9/2025 0:00;nan;Ahvaz;100000.0;51
success;25/9/2025 21:21;Amex;tehr@n;177050.0;24
fail;9/9/2025 23:59;MastCard;Isfahan;-999999.0;13
fail;22/9/2025 23:59;Visa;Isfahan;0.0;29
success;10/9/2025 23:17;MasterCard;Mashhad;200000.0;58
success;22/9/2025 22:27;MasterCard;TEHRAN;300000.0;92
fail;19/9/2025 20:20;MastCard;ThRan;-1.0;96
fail;1/9/2025 21:10;Discover;Tehran ;0.0;43
failed;7/9/2025 14:30;VISA;Tabriz;419089.0;10
success;4/9/2025 6:06;MastCard;Mashhad;-5000.0;31
fail;1/9/2025 6:30;Amex;Tabriz;200000.0;74
fail;15/9/2025 23:59;nan;Isfahan;200000.0;89
failed;8/9/2025 21:21;visa;Tehran;120000.0;98
success;12/9/2025 14:00;Visa;Tehran;12345.0;14
succeed;22/9/2025 21:21;Vsa;Isfahan;545116.0;100
fail;22/9/2025 8:08;Visa;Isfahan;9999999999.0;34
success;18/9/2025 12:44;MasterCard;Tabriz;120000.0;17
fail;15/9/2025 0:00;Visa;Tabriz;0.0;21
success;17/9/2025 2:30;Amex;Ahvaz;-1.0;97
fail;29/9/2025 12:44;MasterCard;Tabriz;0.0;67
fail;14/9/2025 13:10;Amex;Karaj;1158713.0;58
fail;14/9/2025 1:51;MastCard;Isfahan;1782689.0;79
success;18/9/2025 23:59;Amex;Ahvaz;-5000.0;8
success;20/9/2025 2:30;Discover;Tehran;0.0;97
success;18/9/2025 15:45;Vsa;Tehran;545116.0;38
failed;16/9/2025 7:08;Amex;Karaj;1387769.0;26
success;1/9/2025 4:40;MasterCard;TEHRAN;1000.0;64
success;23/9/2025 8:59;visa;Tehran;419089.0;30
succeed;27/9/2025 4:04;Discover;Tehran;1472823.0;9
success;11/9/2025 8:08;MasterCard;tehr@n;0.0;32
fail;15/9/2025 21:23;MastCard;Tehran;0.0;11
succeed;12/9/2025 0:00;Visa;Tabriz;-5000.0;87
fail;8/9/2025 12:34;Discover;tehr@n;1578078.0;34
success;22/9/2025 22:27;Vsa;Ahvaz;-5000.0;18
fail;20/9/2025 2:54;Discover;Isfahan;343679.0;19
success;30/9/2025 17:17;MasterCard;tehr@n;914282.0;54
success;6/9/2025 6:30;Amex;Qom;120000.0;82
fail;3/9/2025 10:05;MastCard;Tehran;9999999999.0;37
success;28/9/2025 14:11;MastCard;Karaj;0.0;82
success;24/9/2025 7:32;Master-Card;Qom;9999999999.0;12
fail;26/9/2025 21:23;Discover;Qom;200000.0;4
fail;30/9/2025 23:59;MastCard;nan;1463119.0;43
fail;13/9/2025 2:24;MastCard;Tehran;1502601.0;27
failed;13/9/2025 0:00;Discover;Shiraz;419089.0;51
success;2/9/2025 21:23;VISA;Mashhad;1578078.0;5
failed;5/9/2025 23:59;Master-Card;Tabriz;850000.0;6
fail;17/9/2025 8:08;Discover;Karaj;-999999.0;77
fail;6/9/2025 23:17;MastCard;Shiraz;976246.0;88
fail;2/9/2025 11:11;MastCard;THR;12345.0;56
fail;4/9/2025 18:00;MasterCard;THR;1463119.0;90
success;22/9/2025 14:00;Master-Card;Qom;177050.0;68
FAIL;26/9/2025 12:12;MastCard;Tabriz;583952.0;97
fail;11/9/2025 2:30;Amex;Mashhad;1578078.0;44
Success;8/9/2025 21:23;Visa;Isfahan;1782689.0;15
fail;12/9/2025 21:10;MasterCard;Tabriz;0.0;91
Success;8/9/2025 19:51;MasterCard;Qom;0.0;42
fail;11/9/2025 23:59;MastCard;Shiraz;250000.0;11
Success;22/9/2025 7:08;Amex;Qom;0.0;73
fail;20/9/2025 3:27;Visa;tehr@n;177050.0;11
Success;8/9/2025 3:00;Discover;Tabriz;1.0;66
fail;29/9/2025 12:12;MasterCard;Isfahan;1578078.0;27
fail;8/9/2025 21:23;MastCard;Shiraz;0.0;58
success;26/9/2025 2:30;MastCard;Qom;63489.0;91
fail;30/9/2025 21:23;MasterCard;Tehran;1578078.0;72
success;17/9/2025 10:48;Visa;Tabriz;205000.0;21
FAIL;20/9/2025 12:12;Discover;Tabriz;99999.0;21
success;20/9/2025 8:08;Discover;karaj;471227.0;72
success;23/9/2025 4:04;Vsa;THR;-999999.0;1
fail;16/9/2025 14:02;Visa;Tabriz;300000.0;58
success;14/9/2025 3:00;MasterCard;Tehran;914465.0;13
success;30/9/2025 14:11;MastCard;Tabriz;545116.0;73
failed;11/9/2025 11:11;VISA;Tehran;443463.0;93
fail;7/9/2025 9:09;visa;Tabriz;976246.0;6
success;16/9/2025 1:01;Master Card;Tabriz;9999999999.0;88
fail;13/9/2025 12:34;MastCard;Mashhad;100.5;58
fail;27/9/2025 7:07;MastCard;Tabriz;-999999.0;17
fail;15/9/2025 2:30;MastCard;Qom;443463.0;73
fail;24/9/2025 5:56;Master-Card;Isfahan;1502601.0;12
fail;16/9/2025 11:11;Master Card;karaj;-5000.0;87
fail;27/9/2025 18:45;MasterCard;tehr@n;-5000.0;52
failed;21/9/2025 19:51;MasterCard;Isfahan;555555.0;76
fail;23/9/2025 17:17;MasterCard;Tehran;585954.0;70
failed;24/9/2025 7:32;Amex;Tabriz;850000.0;73
fail;9/9/2025 14:11;Vsa;Tehran;1578078.0;52
fail;3/9/2025 19:29;Master-Card;Isfahan;1502601.0;37
success;19/9/2025 0:00;MasterCard;Shiraz;-5000.0;3
success;20/9/2025 19:51;Discover;Mashhad;-5000.0;99
success;5/9/2025 19:51;visa;Tabriz;0.0;8
success;10/9/2025 3:27;Visa;Ahvaz;-1.0;10
fail;17/9/2025 7:32;Visa;Tehran;100.5;47
success;15/9/2025 4:04;MastCard;Tabriz;914282.0;41
success;23/9/2025 12:44;Visa;Shiraz;443463.0;64
fail;25/9/2025 2:24;MasterCard;Tehran;1578078.0;42
failed;8/9/2025 4:15;Discover;Karaj;300000.0;43
success;15/9/2025 7:07;Visa;Tehran ;850000.0;9
fail;21/9/2025 2:54;Amex;karaj;-999999.0;14
failed;30/9/2025 19:29;Discover;Tehran;1.0;92
Success;14/9/2025 4:15;MasterCard;Mashhad;1502601.0;97
success;20/9/2025 17:07;Visa;Isfahan;0.0;4
fail;28/9/2025 23:59;Vsa;nan;200000.0;2
Success;7/9/2025 15:45;Discover;Tehran ;-5000.0;98
fail;21/9/2025 7:08;Discover;Tehran;1463119.0;85
fail;23/9/2025 6:06;Discover;TEHRAN;0.0;1
fail;12/9/2025 19:40;MasterCard;Tehran;-5000.0;75
success;17/9/2025 17:17;MasterCard;Tabriz;177050.0;65
Success;17/9/2025 10:05;MasterCard;Isfahan;1158713.0;46
success;10/9/2025 14:02;VISA;Tabriz;650000.0;59
Success;30/9/2025 19:40;Master-Card;THR;343679.0;75
fail;29/9/2025 16:40;Amex;Tabriz;99999.0;7
fail;19/9/2025 9:00;Visa;karaj;100.5;66
success;14/9/2025 7:07;Amex;nan;1578078.0;15
FAIL;11/9/2025 14:55;Visa;karaj;123456.0;72
success;2/9/2025 13:10;MastCard;Isfahan;-5000.0;47
fail;18/9/2025 18:12;Discover;Karaj;1000.0;91
fail;7/9/2025 11:11;Vsa;Mashhad;1472823.0;40
fail;12/9/2025 7:07;Master Card;Ahvaz;0.0;42
fail;26/9/2025 2:24;MasterCard;Tehran;1768588.0;51
fail;2/9/2025 9:00;MasterCard;Shiraz;1427657.0;35
failed;27/9/2025 17:17;Amex;Ahvaz;1578078.0;41
success;20/9/2025 9:09;Visa;Ahvaz;583952.0;85
success;18/9/2025 19:29;nan;Tehran ;-5000.0;57
fail;6/9/2025 22:27;MasterCard;Tehran;900000.0;38
fail;24/9/2025 16:40;Visa;Isfahan;443463.0;72
success;10/9/2025 14:30;MastCard;Mashhad;300000.0;97
failed;20/9/2025 6:06;Visa;Tabriz;9999999999.0;8
success;15/9/2025 19:51;Visa;Tabriz;-999999.0;74
failed;5/9/2025 0:00;Amex;Tehran;0.0;63
failed;20/9/2025 19:51;MastCard;karaj;1463119.0;88
fail;3/9/2025 9:00;Amex;TEHRAN;471227.0;4
fail;5/9/2025 2:30;Amex;Tehran;774681.0;48
success;30/9/2025 10:48;Visa;Tehran;343679.0;52
success;25/9/2025 2:20;MasterCard;Tabriz;12345.0;38
fail;8/9/2025 5:23;Discover;Mashhad;100.5;95
success;8/9/2025 9:09;VISA;Ahvaz;0.0;88
success;8/9/2025 17:07;Visa;Tehran;200000.0;5
Success;12/9/2025 7:08;Discover;Shiraz;300000.0;85
fail;24/9/2025 18:45;Master Card;Tehran;452545.0;70
fail;23/9/2025 6:06;visa;Tehran ;333333.0;81
success;8/9/2025 19:40;Vsa;TEHRAN;1578078.0;90
success;11/9/2025 23:59;Visa;tehr@n;419089.0;24
success;14/9/2025 10:05;Amex;Tehran;0.0;87
Success;8/9/2025 10:48;MasterCard;Mashhad;1.0;77
failed;29/9/2025 12:12;Vsa;Tehran;9999999999.0;17
success;30/9/2025 7:07;Visa;Qom;-5000.0;78
fail;24/9/2025 22:27;Visa;Tabriz;583952.0;99
success;28/9/2025 9:00;MasterCard;Ahvaz;1768588.0;91
success;10/9/2025 12:12;Visa;Shiraz;914465.0;83
failed;7/9/2025 19:40;MastCard;Qom;1502601.0;26
FAIL;28/9/2025 6:30;Vsa;karaj;450000.0;3
success;17/9/2025 7:32;MastCard;Mashhad;-999999.0;2
success;4/9/2025 16:40;MasterCard;Tabriz;177050.0;93
fail;29/9/2025 22:27;Master-Card;Shiraz;9999999999.0;2
fail;13/9/2025 20:20;Visa;tehr@n;1050805.0;22
fail;4/9/2025 2:30;Discover;Qom;1427657.0;71
fail;5/9/2025 14:55;MasterCard;Shiraz;123456.0;4
fail;26/9/2025 3:27;Visa;tehr@n;471227.0;38
fail;22/9/2025 4:40;Visa;Mashhad;471227.0;84
success;4/9/2025 9:09;MasterCard;nan;9999999999.0;70
success;18/9/2025 14:00;Master Card;Tehran;1502601.0;73
success;6/9/2025 21:10;Master-Card;Qom;333333.0;52
success;24/9/2025 19:40;MasterCard;Tabriz;100000.0;31
fail;24/9/2025 7:32;Visa;Mashhad;-5000.0;26
Success;23/9/2025 13:13;Visa;Tehran;1000.0;36
fail;22/9/2025 4:04;Discover;Tabriz;12345.0;26
Success;2/9/2025 9:09;Visa;Tabriz;914465.0;28
fail;23/9/2025 14:30;Visa;Tabriz;976246.0;5
success;11/9/2025 18:45;MastCard;Tehran;123456.0;74
fail;28/9/2025 1:01;Amex;karaj;450000.0;18
fail;14/9/2025 7:32;Discover;Tabriz;-999999.0;15
success;30/9/2025 7:08;Vsa;Isfahan;-999999.0;57
success;5/9/2025 19:51;Vsa;Tehran;200000.0;98
fail;6/9/2025 9:09;MasterCard;Tehran;850000.0;5
success;10/9/2025 18:00;Visa;TEHRAN;177050.0;37
fail;8/9/2025 15:45;nan;karaj;471227.0;87
fail;14/9/2025 16:16;MastCard;karaj;1000.0;87
failed;24/9/2025 12:12;Discover;Isfahan;0.0;22
failed;3/9/2025 21:23;Amex;Tehran;9999999999.0;52
success;12/9/2025 2:37;MasterCard;Tehran;63489.0;15
fail;16/9/2025 21:10;Amex;Qom;12345.0;17
fail;28/9/2025 10:48;MasterCard;karaj;914282.0;51
Success;30/9/2025 4:40;MasterCard;TEHRAN;-5000.0;45
fail;23/9/2025 22:27;MastCard;Tabriz;1000.0;63
failed;17/9/2025 6:30;Amex;Tabriz;0.0;28
fail;1/9/2025 9:00;Visa;Tehran;200000.0;59
succeed;23/9/2025 21:21;Visa;Ahvaz;177050.0;87
fail;10/9/2025 12:12;Discover;Tabriz;-5000.0;21
fail;25/9/2025 2:37;MasterCard;Mashhad;-5000.0;42
success;23/9/2025 15:45;Discover;TEHRAN;-5000.0;81
FAIL;10/9/2025 11:11;Amex;Ahvaz;583952.0;69
FAIL;21/9/2025 19:51;Visa;Tehran;-5000.0;82
success;24/9/2025 17:17;MastCard;Tehran;9999999999.0;17
success;2/9/2025 11:11;Vsa;Ahvaz;100.5;68
success;9/9/2025 14:11;Visa;Qom;583952.0;7
success;22/9/2025 1:51;Amex;Karaj;1768588.0;90
failed;13/9/2025 14:02;VISA;Tehran;850000.0;40
success;25/9/2025 10:48;Visa;THR;1883871.0;40
success;16/9/2025 20:20;nan;Ahvaz;120000.0;43
success;18/9/2025 9:09;Amex;TEHRAN;914465.0;73
success;19/9/2025 3:00;Amex;Isfahan;343679.0;83
failed;12/9/2025 12:12;Visa;Tabriz;1387769.0;51
fail;8/9/2025 0:00;MastCard;Tehran;1305967.0;73
fail;17/9/2025 12:12;MasterCard;tehr@n;585954.0;23
success;15/9/2025 5:23;MastCard;Tehran;9999999999.0;96
fail;10/9/2025 9:00;Vsa;Tehran;-5000.0;32
success;15/9/2025 19:51;MasterCard;Tehran;-999999.0;31
failed;15/9/2025 0:00;Discover;Ahvaz;343679.0;17
success;23/9/2025 14:55;Visa;TEHRAN;333333.0;58
failed;7/9/2025 20:33;Visa;karaj;250000.0;87
fail;13/9/2025 17:07;Master-Card;Qom;0.0;35
failed;17/9/2025 3:27;Visa;nan;1050805.0;30
success;9/9/2025 2:37;Discover;Tehran;471227.0;64
fail;8/9/2025 13:13;Discover;THR;5000.0;53
success;20/9/2025 6:30;Master-Card;Isfahan;555555.0;51
Success;26/9/2025 2:37;MasterCard;Mashhad;200000.0;37
fail;27/9/2025 16:40;visa;Tehran;100.5;91
success;21/9/2025 8:08;MastCard;Tehran;976246.0;6
Success;18/9/2025 11:11;Master-Card;Tabriz;0.0;34
fail;13/9/2025 7:07;Visa;Tehran;12345.0;56
success;16/9/2025 12:34;Discover;Mashhad;583952.0;97
success;9/9/2025 11:11;Visa;Tehran;900000.0;25
fail;12/9/2025 4:04;MasterCard;Tehran;-999999.0;13
success;12/9/2025 10:05;MastCard;THR;0.0;63
fail;6/9/2025 12:44;Visa;TEHRAN;300000.0;66
success;19/9/2025 9:45;Visa;Tehran ;-999999.0;5
fail;28/9/2025 2:54;Amex;Karaj;1463119.0;75
fail;7/9/2025 6:30;Visa;Ahvaz;99999.0;11
success;25/9/2025 4:15;MasterCard;karaj;333333.0;89
fail;3/9/2025 3:27;Visa;Shiraz;585954.0;78
fail;16/9/2025 17:07;MastCard;Tabriz;-5000.0;95
failed;18/9/2025 7:08;MasterCard;Tehran;-5000.0;44
Success;16/9/2025 17:17;Amex;Tabriz;583952.0;100
failed;23/9/2025 6:30;Discover;karaj;177050.0;85
success;7/9/2025 17:07;Discover;Karaj;976246.0;69
failed;4/9/2025 3:00;Vsa;Mashhad;585954.0;2
Success;27/9/2025 4:40;MastCard;Tehran;120000.0;40
success;25/9/2025 8:08;Amex;Tabriz;585954.0;37
fail;30/9/2025 10:05;Amex;Karaj;976246.0;49
fail;8/9/2025 9:45;Visa;Mashhad;583952.0;99
success;13/9/2025 14:02;Master-Card;Isfahan;205000.0;75
Success;13/9/2025 12:12;Vsa;Tabriz;177050.0;36
success;17/9/2025 6:30;Amex;Shiraz;100000.0;75
success;17/9/2025 12:44;nan;Tehran ;583952.0;73
fail;5/9/2025 12:34;Visa;TEHRAN;-5000.0;70
fail;6/9/2025 10:05;MastCard;Tehran;452545.0;34
success;19/9/2025 6:30;VISA;Mashhad;450000.0;58
Success;13/9/2025 14:11;Discover;Tabriz;1463119.0;37
fail;25/9/2025 23:59;Visa;Mashhad;1387769.0;97
failed;28/9/2025 19:19;MastCard;Shiraz;850000.0;60
fail;26/9/2025 7:32;Visa;Tehran;9999999999.0;12
success;14/9/2025 18:12;Master-Card;Ahvaz;914282.0;32
success;22/9/2025 20:20;Visa;Mashhad;0.0;81
failed;4/9/2025 8:08;Amex;nan;9999999999.0;4
fail;28/9/2025 19:19;Discover;Tehran;850000.0;33
fail;7/9/2025 14:02;Visa;Tehran;976246.0;43
fail;8/9/2025 2:37;Master-Card;Karaj;-5000.0;9
Success;25/9/2025 4:04;MastCard;Karaj;774681.0;99
fail;13/9/2025 3:27;Discover;Qom;200000.0;51
fail;27/9/2025 5:56;Discover;Tehran ;1158713.0;95
success;6/9/2025 16:40;MastCard;Isfahan;443463.0;20
success;6/9/2025 7:07;Vsa;Isfahan;-5000.0;39
failed;24/9/2025 19:51;MastCard;TEHRAN;471227.0;23
Success;28/9/2025 2:37;Amex;Qom;0.0;41
success;21/9/2025 3:00;Visa;Isfahan;1463119.0;44
Success;30/9/2025 18:12;Master-Card;Karaj;100.5;35
success;3/9/2025 6:30;MastCard;Shiraz;555555.0;23
fail;28/9/2025 12:34;MasterCard;Tabriz;333333.0;58
Success;3/9/2025 4:15;MasterCard;Tabriz;585954.0;48
success;13/9/2025 19:29;Amex;Isfahan;99999.0;88
success;22/9/2025 3:00;Vsa;Tehran;0.0;58
success;2/9/2025 3:27;MastCard;tehr@n;471227.0;57
fail;16/9/2025 9:45;Master-Card;Tehran;471227.0;88
fail;22/9/2025 14:11;MasterCard;Tehran;1000.0;39
success;29/9/2025 21:23;Amex;Shiraz;774681.0;28
failed;6/9/2025 8:08;Master-Card;Karaj;914282.0;64
success;8/9/2025 4:40;Visa;Karaj;-5000.0;62
fail;23/9/2025 8:59;MasterCard;Isfahan;9999999999.0;83
Success;8/9/2025 21:10;Amex;THR;0.0;62
fail;30/9/2025 19:40;nan;Qom;585954.0;95
fail;25/9/2025 10:48;Visa;Isfahan;1782689.0;85
fail;6/9/2025 7:32;Visa;karaj;200000.0;89
fail;14/9/2025 14:55;Discover;Tabriz;-999999.0;85
success;3/9/2025 4:40;Discover;THR;-5000.0;26
success;10/9/2025 3:27;Discover;Qom;1050805.0;51
failed;3/9/2025 19:51;Amex;TEHRAN;0.0;50
succeed;27/9/2025 16:16;Master-Card;Tehran;0.0;36
failed;12/9/2025 14:00;Amex;tehr@n;1427657.0;26
success;17/9/2025 22:27;Discover;Karaj;900000.0;33
success;27/9/2025 0:00;Master-Card;Shiraz;12345.0;68
failed;29/9/2025 2:37;Amex;Isfahan;-5000.0;73
success;5/9/2025 14:11;Visa;tehr@n;1387769.0;8
success;30/9/2025 14:30;Discover;Isfahan;63489.0;66
success;20/9/2025 20:33;Vsa;Mashhad;50200.0;94
fail;25/9/2025 10:48;MastCard;Ahvaz;0.0;23
success;9/9/2025 19:51;Amex;Tabriz;100.5;70
success;30/9/2025 17:07;Visa;Tabriz;1387769.0;55
success;21/9/2025 10:48;Vsa;Ahvaz;452545.0;43
fail;26/9/2025 1:51;Discover;Tehran;412308.0;21
success;20/9/2025 2:30;Vsa;karaj;443463.0;22
Success;7/9/2025 7:08;Amex;Shiraz;1387769.0;9
FAIL;22/9/2025 23:17;Discover;Qom;-5000.0;34
fail;4/9/2025 7:08;Visa;Tabriz;1578078.0;59
fail;13/9/2025 7:07;Visa;Ahvaz;-999999.0;26
success;13/9/2025 4:15;Discover;Ahvaz;585954.0;1
success;10/9/2025 4:04;Visa;Mashhad;123456.0;5
fail;18/9/2025 7:32;Amex;Isfahan;0.0;41
fail;17/9/2025 2:20;Amex;Tabriz;0.0;63
failed;20/9/2025 6:06;Amex;Ahvaz;900000.0;22
failed;20/9/2025 14:11;Amex;Shiraz;-5000.0;68
success;13/9/2025 21:21;Vsa;Tabriz;650000.0;48
success;17/9/2025 3:00;nan;Ahvaz;450000.0;66
success;22/9/2025 1:51;Visa;THR;1000.0;16
fail;4/9/2025 19:51;Amex;Tehran;583952.0;80
success;1/9/2025 20:20;Visa;Ahvaz;1387769.0;53
fail;1/9/2025 7:07;Visa;THR;976246.0;87
success;15/9/2025 14:00;Amex;nan;1305967.0;65
fail;13/9/2025 13:10;MasterCard;Tabriz;0.0;79
success;17/9/2025 11:11;MastCard;Isfahan;0.0;64
success;24/9/2025 11:11;MasterCard;Tehran ;471227.0;89
fail;26/9/2025 15:45;Visa;Tehran;9999999999.0;68
fail;8/9/2025 17:17;Master-Card;Mashhad;1578078.0;63
fail;18/9/2025 14:30;Visa;Mashhad;1.0;62
success;27/9/2025 23:59;Visa;Shiraz;1768588.0;82
fail;13/9/2025 14:30;Discover;Tabriz;471227.0;81
fail;23/9/2025 7:32;visa;TEHRAN;-5000.0;71
success;14/9/2025 21:21;MasterCard;Tabriz;1578078.0;45
success;8/9/2025 14:11;MasterCard;Shiraz;0.0;52
fail;8/9/2025 19:19;Vsa;Mashhad;100000.0;74
success;27/9/2025 18:45;Amex;Tabriz;0.0;65
Success;26/9/2025 6:30;Vsa;Tehran;100.5;2
Success;15/9/2025 7:07;MasterCard;tehr@n;63489.0;49
fail;27/9/2025 10:48;VISA;Qom;333333.0;22
failed;13/9/2025 14:55;Vsa;Qom;250000.0;97
success;7/9/2025 14:11;MasterCard;Ahvaz;177050.0;29
FAIL;5/9/2025 23:59;Discover;Tehran;9999999999.0;35
success;17/9/2025 12:12;nan;Karaj;-5000.0;81
success;28/9/2025 10:48;MastCard;Tehran;0.0;76
success;25/9/2025 14:02;Amex;Karaj;100.5;24
success;29/9/2025 19:40;MastCard;Tehran;0.0;95
failed;16/9/2025 19:19;Amex;karaj;1387769.0;30
fail;23/9/2025 11:11;Visa;Karaj;177050.0;84
fail;2/9/2025 23:59;Discover;Isfahan;443463.0;42
success;22/9/2025 11:11;Amex;Isfahan;200000.0;71
Success;18/9/2025 2:37;Visa;Tehran;0.0;50
success;17/9/2025 2:37;MasterCard;TEHRAN;900000.0;71
success;30/9/2025 9:09;MastCard;Tehran;1427657.0;60
success;7/9/2025 8:08;Visa;Mashhad;0.0;30
fail;13/9/2025 6:06;Visa;Tabriz;0.0;12
fail;18/9/2025 5:56;Vsa;nan;100000.0;49
success;29/9/2025 13:13;Amex;Qom;585954.0;96
FAIL;14/9/2025 22:27;Visa;Tehran;1578078.0;82
fail;30/9/2025 14:11;Vsa;Shiraz;120000.0;46
success;18/9/2025 20:20;Amex;nan;177050.0;43
fail;13/9/2025 12:12;Discover;Qom;471227.0;2
fail;11/9/2025 7:08;Discover;Mashhad;774681.0;98
fail;21/9/2025 19:40;Visa;Tabriz;0.0;75
success;30/9/2025 1:51;Vsa;Tehran;900000.0;99
fail;21/9/2025 7:08;MasterCard;Tabriz;914465.0;80
fail;16/9/2025 14:11;Amex;Qom;177050.0;54
success;23/9/2025 18:45;Master-Card;Ahvaz;419089.0;35
FAIL;17/9/2025 10:05;Visa;THR;120000.0;52
fail;8/9/2025 12:34;Visa;Ahvaz;205000.0;33
success;19/9/2025 20:20;Visa;Tehran;976246.0;85
fail;20/9/2025 2:20;Visa;Ahvaz;250000.0;84
Success;15/9/2025 11:11;Amex;Qom;1578078.0;72
success;9/9/2025 18:45;Amex;Mashhad;1578078.0;51
failed;20/9/2025 1:51;Visa;Qom;419089.0;26
fail;10/9/2025 7:32;Visa;Tehran;200000.0;98
success;12/9/2025 2:37;Visa;Tehran;0.0;62
success;21/9/2025 7:32;Master Card;Mashhad;123456.0;61
fail;23/9/2025 11:11;MastCard;Tehran;443463.0;26
fail;20/9/2025 19:51;Amex;Qom;-5000.0;37
success;30/9/2025 17:07;Discover;Isfahan;5000.0;30
success;1/9/2025 10:48;MasterCard;TEHRAN;343679.0;96
fail;25/9/2025 6:06;Visa;tehr@n;450000.0;98
success;20/9/2025 0:00;visa;Tehran ;419089.0;11
fail;9/9/2025 13:13;MastCard;TEHRAN;471227.0;53
fail;22/9/2025 19:19;Amex;ThRan;419089.0;41
success;15/9/2025 0:00;Amex;Karaj;1768588.0;5
fail;1/9/2025 14:55;MasterCard;Tehran ;1768588.0;66
success;12/9/2025 7:32;Discover;Shiraz;850000.0;13
fail;3/9/2025 23:59;Visa;karaj;50200.0;63
success;11/9/2025 6:30;Amex;Tehran;1427657.0;82
success;2/9/2025 2:37;Visa;Karaj;99999.0;91
FAIL;16/9/2025 4:04;Visa;tehr@n;100.5;25
fail;9/9/2025 10:48;Amex;Qom;555555.0;44
success;15/9/2025 23:17;nan;Tehran;123456.0;14
fail;12/9/2025 3:27;nan;Mashhad;650000.0;69
success;1/9/2025 17:07;Visa;Karaj;-5000.0;59
success;13/9/2025 4:40;Visa;Ahvaz;177050.0;56
fail;14/9/2025 20:33;Amex;Mashhad;900000.0;52
success;25/9/2025 4:15;Vsa;Tabriz;1782689.0;66
fail;25/9/2025 14:11;Master Card;TEHRAN;583952.0;68
fail;8/9/2025 14:55;Master-Card;Ahvaz;1.0;12
fail;8/9/2025 9:00;MastCard;Tabriz;100.5;75
success;27/9/2025 14:00;Visa;karaj;177050.0;68
success;30/9/2025 17:07;Visa;Isfahan;1463119.0;43
fail;12/9/2025 3:00;Visa;Tabriz;583952.0;73
success;1/9/2025 9:00;Amex;THR;1578078.0;74
fail;11/9/2025 1:01;Visa;THR;850000.0;92
fail;8/9/2025 2:30;MastCard;Isfahan;0.0;6
success;10/9/2025 22:27;MastCard;Tehran;1000.0;15
success;30/9/2025 12:12;Visa;Tehran;0.0;42
fail;19/9/2025 18:45;Master-Card;TEHRAN;585954.0;31
fail;11/9/2025 7:08;MasterCard;TEHRAN;914282.0;87
failed;7/9/2025 10:05;Master-Card;Mashhad;0.0;53
fail;11/9/2025 3:27;Master-Card;Tabriz;200000.0;6
fail;17/9/2025 8:08;Visa;Tabriz;-5000.0;33
success;1/9/2025 12:44;Discover;TEHRAN;177050.0;29
success;26/9/2025 12:34;Visa;Tabriz;177050.0;21
success;29/9/2025 20:20;Vsa;Mashhad;585954.0;54
failed;21/9/2025 1:01;MasterCard;Karaj;50200.0;56
fail;21/9/2025 9:09;nan;Tabriz;545116.0;95
success;8/9/2025 19:40;Visa;Tabriz;-5000.0;21
fail;23/9/2025 8:08;MastCard;Isfahan;123456.0;55
success;24/9/2025 11:11;visa;Shiraz;100000.0;58
failed;6/9/2025 13:10;Amex;karaj;333333.0;64
success;22/9/2025 21:23;Visa;Qom;0.0;87
success;18/9/2025 7:08;Amex;Tehran;205000.0;46
failed;6/9/2025 7:08;Visa;Mashhad;900000.0;84
fail;5/9/2025 4:04;Visa;Tehran;850000.0;22
success;13/9/2025 21:21;Discover;Tehran;412308.0;60
Success;19/9/2025 17:17;Discover;Qom;-5000.0;11
success;22/9/2025 14:02;Vsa;tehr@n;1883871.0;47
fail;8/9/2025 2:54;Discover;karaj;419089.0;31
fail;9/9/2025 2:24;MastCard;Ahvaz;585954.0;77
fail;17/9/2025 7:08;Visa;Karaj;177050.0;18
fail;3/9/2025 11:11;Visa;TEHRAN;-999999.0;22
success;19/9/2025 21:10;Visa;Ahvaz;200000.0;56
fail;11/9/2025 12:44;Visa;Shiraz;0.0;17
fail;24/9/2025 7:07;Discover;Isfahan;900000.0;38
success;17/9/2025 9:45;Amex;Tehran;1463119.0;25
success;21/9/2025 19:29;visa;Mashhad;-5000.0;32
success;19/9/2025 17:17;Discover;TEHRAN;100.5;15
success;2/9/2025 10:05;Visa;Qom;-5000.0;13
fail;8/9/2025 14:55;Visa;Tehran;850000.0;58
fail;19/9/2025 11:11;Master-Card;Shiraz;419089.0;91
fail;7/9/2025 5:56;MastCard;Mashhad;5000.0;50
success;28/9/2025 9:45;Vsa;tehr@n;1463119.0;11
fail;27/9/2025 9:00;Visa;Tehran;177050.0;13
success;17/9/2025 19:51;Visa;Karaj;177050.0;98
fail;6/9/2025 19:29;Visa;Karaj;555555.0;50
Success;19/9/2025 0:00;Master-Card;ThRan;545116.0;38
success;24/9/2025 12:12;Visa;Qom;583952.0;1
success;6/9/2025 20:33;Amex;THR;471227.0;39
success;28/9/2025 12:12;MasterCard;Tehran;0.0;27
success;2/9/2025 18:00;MasterCard;Tehran;-5000.0;36
success;6/9/2025 9:45;Visa;Isfahan;205000.0;32
Success;23/9/2025 16:40;Amex;Shiraz;976246.0;41
success;5/9/2025 10:05;Visa;Mashhad;976246.0;15
failed;19/9/2025 14:02;visa;Tabriz;123456.0;31
fail;20/9/2025 19:51;Visa;Qom;343679.0;6
failed;4/9/2025 10:05;Visa;Qom;976246.0;90
fail;22/9/2025 23:59;Discover;Mashhad;850000.0;52
fail;26/9/2025 13:13;Vsa;Tehran;976246.0;82
success;17/9/2025 2:30;Discover;TEHRAN;1768588.0;22
fail;11/9/2025 5:56;MasterCard;Qom;1782689.0;31
fail;4/9/2025 20:33;Visa;Tabriz;585954.0;73
fail;26/9/2025 2:37;Visa;Karaj;50200.0;46
success;13/9/2025 16:16;Amex;Tabriz;0.0;67
failed;20/9/2025 14:55;Visa;Mashhad;443463.0;98
success;26/9/2025 2:30;MastCard;Isfahan;-999999.0;92
failed;17/9/2025 1:51;Vsa;THR;0.0;43
success;9/9/2025 12:44;Master-Card;nan;50200.0;1
fail;4/9/2025 13:13;Visa;Tehran;-5000.0;44
fail;23/9/2025 2:54;MasterCard;Tehran;-5000.0;57
success;28/9/2025 12:44;Master Card;Tabriz;200000.0;9
fail;14/9/2025 12:44;Vsa;Qom;250000.0;5
fail;19/9/2025 13:13;Visa;Tehran;100.5;79
success;26/9/2025 4:15;MasterCard;karaj;300000.0;9
success;28/9/2025 14:00;nan;Isfahan;63489.0;45
fail;3/9/2025 11:11;MasterCard;Shiraz;914282.0;93
failed;14/9/2025 8:08;Vsa;Mashhad;1.0;77
success;8/9/2025 15:45;MasterCard;TEHRAN;0.0;24
success;24/9/2025 5:56;Visa;Tehran;1578078.0;74
succeed;27/9/2025 23:59;Visa;Karaj;1.0;42
fail;28/9/2025 4:04;Visa;Shiraz;177050.0;22
success;1/9/2025 18:12;Visa;Shiraz;0.0;60
failed;10/9/2025 2:37;Master-Card;Isfahan;177050.0;87
success;18/9/2025 0:00;Amex;Tehran;914465.0;37
failed;16/9/2025 14:55;MastCard;Karaj;200000.0;39
success;8/9/2025 14:11;Amex;karaj;1768588.0;84
success;1/9/2025 19:40;Discover;Tehran;545116.0;74
fail;12/9/2025 12:12;Visa;Isfahan;0.0;74
succeed;8/9/2025 13:13;nan;Tehran;850000.0;91
failed;24/9/2025 19:19;MasterCard;Shiraz;650000.0;90
failed;16/9/2025 22:27;MasterCard;Ahvaz;0.0;53
success;18/9/2025 2:37;visa;Shiraz;555555.0;28
fail;4/9/2025 21:10;Discover;Tabriz;1782689.0;77
fail;6/9/2025 23:17;Master-Card;Tehran;99999.0;15
failed;12/9/2025 2:37;Master-Card;Ahvaz;9999999999.0;60
fail;27/9/2025 6:06;Discover;Tabriz;200000.0;60
fail;9/9/2025 1:01;Visa;Tehran;120000.0;6
success;15/9/2025 6:30;VISA;Qom;0.0;52
success;16/9/2025 19:29;MasterCard;Tabriz;100000.0;12
success;24/9/2025 2:30;Visa;karaj;100.5;19
success;12/9/2025 21:23;MasterCard;Tehran;100.5;97
success;24/9/2025 20:20;Amex;Isfahan;120000.0;75
failed;23/9/2025 18:45;Vsa;Tabriz;1768588.0;98
fail;14/9/2025 0:00;Master Card;Karaj;-5000.0;2
fail;13/9/2025 7:07;nan;Qom;1578078.0;55
success;25/9/2025 5:56;Master Card;Ahvaz;914465.0;15
FAIL;2/9/2025 19:29;Visa;Mashhad;200000.0;64
fail;3/9/2025 21:23;MastCard;Tehran;471227.0;69
fail;26/9/2025 19:51;Visa;Tabriz;100.5;15
success;24/9/2025 21:21;Visa;nan;63489.0;43
success;30/9/2025 7:08;Vsa;Isfahan;1883871.0;74
Success;22/9/2025 14:55;MasterCard;Shiraz;0.0;17
failed;10/9/2025 0:00;nan;TEHRAN;471227.0;99
success;9/9/2025 23:59;Visa;Tehran;-999999.0;24
success;26/9/2025 14:02;Vsa;Shiraz;-1.0;74
fail;20/9/2025 2:20;Visa;Tabriz;250000.0;30
success;8/9/2025 6:30;Visa;Tabriz;1578078.0;67
success;10/9/2025 19:40;MasterCard;Tabriz;5000.0;51
fail;19/9/2025 14:30;MasterCard;karaj;471227.0;60
fail;3/9/2025 3:27;MasterCard;Isfahan;1050805.0;3
Success;24/9/2025 0:00;Master Card;Tehran;-5000.0;5
success;5/9/2025 2:30;Amex;Tehran;0.0;28
success;3/9/2025 12:12;Discover;Tehran;177050.0;78
fail;26/9/2025 12:12;Visa;TEHRAN;343679.0;11
success;27/9/2025 7:08;MasterCard;Isfahan;0.0;72
failed;16/9/2025 1:51;MasterCard;TEHRAN;200000.0;72
fail;17/9/2025 18:45;Amex;karaj;343679.0;76
success;15/9/2025 17:17;Discover;karaj;-5000.0;15
fail;3/9/2025 20:33;MastCard;Tabriz;1050805.0;83
success;12/9/2025 4:15;Visa;Tabriz;419089.0;48
Success;9/9/2025 13:10;Amex;Qom;-1.0;46
success;21/9/2025 18:45;Amex;Isfahan;585954.0;28
failed;12/9/2025 15:45;Visa;Mashhad;1578078.0;7
failed;26/9/2025 2:20;Vsa;Tehran;1578078.0;71
Success;15/9/2025 7:07;Amex;Tehran ;-999999.0;95
failed;2/9/2025 6:30;Amex;Tehran;-5000.0;82
fail;23/9/2025 7:32;MasterCard;Tehran;-1.0;89
Success;18/9/2025 13:10;nan;Karaj;914282.0;6
fail;20/9/2025 2:24;MastCard;Tehran;-5000.0;58
fail;12/9/2025 8:08;Discover;Tehran;-999999.0;68
fail;23/9/2025 19:19;Discover;Tehran;0.0;55
fail;4/9/2025 9:45;Visa;Tehran;250000.0;67
success;23/9/2025 0:00;Visa;Tabriz;-5000.0;49
fail;16/9/2025 8:08;visa;Tabriz;976246.0;51
fail;23/9/2025 14:11;MasterCard;Mashhad;100.5;59
success;16/9/2025 5:23;Master-Card;Isfahan;0.0;6
success;1/9/2025 7:07;Visa;Mashhad;0.0;91
success;22/9/2025 1:51;MasterCard;Shiraz;300000.0;51
fail;25/9/2025 14:02;VISA;Tabriz;0.0;38
fail;2/9/2025 21:10;Visa;Tehran;1768588.0;11
fail;30/9/2025 8:08;Amex;THR;343679.0;52
fail;3/9/2025 19:29;nan;Shiraz;1305967.0;94
success;26/9/2025 19:40;Master Card;Tehran;585954.0;20
success;21/9/2025 1:51;Vsa;Tehran ;1463119.0;10
fail;25/9/2025 7:08;Master-Card;Karaj;0.0;26
fail;20/9/2025 10:48;Amex;Tehran;100.5;48
fail;17/9/2025 12:12;Visa;Tehran ;99999.0;92
FAIL;20/9/2025 12:34;MastCard;Isfahan;0.0;14
fail;22/9/2025 18:00;VISA;ThRan;5000.0;59
failed;21/9/2025 8:08;MasterCard;Tehran;9999999999.0;12
success;30/9/2025 12:34;Discover;Tehran;976246.0;23
fail;29/9/2025 14:55;Amex;Shiraz;0.0;85
succeed;1/9/2025 11:11;MastCard;Tehran;12345.0;72
success;20/9/2025 8:59;Visa;Tehran;-5000.0;39
success;6/9/2025 15:45;MastCard;Ahvaz;419089.0;9
success;29/9/2025 13:10;Amex;Tehran;0.0;89
success;15/9/2025 14:11;Amex;TEHRAN;914465.0;96
fail;26/9/2025 11:11;Discover;Isfahan;412308.0;25
fail;26/9/2025 11:11;Visa;THR;9999999999.0;17
failed;14/9/2025 8:08;Amex;Isfahan;976246.0;42
failed;20/9/2025 9:45;Amex;Mashhad;333333.0;29
fail;15/9/2025 4:40;Discover;Tabriz;-5000.0;60
success;14/9/2025 7:08;Discover;Shiraz;100.5;67
success;25/9/2025 2:24;Discover;Tabriz;250000.0;85
fail;21/9/2025 3:27;MasterCard;Tabriz;343679.0;57
success;24/9/2025 19:40;VISA;Tehran;5000.0;72
success;25/9/2025 14:00;MastCard;Tehran;343679.0;14
success;26/9/2025 11:11;Master-Card;Tabriz;50200.0;39
failed;5/9/2025 19:51;MasterCard;Karaj;100000.0;16
fail;6/9/2025 14:02;MasterCard;Tabriz;0.0;18
success;17/9/2025 3:27;Visa;Tabriz;914282.0;96
success;11/9/2025 15:45;MastCard;TEHRAN;1472823.0;75
success;16/9/2025 18:12;MasterCard;Shiraz;1.0;20
fail;12/9/2025 10:48;MastCard;TEHRAN;1463119.0;46
success;15/9/2025 4:15;MasterCard;TEHRAN;1387769.0;45
failed;23/9/2025 4:15;Visa;Tehran;1387769.0;4
fail;4/9/2025 14:11;Visa;tehr@n;583952.0;84
success;27/9/2025 7:32;Vsa;Tehran;333333.0;96
failed;18/9/2025 13:10;Discover;TEHRAN;250000.0;20
fail;21/9/2025 9:45;Discover;Qom;-5000.0;11
failed;28/9/2025 7:07;nan;Mashhad;443463.0;65
fail;3/9/2025 2:54;Amex;Karaj;471227.0;18
fail;22/9/2025 8:08;Visa;THR;1000.0;39
fail;8/9/2025 19:29;Visa;Shiraz;1463119.0;44
fail;23/9/2025 9:09;Discover;Isfahan;412308.0;98
fail;3/9/2025 12:12;Amex;Tehran;585954.0;18
success;8/9/2025 23:59;MastCard;Ahvaz;99999.0;47
fail;18/9/2025 2:37;Discover;Tehran;-999999.0;31
Success;10/9/2025 18:12;Master-Card;Karaj;63489.0;100
success;25/9/2025 2:37;Visa;Mashhad;1.0;39
success;20/9/2025 21:21;Visa;Isfahan;0.0;38
success;17/9/2025 16:16;VISA;Shiraz;0.0;79
success;8/9/2025 13:13;Visa;Ahvaz;1578078.0;47
success;23/9/2025 1:01;Master-Card;tehr@n;177050.0;70
fail;11/9/2025 21:21;MastCard;Tabriz;205000.0;8
failed;29/9/2025 23:59;Visa;tehr@n;1387769.0;87
success;5/9/2025 14:02;MasterCard;Tehran ;100000.0;65
fail;26/9/2025 9:09;MasterCard;karaj;1768588.0;13
success;13/9/2025 9:00;nan;THR;976246.0;55
success;21/9/2025 8:08;MasterCard;Karaj;1387769.0;89
fail;23/9/2025 21:23;MasterCard;Tehran;914282.0;85
failed;5/9/2025 9:45;Visa;Qom;-5000.0;43
success;24/9/2025 16:16;Amex;Karaj;-5000.0;4
success;27/9/2025 1:51;Visa;tehr@n;914465.0;71
success;13/9/2025 14:00;Visa;Qom;333333.0;60
FAIL;6/9/2025 11:11;visa;Ahvaz;471227.0;12
fail;29/9/2025 8:08;Discover;Karaj;100.5;59
success;5/9/2025 21:21;Visa;Tabriz;-5000.0;77
fail;9/9/2025 5:23;MastCard;Tehran;333333.0;54
success;27/9/2025 12:12;Vsa;Ahvaz;-1.0;44
fail;16/9/2025 3:27;Visa;Tabriz;343679.0;16
fail;2/9/2025 2:24;Visa;Tabriz;0.0;6
failed;1/9/2025 17:07;Visa;Shiraz;0.0;14
success;8/9/2025 17:17;Visa;Ahvaz;9999999999.0;58
fail;28/9/2025 12:12;Amex;Qom;123456.0;31
success;19/9/2025 3:27;Amex;THR;177050.0;41
success;30/9/2025 7:08;Amex;Tabriz;177050.0;35
fail;11/9/2025 1:01;MasterCard;Tabriz;0.0;10
fail;28/9/2025 6:30;Vsa;Shiraz;452545.0;81
Success;12/9/2025 9:00;Amex;karaj;1305967.0;30
success;12/9/2025 2:20;nan;Qom;-999999.0;44
fail;7/9/2025 2:54;MasterCard;Tehran;0.0;55
failed;26/9/2025 13:13;Vsa;Karaj;1463119.0;71
success;13/9/2025 12:34;MasterCard;karaj;250000.0;18
fail;27/9/2025 16:40;MasterCard;Tabriz;200000.0;83
fail;8/9/2025 12:12;Master-Card;Tehran;250000.0;79
fail;29/9/2025 2:24;Visa;Mashhad;0.0;87
failed;29/9/2025 14:55;Amex;Tehran;-5000.0;39
fail;22/9/2025 2:54;MastCard;Isfahan;452545.0;42
fail;28/9/2025 8:08;MastCard;Tehran;976246.0;54
failed;26/9/2025 7:08;Amex;Tabriz;1427657.0;30
fail;30/9/2025 10:48;MasterCard;Isfahan;1305967.0;20
success;9/9/2025 0:00;Discover;Tehran;-5000.0;97
fail;7/9/2025 1:51;nan;Tehran;300000.0;42
success;26/9/2025 10:48;Discover;karaj;333333.0;90
fail;21/9/2025 2:54;Vsa;Tehran;1463119.0;88
fail;24/9/2025 9:45;Visa;Karaj;0.0;5
success;15/9/2025 13:13;Visa;karaj;976246.0;50
success;2/9/2025 21:23;Discover;Tehran;443463.0;41
success;23/9/2025 16:16;MastCard;Tehran;-5000.0;95
success;20/9/2025 20:33;Discover;Shiraz;1578078.0;39
success;25/9/2025 19:51;Visa;Tabriz;177050.0;57
success;12/9/2025 19:40;Visa;Mashhad;443463.0;92
success;1/9/2025 14:11;Discover;karaj;-999999.0;57
success;23/9/2025 4:04;Visa;Tehran;120000.0;37
success;22/9/2025 14:11;Visa;Shiraz;1578078.0;7
success;8/9/2025 6:06;Vsa;tehr@n;1050805.0;5
fail;5/9/2025 14:55;MasterCard;Tehran;976246.0;79
fail;15/9/2025 14:55;MasterCard;Tehran;0.0;51
fail;1/9/2025 20:33;VISA;Qom;200000.0;8
Success;1/9/2025 12:34;MasterCard;Tehran ;9999999999.0;56
success;25/9/2025 2:37;nan;Tabriz;100.5;73
success;10/9/2025 7:08;Discover;Tabriz;9999999999.0;11
fail;22/9/2025 2:30;MasterCard;Tehran;1578078.0;22
fail;10/9/2025 20:33;MasterCard;Isfahan;1305967.0;99
failed;21/9/2025 8:08;Amex;Tehran;250000.0;100
failed;15/9/2025 10:05;Amex;Isfahan;99999.0;77
fail;17/9/2025 8:59;Discover;Qom;1158713.0;11
failed;22/9/2025 12:12;Vsa;Tehran ;1502601.0;60
success;6/9/2025 3:00;MasterCard;karaj;1578078.0;97
fail;3/9/2025 22:27;Visa;karaj;63489.0;15
success;13/9/2025 14:11;Amex;Tabriz;123456.0;38
success;16/9/2025 7:32;Vsa;Tehran;774681.0;1
success;8/9/2025 2:30;Discover;Qom;583952.0;46
fail;30/9/2025 18:12;Visa;Mashhad;0.0;89
fail;15/9/2025 13:13;Vsa;Mashhad;0.0;43
fail;17/9/2025 7:32;VISA;Tehran;1883871.0;22
fail;17/9/2025 19:51;Visa;Mashhad;914465.0;3
success;22/9/2025 7:32;nan;Tehran;100.5;14
fail;26/9/2025 21:10;Discover;Isfahan;200000.0;2
success;13/9/2025 3:27;Master Card;Tehran;850000.0;61
fail;17/9/2025 11:11;Amex;THR;9999999999.0;32
success;6/9/2025 18:12;Master-Card;Tehran;850000.0;38
success;17/9/2025 20:33;Vsa;tehr@n;976246.0;98
success;16/9/2025 2:37;Visa;THR;1427657.0;46
fail;14/9/2025 23:17;Visa;Ahvaz;-999999.0;42
fail;13/9/2025 10:05;MasterCard;ThRan;177050.0;6
fail;6/9/2025 13:13;Visa;Tehran;976246.0;41
fail;3/9/2025 23:59;MasterCard;Shiraz;123456.0;25
fail;14/9/2025 7:08;Master Card;THR;200000.0;99
fail;14/9/2025 5:56;Discover;Tehran;343679.0;11
success;15/9/2025 5:23;MasterCard;Qom;650000.0;41
succeed;8/9/2025 9:00;Discover;Isfahan;585954.0;71
fail;29/9/2025 11:11;Amex;Isfahan;9999999999.0;57
failed;15/9/2025 19:40;Visa;TEHRAN;99999.0;46
fail;22/9/2025 14:00;Discover;Qom;650000.0;87
success;29/9/2025 21:23;Master-Card;Tehran;450000.0;48
success;27/9/2025 12:12;Vsa;tehr@n;200000.0;63
failed;13/9/2025 2:30;Vsa;Tehran;450000.0;39
fail;17/9/2025 14:55;Vsa;TEHRAN;-5000.0;10
fail;21/9/2025 10:48;MasterCard;Tehran ;1782689.0;85
fail;24/9/2025 16:40;MastCard;THR;976246.0;70
success;3/9/2025 21:10;Discover;Karaj;555555.0;65
Success;28/9/2025 20:20;Visa;Karaj;545116.0;99
success;6/9/2025 21:21;Discover;Karaj;333333.0;59
success;5/9/2025 20:20;Visa;Mashhad;443463.0;78
success;22/9/2025 3:00;Discover;Tabriz;545116.0;36
failed;26/9/2025 1:51;Discover;Tabriz;0.0;27
success;17/9/2025 14:11;Amex;Karaj;177050.0;73
fail;23/9/2025 5:23;Discover;Shiraz;200000.0;55
failed;25/9/2025 12:34;MastCard;Qom;-999999.0;70
fail;2/9/2025 14:00;MasterCard;Shiraz;1578078.0;96
fail;26/9/2025 17:17;nan;Ahvaz;650000.0;81
fail;15/9/2025 20:20;Visa;Ahvaz;545116.0;53
success;5/9/2025 19:19;MastCard;Tehran;-1.0;60
success;26/9/2025 5:23;MastCard;Isfahan;914282.0;61
fail;20/9/2025 2:30;Master Card;Tabriz;250000.0;36
success;6/9/2025 2:20;Discover;Qom;177050.0;85
success;6/9/2025 13:13;Discover;Tehran;-5000.0;27
Success;27/9/2025 16:16;Visa;Ahvaz;976246.0;41
success;18/9/2025 5:56;Discover;Tehran;976246.0;28
success;18/9/2025 10:05;MasterCard;Tabriz;1050805.0;16
success;4/9/2025 1:01;Vsa;Ahvaz;914282.0;35
fail;17/9/2025 10:48;Discover;Tehran;471227.0;36
fail;25/9/2025 19:40;Visa;Shiraz;1883871.0;56
success;14/9/2025 10:05;Discover;TEHRAN;850000.0;100
fail;14/9/2025 11:11;Visa;Shiraz;120000.0;19
fail;13/9/2025 11:11;nan;Karaj;343679.0;57
success;7/9/2025 19:51;Master-Card;Ahvaz;1427657.0;85
fail;12/9/2025 7:08;Discover;Tabriz;250000.0;33
fail;23/9/2025 8:59;Discover;Qom;100.5;23
success;15/9/2025 18:12;Master-Card;Tabriz;585954.0;63
success;19/9/2025 4:40;Visa;Tabriz;0.0;70
failed;11/9/2025 23:59;Amex;Tehran;200000.0;97
success;15/9/2025 0:00;nan;Qom;0.0;22
success;12/9/2025 9:00;MasterCard;Ahvaz;99999.0;67
fail;3/9/2025 20:20;Visa;THR;63489.0;100
fail;17/9/2025 5:23;Visa;Isfahan;123456.0;80
fail;3/9/2025 8:59;nan;Isfahan;343679.0;59
failed;19/9/2025 19:51;Visa;Karaj;1578078.0;25
success;20/9/2025 10:48;MasterCard;Ahvaz;50200.0;17
failed;4/9/2025 1:51;Vsa;Tabriz;443463.0;39
success;3/9/2025 4:15;Vsa;Tabriz;50200.0;77
fail;26/9/2025 8:59;MasterCard;Mashhad;120000.0;93
success;16/9/2025 14:55;Discover;Isfahan;850000.0;75
success;12/9/2025 17:17;Amex;Karaj;50200.0;74
success;8/9/2025 17:17;Discover;Mashhad;100.5;39
success;24/9/2025 1:51;Discover;Tehran;-999999.0;24
succeed;29/9/2025 16:40;Vsa;Tehran;471227.0;38
failed;29/9/2025 21:23;Visa;TEHRAN;555555.0;89
failed;17/9/2025 12:34;Visa;Tabriz;-999999.0;98
fail;7/9/2025 12:12;Discover;Tehran;50200.0;81
fail;11/9/2025 18:00;MasterCard;Karaj;850000.0;57
fail;18/9/2025 23:17;MastCard;Karaj;850000.0;44
fail;1/9/2025 18:00;Vsa;Qom;9999999999.0;36
success;3/9/2025 2:24;Amex;Mashhad;0.0;100
success;4/9/2025 12:12;Amex;Tehran ;205000.0;70
success;13/9/2025 4:15;Amex;Tehran;419089.0;80
failed;6/9/2025 14:00;Discover;Mashhad;177050.0;45
Success;26/9/2025 10:48;Discover;Qom;-5000.0;93
fail;14/9/2025 18:45;Amex;Tehran;50200.0;97
failed;5/9/2025 2:30;Visa;Isfahan;5000.0;26
success;16/9/2025 10:48;Discover;Ahvaz;419089.0;11
success;15/9/2025 2:54;MasterCard;Mashhad;1158713.0;52
success;15/9/2025 3:00;MasterCard;THR;-5000.0;25
fail;30/9/2025 18:00;MasterCard;Shiraz;177050.0;31
failed;4/9/2025 19:51;MastCard;Ahvaz;200000.0;85
success;8/9/2025 14:30;MasterCard;Ahvaz;1387769.0;45
failed;27/9/2025 4:15;Master-Card;Karaj;1305967.0;67
succeed;16/9/2025 2:54;Discover;Ahvaz;1578078.0;76
success;28/9/2025 21:10;MasterCard;Karaj;12345.0;40
fail;16/9/2025 16:40;Visa;Qom;443463.0;46
fail;30/9/2025 19:51;Discover;Qom;1782689.0;54
fail;4/9/2025 21:10;Master-Card;Tehran;-999999.0;41
fail;13/9/2025 21:23;Discover;karaj;850000.0;90
failed;26/9/2025 21:21;Discover;Tabriz;585954.0;81
fail;28/9/2025 9:09;MasterCard;Qom;583952.0;38
FAIL;13/9/2025 5:56;Visa;Tabriz;300000.0;36
success;2/9/2025 7:32;MasterCard;Karaj;99999.0;83
fail;3/9/2025 4:40;Discover;Tehran ;774681.0;44
success;22/9/2025 18:45;Discover;Ahvaz;650000.0;57
success;8/9/2025 8:08;Vsa;Shiraz;-5000.0;66
success;24/9/2025 11:11;Amex;Qom;0.0;81
success;15/9/2025 2:37;MasterCard;Mashhad;1427657.0;30
fail;11/9/2025 13:10;Amex;Tabriz;343679.0;10
success;9/9/2025 10:05;MastCard;Isfahan;1883871.0;100
success;7/9/2025 0:00;MastCard;Isfahan;-5000.0;61
failed;13/9/2025 11:11;Visa;tehr@n;100000.0;63
failed;2/9/2025 4:15;Discover;Isfahan;419089.0;36
fail;8/9/2025 19:51;Discover;Qom;650000.0;54
fail;7/9/2025 9:45;Visa;TEHRAN;419089.0;98
success;24/9/2025 3:27;Visa;Mashhad;333333.0;65
FAIL;12/9/2025 19:29;Visa;Tabriz;100.5;82
success;19/9/2025 14:55;Vsa;Isfahan;-999999.0;4
fail;7/9/2025 18:45;Amex;Isfahan;-5000.0;55
fail;10/9/2025 2:30;Discover;Karaj;-5000.0;54
fail;29/9/2025 17:07;Amex;Tabriz;-1.0;92
fail;25/9/2025 4:40;MastCard;Karaj;-5000.0;90
success;16/9/2025 8:08;Discover;TEHRAN;9999999999.0;64
success;3/9/2025 15:45;MasterCard;Isfahan;650000.0;93
fail;30/9/2025 1:01;Visa;Tehran;1782689.0;22
fail;10/9/2025 21:23;Amex;Shiraz;555555.0;25
fail;6/9/2025 19:19;Discover;Isfahan;1768588.0;81
failed;18/9/2025 10:48;MasterCard;Mashhad;0.0;59
success;18/9/2025 16:40;MasterCard;Shiraz;419089.0;57
FAIL;5/9/2025 12:34;Amex;Isfahan;412308.0;54
success;21/9/2025 2:20;Amex;TEHRAN;1782689.0;44
fail;29/9/2025 5:23;MasterCard;Isfahan;650000.0;52
fail;7/9/2025 10:48;Visa;Tabriz;0.0;76
success;28/9/2025 10:05;Amex;THR;-5000.0;16
success;2/9/2025 11:11;Master-Card;Tehran;120000.0;16
success;11/9/2025 2:37;Vsa;Tehran;-999999.0;81
success;30/9/2025 5:23;visa;tehr@n;1387769.0;55
success;13/9/2025 9:45;Visa;Tabriz;1578078.0;61
fail;23/9/2025 14:30;Visa;Tehran;774681.0;96
failed;5/9/2025 0:00;MasterCard;Mashhad;120000.0;79
success;30/9/2025 12:44;Discover;Tehran;9999999999.0;77
fail;6/9/2025 5:56;Visa;Shiraz;9999999999.0;40
success;24/9/2025 20:33;MasterCard;Mashhad;177050.0;92
success;26/9/2025 5:23;Discover;Shiraz;250000.0;21
fail;29/9/2025 19:19;Discover;Tabriz;914282.0;66
success;14/9/2025 19:19;Master Card;TEHRAN;0.0;8
fail;12/9/2025 12:12;Discover;Tabriz;0.0;71
fail;4/9/2025 18:45;Visa;Shiraz;-5000.0;10
fail;29/9/2025 9:09;Visa;tehr@n;1883871.0;57
fail;23/9/2025 11:11;Vsa;Isfahan;300000.0;4
fail;6/9/2025 5:56;MastCard;Tehran;471227.0;43
fail;10/9/2025 19:51;Visa;Tehran;914465.0;100
failed;18/9/2025 12:34;Visa;Tehran ;100000.0;63
fail;15/9/2025 11:11;MastCard;Ahvaz;200000.0;43
success;8/9/2025 14:11;Discover;TEHRAN;120000.0;67
fail;26/9/2025 4:15;visa;Karaj;343679.0;82
success;9/9/2025 14:02;MasterCard;Isfahan;200000.0;51
fail;5/9/2025 18:12;Visa;Tehran;-5000.0;56
fail;10/9/2025 15:45;Master-Card;tehr@n;1158713.0;43
fail;20/9/2025 14:00;Discover;Mashhad;343679.0;24
succeed;6/9/2025 2:30;Discover;Isfahan;-5000.0;97
success;16/9/2025 16:40;Discover;Qom;-1.0;34
fail;24/9/2025 7:08;Vsa;Tehran;0.0;59
fail;27/9/2025 12:44;Visa;Tabriz;1578078.0;2
fail;3/9/2025 5:23;Discover;Shiraz;1463119.0;2
fail;10/9/2025 18:45;Visa;Tehran;-999999.0;10
failed;11/9/2025 8:59;Vsa;Tehran;914465.0;23
success;11/9/2025 18:00;Discover;Mashhad;976246.0;15
success;17/9/2025 2:37;Discover;Shiraz;443463.0;76
fail;4/9/2025 0:00;Amex;Tehran;1427657.0;17
success;4/9/2025 17:07;MastCard;Tehran;0.0;82
fail;17/9/2025 9:45;Vsa;tehr@n;1387769.0;14
fail;9/9/2025 19:40;Discover;Tehran;1387769.0;81
success;19/9/2025 19:51;Vsa;Tehran;419089.0;79
fail;5/9/2025 0:00;MasterCard;Tabriz;-999999.0;76
success;22/9/2025 2:30;Visa;Tabriz;471227.0;16
failed;24/9/2025 20:20;Vsa;Qom;-5000.0;32
fail;6/9/2025 3:00;Amex;TEHRAN;-999999.0;23
failed;3/9/2025 14:30;Amex;Mashhad;99999.0;34
fail;22/9/2025 5:23;nan;Ahvaz;1050805.0;99
fail;1/9/2025 0:00;Amex;TEHRAN;545116.0;16
success;20/9/2025 3:27;Visa;Tehran;300000.0;34
success;22/9/2025 12:34;Master-Card;Mashhad;0.0;71
fail;16/9/2025 2:20;Discover;Shiraz;471227.0;33
failed;23/9/2025 8:08;MasterCard;Tabriz;0.0;68
FAIL;11/9/2025 16:16;Visa;Karaj;1578078.0;43
fail;13/9/2025 10:05;Discover;Karaj;850000.0;64
failed;27/9/2025 18:45;MastCard;Isfahan;333333.0;71
success;10/9/2025 2:30;MasterCard;Tehran;343679.0;18
Success;3/9/2025 9:09;Amex;Tehran;123456.0;68
fail;9/9/2025 16:16;Vsa;Isfahan;419089.0;61
failed;28/9/2025 21:23;Discover;Tehran;-999999.0;75
fail;12/9/2025 16:40;Amex;Ahvaz;650000.0;20
failed;23/9/2025 9:45;Vsa;Isfahan;545116.0;11
success;14/9/2025 20:20;MastCard;Shiraz;1782689.0;79
fail;1/9/2025 18:00;MasterCard;Isfahan;100000.0;46
fail;18/9/2025 2:54;Discover;Ahvaz;1578078.0;64
failed;17/9/2025 13:13;MasterCard;THR;333333.0;81
success;27/9/2025 22:27;MasterCard;karaj;1158713.0;99
fail;9/9/2025 19:19;Discover;Mashhad;120000.0;76
success;9/9/2025 16:16;MastCard;Tehran;914282.0;28
failed;23/9/2025 9:09;Visa;Isfahan;177050.0;48
fail;10/9/2025 12:12;VISA;Isfahan;177050.0;35
fail;19/9/2025 5:56;Vsa;Tehran ;471227.0;8
Success;29/9/2025 0:00;Discover;Qom;0.0;92
fail;15/9/2025 8:59;Visa;Shiraz;100000.0;22
fail;5/9/2025 14:02;MastCard;Ahvaz;177050.0;24
fail;15/9/2025 6:06;MastCard;Qom;177050.0;66
failed;20/9/2025 0:00;VISA;Qom;0.0;96
fail;23/9/2025 16:40;Discover;Tabriz;0.0;87
success;30/9/2025 0:00;Visa;Tehran;545116.0;64
failed;25/9/2025 17:17;nan;Karaj;1502601.0;65
fail;28/9/2025 7:08;Discover;THR;1782689.0;14
failed;2/9/2025 23:59;MastCard;Isfahan;976246.0;25
success;13/9/2025 8:59;Visa;Qom;1387769.0;3
success;24/9/2025 1:51;MastCard;Tabriz;1578078.0;5
fail;16/9/2025 2:37;Visa;Mashhad;0.0;65
success;15/9/2025 16:40;MastCard;Tabriz;63489.0;54
fail;25/9/2025 1:01;MasterCard;Ahvaz;300000.0;19
fail;10/9/2025 16:16;Master Card;Mashhad;1387769.0;98
Success;14/9/2025 5:56;Visa;Qom;-999999.0;54
fail;10/9/2025 2:30;Discover;Tehran;650000.0;95
failed;25/9/2025 13:13;Visa;Shiraz;-999999.0;76
fail;14/9/2025 20:33;Master-Card;Tabriz;0.0;10
fail;26/9/2025 10:48;Amex;Isfahan;333333.0;99
failed;30/9/2025 12:12;MasterCard;Isfahan;99999.0;16
fail;23/9/2025 14:30;Visa;Mashhad;1578078.0;46
failed;9/9/2025 1:01;MasterCard;Tabriz;9999999999.0;29
success;25/9/2025 18:12;MasterCard;THR;583952.0;15
fail;14/9/2025 12:44;Discover;Isfahan;976246.0;48
success;3/9/2025 3:27;Vsa;Shiraz;12345.0;11
fail;20/9/2025 14:02;Visa;Shiraz;0.0;34
fail;16/9/2025 10:48;Amex;Shiraz;1427657.0;36
success;2/9/2025 14:11;Vsa;Qom;1387769.0;30
fail;10/9/2025 15:45;Master-Card;karaj;774681.0;100
fail;3/9/2025 12:34;MastCard;karaj;99999.0;73
failed;11/9/2025 17:17;Discover;Isfahan;1158713.0;82
failed;11/9/2025 4:15;Amex;Shiraz;12345.0;19
success;21/9/2025 8:59;Visa;Tehran;0.0;68
success;21/9/2025 21:23;Visa;Tehran;914465.0;70
success;22/9/2025 21:10;Amex;Mashhad;12345.0;33
success;13/9/2025 23:17;Master-Card;TEHRAN;1463119.0;97
success;7/9/2025 17:17;Visa;Shiraz;1050805.0;80
succeed;23/9/2025 21:23;Visa;Shiraz;9999999999.0;75
fail;17/9/2025 11:11;Amex;Tehran;774681.0;22
success;30/9/2025 2:20;Visa;Mashhad;5000.0;36
failed;2/9/2025 21:21;Amex;Isfahan;583952.0;23
success;12/9/2025 21:10;Visa;Ahvaz;177050.0;63
failed;25/9/2025 14:55;Visa;Tehran;200000.0;26
fail;10/9/2025 2:54;Amex;Qom;0.0;60
fail;18/9/2025 21:23;Master-Card;TEHRAN;99999.0;96
failed;22/9/2025 21:23;MastCard;TEHRAN;443463.0;94
fail;27/9/2025 21:21;Vsa;THR;850000.0;5
success;11/9/2025 1:51;Discover;Isfahan;120000.0;54
fail;16/9/2025 19:51;Master-Card;tehr@n;-999999.0;38
success;17/9/2025 4:15;Discover;Ahvaz;0.0;62
success;19/9/2025 14:00;Master-Card;THR;12345.0;25
fail;18/9/2025 7:08;MasterCard;tehr@n;583952.0;99
success;3/9/2025 2:30;Discover;tehr@n;583952.0;12
success;21/9/2025 9:00;Discover;Tabriz;63489.0;22
fail;27/9/2025 4:40;Amex;Tehran;50200.0;9
success;26/9/2025 9:45;Visa;Karaj;205000.0;84
success;16/9/2025 12:34;nan;Qom;412308.0;29
fail;6/9/2025 4:15;Discover;Tabriz;914465.0;44
success;25/9/2025 16:16;Discover;Karaj;976246.0;94
fail;12/9/2025 21:23;Discover;Tehran;443463.0;27
fail;11/9/2025 18:45;Visa;Tehran;471227.0;55
success;15/9/2025 16:40;MastCard;Isfahan;-5000.0;81
success;15/9/2025 4:40;Amex;Tehran;976246.0;5
Success;16/9/2025 18:45;Vsa;Karaj;1387769.0;52
fail;10/9/2025 7:32;Visa;tehr@n;343679.0;13
fail;12/9/2025 13:10;nan;Shiraz;250000.0;42
fail;28/9/2025 9:00;Discover;Shiraz;-999999.0;15
success;13/9/2025 16:16;nan;Tehran;450000.0;79
success;4/9/2025 2:30;Visa;Mashhad;-5000.0;18
success;7/9/2025 7:07;MastCard;karaj;1768588.0;50
fail;22/9/2025 14:11;Amex;Shiraz;177050.0;2
failed;2/9/2025 12:44;Discover;Tabriz;914282.0;88
success;26/9/2025 12:34;Visa;karaj;0.0;13
Success;27/9/2025 2:20;Amex;Tehran ;1463119.0;68
fail;27/9/2025 11:11;Visa;Tabriz;-999999.0;47
success;27/9/2025 9:09;MasterCard;Tabriz;0.0;90
success;15/9/2025 20:33;Amex;Isfahan;1578078.0;75
success;8/9/2025 21:23;MastCard;Tehran;900000.0;50
fail;7/9/2025 5:23;visa;THR;452545.0;12
FAIL;15/9/2025 14:11;Discover;tehr@n;99999.0;13
fail;23/9/2025 4:04;Discover;Shiraz;100.5;9
fail;14/9/2025 2:37;Discover;Ahvaz;1.0;59
success;8/9/2025 13:13;MastCard;Shiraz;1463119.0;45
success;28/9/2025 6:30;nan;Isfahan;1782689.0;70
success;12/9/2025 21:23;VISA;Shiraz;0.0;43
fail;13/9/2025 2:37;Master Card;karaj;-5000.0;74
success;30/9/2025 7:07;Master-Card;karaj;0.0;23
success;11/9/2025 14:11;visa;Tehran;900000.0;79
fail;17/9/2025 20:33;Discover;Mashhad;0.0;45
Success;29/9/2025 2:30;Master Card;Isfahan;1305967.0;23
failed;17/9/2025 19:51;MastCard;Ahvaz;976246.0;34
success;24/9/2025 2:37;Visa;Mashhad;1.0;16
fail;4/9/2025 9:00;Visa;Isfahan;177050.0;63
failed;21/9/2025 2:20;Visa;Karaj;774681.0;51
fail;8/9/2025 13:13;Vsa;Mashhad;177050.0;32
fail;5/9/2025 12:12;Amex;Tabriz;177050.0;38
fail;26/9/2025 21:23;Visa;TEHRAN;976246.0;56
fail;16/9/2025 19:51;MastCard;Tehran;333333.0;69
failed;4/9/2025 14:55;Visa;Tehran;1578078.0;17
success;28/9/2025 23:59;Vsa;Tehran;9999999999.0;87
Success;22/9/2025 18:12;Vsa;Tehran;545116.0;39
fail;29/9/2025 14:02;VISA;Qom;205000.0;41
success;15/9/2025 8:59;Visa;Shiraz;850000.0;48
FAIL;12/9/2025 1:51;Master-Card;Mashhad;200000.0;82
failed;5/9/2025 23:59;Discover;Tabriz;471227.0;28
success;30/9/2025 23:59;MasterCard;Tehran;343679.0;77
fail;23/9/2025 10:48;MasterCard;Mashhad;5000.0;50
success;16/9/2025 10:48;Amex;Qom;9999999999.0;1
fail;14/9/2025 18:45;visa;Tabriz;343679.0;50
success;10/9/2025 5:56;Amex;Tabriz;177050.0;19
success;7/9/2025 21:10;nan;Tehran;1768588.0;99
success;13/9/2025 21:23;Discover;Tehran;120000.0;59
success;20/9/2025 6:30;MasterCard;Tehran;-5000.0;68
success;28/9/2025 12:12;MasterCard;Karaj;1463119.0;67
fail;29/9/2025 5:56;Discover;Isfahan;-5000.0;41
success;5/9/2025 14:55;VISA;Tehran;100.5;10
success;29/9/2025 7:32;MastCard;Mashhad;0.0;28
fail;3/9/2025 17:07;MasterCard;Qom;412308.0;34
fail;15/9/2025 2:24;MastCard;Isfahan;1158713.0;39
fail;4/9/2025 21:23;MasterCard;Tehran;1883871.0;83
success;15/9/2025 18:12;Visa;Ahvaz;585954.0;56
succeed;14/9/2025 11:11;MasterCard;Karaj;343679.0;52
fail;20/9/2025 6:30;Amex;Isfahan;0.0;3
success;19/9/2025 21:10;visa;Isfahan;914282.0;23
success;13/9/2025 12:34;Visa;Tehran;205000.0;17
fail;10/9/2025 10:05;MasterCard;Ahvaz;250000.0;71
failed;21/9/2025 19:29;Visa;Qom;120000.0;26
fail;5/9/2025 18:00;Visa;Tehran;1768588.0;18
failed;27/9/2025 11:11;Amex;Isfahan;850000.0;46
fail;23/9/2025 20:20;Visa;TEHRAN;850000.0;70
fail;20/9/2025 12:44;MastCard;Mashhad;555555.0;31
fail;29/9/2025 12:44;MasterCard;Tabriz;0.0;94
fail;20/9/2025 7:07;Visa;Shiraz;12345.0;9
failed;25/9/2025 5:23;MasterCard;Tabriz;914465.0;35
fail;6/9/2025 22:27;Visa;Mashhad;443463.0;81
success;4/9/2025 20:33;Master-Card;Shiraz;-5000.0;60
fail;2/9/2025 14:11;Visa;THR;1768588.0;76
failed;22/9/2025 3:00;Visa;Karaj;555555.0;63
success;16/9/2025 20:20;Amex;Isfahan;583952.0;52
success;18/9/2025 4:40;VISA;Ahvaz;-999999.0;48
fail;5/9/2025 10:05;Master-Card;TEHRAN;419089.0;61
success;22/9/2025 17:07;Discover;Mashhad;1782689.0;24
fail;4/9/2025 2:37;Visa;Tehran;-5000.0;74
fail;30/9/2025 21:21;Amex;THR;50200.0;58
success;13/9/2025 10:48;Vsa;Tehran;200000.0;64
succeed;19/9/2025 7:08;Discover;Tehran;0.0;30
failed;23/9/2025 14:11;MasterCard;Tabriz;333333.0;29
success;2/9/2025 7:08;Visa;Isfahan;177050.0;10
success;13/9/2025 4:15;Visa;Ahvaz;545116.0;39
succeed;11/9/2025 8:08;Amex;Isfahan;177050.0;55
success;30/9/2025 9:09;Visa;Tehran;200000.0;28
success;22/9/2025 15:45;Visa;Shiraz;-5000.0;18
Success;29/9/2025 5:56;Discover;Shiraz;1782689.0;41
fail;4/9/2025 13:13;MasterCard;karaj;850000.0;81
fail;22/9/2025 17:17;Visa;Isfahan;850000.0;75
success;20/9/2025 9:00;MasterCard;Tehran;123456.0;65
fail;20/9/2025 14:30;nan;Qom;1782689.0;81
fail;15/9/2025 9:00;Visa;Tehran;583952.0;46
success;4/9/2025 2:37;Amex;Tehran;-5000.0;60
success;9/9/2025 15:45;Vsa;Ahvaz;-5000.0;9
succeed;7/9/2025 9:45;Discover;Isfahan;1387769.0;45
fail;19/9/2025 2:37;Visa;Mashhad;585954.0;60
fail;19/9/2025 19:51;Visa;Shiraz;0.0;28
fail;6/9/2025 2:20;Amex;Isfahan;0.0;98
success;6/9/2025 18:12;Amex;Tehran;1427657.0;3
success;20/9/2025 23:59;Visa;Tabriz;914282.0;51
success;15/9/2025 18:12;Vsa;Tehran;583952.0;8
fail;15/9/2025 8:08;MastCard;Tehran ;443463.0;70
success;25/9/2025 3:00;Discover;Karaj;0.0;59
success;20/9/2025 14:55;MastCard;Mashhad;205000.0;61
fail;9/9/2025 3:27;Discover;Tehran;63489.0;58
success;4/9/2025 3:27;MastCard;Tehran;0.0;70
success;18/9/2025 14:11;Visa;karaj;774681.0;94
succeed;18/9/2025 2:37;MastCard;tehr@n;300000.0;12
failed;5/9/2025 23:59;Discover;Tehran;100.5;9
success;20/9/2025 11:11;Amex;TEHRAN;9999999999.0;49
failed;23/9/2025 20:20;Visa;Isfahan;1000.0;83
success;30/9/2025 21:23;MastCard;Tabriz;177050.0;17
failed;11/9/2025 19:51;Visa;Tehran;471227.0;54
fail;5/9/2025 19:19;Visa;Ahvaz;205000.0;44
success;22/9/2025 1:51;Visa;Mashhad;205000.0;32
success;26/9/2025 4:15;Visa;karaj;100000.0;35
success;4/9/2025 11:11;MastCard;Tabriz;900000.0;78
fail;29/9/2025 12:34;visa;Karaj;914282.0;49
fail;12/9/2025 21:23;Vsa;Tehran;850000.0;54
fail;2/9/2025 1:51;Master-Card;Tehran;914282.0;16
fail;13/9/2025 21:23;Visa;Tehran;0.0;85
fail;10/9/2025 10:48;Visa;karaj;1463119.0;12
success;9/9/2025 18:45;Amex;Shiraz;-999999.0;89
failed;10/9/2025 10:05;VISA;Tehran;-5000.0;99
success;7/9/2025 4:40;Amex;Isfahan;419089.0;8
failed;4/9/2025 14:02;Discover;Ahvaz;850000.0;21
failed;19/9/2025 4:04;Visa;Tabriz;-5000.0;48
success;10/9/2025 19:51;Visa;TEHRAN;333333.0;8
fail;30/9/2025 18:00;Discover;TEHRAN;100.5;28
fail;3/9/2025 21:21;MastCard;Qom;5000.0;80
Success;25/9/2025 19:51;Visa;Shiraz;120000.0;10
fail;21/9/2025 18:45;Master-Card;Shiraz;-5000.0;52
success;29/9/2025 21:10;Master Card;Tabriz;1387769.0;15
fail;19/9/2025 8:59;Master-Card;Isfahan;1305967.0;4
Success;21/9/2025 11:11;nan;Tehran;177050.0;91
success;2/9/2025 7:32;Visa;TEHRAN;850000.0;79
failed;27/9/2025 13:10;VISA;Karaj;200000.0;97
fail;20/9/2025 22:27;Discover;Tehran;774681.0;62
fail;10/9/2025 15:45;Master-Card;Qom;774681.0;4
success;2/9/2025 18:45;Visa;Isfahan;1502601.0;41
succeed;2/9/2025 2:37;MasterCard;karaj;1578078.0;73
success;28/9/2025 10:48;Visa;Isfahan;1.0;100
Success;24/9/2025 18:00;Visa;Shiraz;200000.0;55
success;17/9/2025 7:08;Master Card;Tehran;100000.0;28
failed;16/9/2025 13:10;Vsa;Qom;100000.0;47
success;16/9/2025 8:59;MasterCard;Tabriz;-5000.0;9
fail;14/9/2025 19:19;MasterCard;Tehran;1158713.0;2
fail;7/9/2025 1:01;MastCard;Shiraz;914282.0;67
FAIL;21/9/2025 9:00;Discover;Shiraz;205000.0;48
Success;11/9/2025 8:08;MastCard;ThRan;1050805.0;69
success;24/9/2025 21:23;MasterCard;Shiraz;-1.0;74
fail;1/9/2025 13:10;Amex;Mashhad;177050.0;28
fail;11/9/2025 14:02;VISA;TEHRAN;177050.0;79
succeed;23/9/2025 7:32;MasterCard;karaj;850000.0;14
fail;21/9/2025 15:45;MasterCard;Qom;100000.0;46
failed;4/9/2025 6:30;Master-Card;Mashhad;1472823.0;88
fail;7/9/2025 21:23;Master-Card;tehr@n;0.0;13
success;26/9/2025 19:19;visa;Shiraz;100.5;16
failed;15/9/2025 11:11;Amex;Karaj;850000.0;95
fail;18/9/2025 17:07;Discover;Tehran;100000.0;40
fail;12/9/2025 1:51;Discover;Karaj;-5000.0;72
Success;17/9/2025 23:59;Visa;Tabriz;0.0;81
success;1/9/2025 16:16;MastCard;Tehran;0.0;30
success;11/9/2025 23:17;Discover;THR;9999999999.0;81
success;28/9/2025 7:32;Amex;Karaj;850000.0;100
fail;1/9/2025 0:00;nan;Isfahan;1883871.0;65
fail;15/9/2025 13:13;Master Card;Isfahan;1502601.0;58
success;28/9/2025 11:11;Visa;Tehran;471227.0;89
fail;21/9/2025 2:30;Discover;Tehran;1578078.0;48
success;10/9/2025 4:15;Vsa;Isfahan;100.5;49
success;7/9/2025 3:00;MasterCard;Tehran;120000.0;90
fail;2/9/2025 0:00;Vsa;Isfahan;0.0;2
success;10/9/2025 23:17;Master-Card;karaj;9999999999.0;90
fail;24/9/2025 12:12;MasterCard;Tehran;1.0;14
fail;4/9/2025 21:21;Discover;Tehran;1768588.0;98
success;12/9/2025 19:29;MasterCard;TEHRAN;63489.0;17
failed;19/9/2025 21:23;Amex;Karaj;-5000.0;31
fail;26/9/2025 7:08;Discover;Tehran;-1.0;10
success;11/9/2025 21:21;Vsa;Tehran;1472823.0;70
success;8/9/2025 11:11;Master-Card;Karaj;1578078.0;90
fail;18/9/2025 21:10;Discover;Isfahan;471227.0;37
success;11/9/2025 21:21;VISA;Karaj;0.0;64
Success;11/9/2025 21:21;Amex;Isfahan;1883871.0;30
success;13/9/2025 2:30;Master-Card;Tehran ;-1.0;34
fail;3/9/2025 6:30;Visa;Karaj;-999999.0;18
success;12/9/2025 14:11;Discover;Tehran;-999999.0;89
success;3/9/2025 19:19;Discover;Tabriz;-999999.0;63
fail;10/9/2025 23:59;Discover;Qom;583952.0;49
fail;27/9/2025 3:27;Visa;Tehran;12345.0;56
fail;17/9/2025 14:00;Master-Card;Tehran;585954.0;92
fail;22/9/2025 15:45;MasterCard;Tehran;452545.0;58
fail;2/9/2025 7:07;VISA;Mashhad;9999999999.0;27
success;17/9/2025 2:20;Amex;Shiraz;1427657.0;55
fail;16/9/2025 19:51;Visa;Tehran;0.0;85
failed;2/9/2025 2:30;Amex;Shiraz;333333.0;19
success;28/9/2025 12:34;visa;Shiraz;200000.0;23
failed;22/9/2025 11:11;Amex;tehr@n;0.0;47
success;30/9/2025 8:08;Visa;karaj;850000.0;79
fail;20/9/2025 7:07;nan;tehr@n;0.0;66
success;6/9/2025 15:45;Discover;Tehran ;0.0;100
failed;28/9/2025 22:27;MastCard;Isfahan;585954.0;51
fail;25/9/2025 8:59;MasterCard;Mashhad;100000.0;84
fail;29/9/2025 0:00;Discover;Tabriz;12345.0;28
fail;10/9/2025 19:29;Discover;Mashhad;0.0;57
fail;28/9/2025 1:01;nan;Tehran;100.5;58
fail;10/9/2025 11:11;nan;Shiraz;250000.0;15
fail;8/9/2025 23:59;MasterCard;Tehran;914465.0;16
fail;1/9/2025 23:59;Discover;Tabriz;914465.0;98
success;13/9/2025 11:11;Visa;Tabriz;555555.0;47
fail;24/9/2025 23:59;Visa;tehr@n;545116.0;63
success;9/9/2025 6:30;MasterCard;Tehran;1578078.0;12
success;22/9/2025 23:17;Discover;TEHRAN;471227.0;43
success;10/9/2025 18:00;Visa;Tehran;555555.0;84
fail;15/9/2025 7:32;MasterCard;Shiraz;200000.0;29
success;5/9/2025 12:12;MastCard;Tabriz;1578078.0;49
fail;22/9/2025 21:23;Master-Card;Tabriz;850000.0;3
success;16/9/2025 10:48;Amex;nan;1578078.0;69
success;13/9/2025 19:40;MastCard;Tabriz;-999999.0;60
fail;22/9/2025 3:00;Discover;Tabriz;177050.0;66
fail;25/9/2025 16:16;MasterCard;Qom;1387769.0;88
fail;20/9/2025 17:17;MastCard;Karaj;-5000.0;91
fail;18/9/2025 23:17;MastCard;ThRan;0.0;26
fail;11/9/2025 19:51;MasterCard;Karaj;1463119.0;71
FAIL;27/9/2025 12:12;MasterCard;Qom;976246.0;74
fail;9/9/2025 13:13;nan;Isfahan;63489.0;69
success;16/9/2025 6:06;Amex;Qom;100.5;47
success;2/9/2025 2:30;Amex;Qom;1.0;76
success;26/9/2025 19:40;Vsa;Tabriz;545116.0;97
Success;25/9/2025 3:00;Visa;Shiraz;0.0;42
failed;2/9/2025 14:02;MasterCard;Tabriz;1463119.0;31
failed;12/9/2025 15:45;Master Card;Mashhad;1463119.0;22
Success;8/9/2025 12:34;Discover;Tabriz;9999999999.0;17
fail;9/9/2025 19:51;Discover;Tabriz;-1.0;84
success;12/9/2025 18:12;Amex;Shiraz;100000.0;20
failed;26/9/2025 14:11;Visa;Tehran;-1.0;8
success;9/9/2025 2:54;Amex;Tehran;200000.0;99
FAIL;10/9/2025 7:08;Visa;Tehran;914282.0;49
fail;25/9/2025 12:44;Amex;Tehran;-5000.0;88
success;2/9/2025 23:17;Amex;Tehran;100000.0;38
FAIL;16/9/2025 2:20;MasterCard;Ahvaz;1782689.0;53
fail;20/9/2025 2:20;Discover;Mashhad;100.5;28
success;7/9/2025 14:30;Discover;Mashhad;471227.0;77
fail;28/9/2025 16:40;Discover;Shiraz;9999999999.0;29
success;2/9/2025 3:27;MasterCard;Karaj;452545.0;72
Success;1/9/2025 13:13;Discover;Tehran;-5000.0;11
fail;19/9/2025 10:05;Vsa;THR;976246.0;47
fail;28/9/2025 14:11;MastCard;ThRan;123456.0;45
fail;4/9/2025 12:12;Discover;Tehran;774681.0;18
failed;24/9/2025 0:00;Visa;Shiraz;850000.0;50
success;22/9/2025 11:11;Visa;Tehran;343679.0;90
fail;27/9/2025 21:21;Amex;Tehran;0.0;49
fail;2/9/2025 2:24;Visa;Tabriz;250000.0;22
failed;25/9/2025 2:20;Visa;karaj;1578078.0;45
failed;14/9/2025 2:24;Discover;Shiraz;100.5;61
fail;2/9/2025 14:02;VISA;Mashhad;0.0;100
fail;29/9/2025 14:11;MastCard;Isfahan;100.5;94
success;15/9/2025 14:11;Master-Card;Mashhad;343679.0;21
success;12/9/2025 10:05;Visa;Tabriz;1.0;71
Success;5/9/2025 19:51;Visa;THR;471227.0;61
success;28/9/2025 19:51;Visa;Qom;1463119.0;76
success;20/9/2025 8:08;Master Card;Mashhad;343679.0;36
success;29/9/2025 14:00;Discover;Mashhad;1768588.0;24
Success;7/9/2025 8:59;MasterCard;tehr@n;-5000.0;32
fail;24/9/2025 23:59;MasterCard;Karaj;100.5;92
fail;21/9/2025 11:11;MastCard;Tehran;585954.0;97
fail;10/9/2025 19:40;Discover;Isfahan;9999999999.0;59
failed;14/9/2025 11:11;MasterCard;Tabriz;50200.0;97
success;14/9/2025 13:10;visa;ThRan;1387769.0;97
fail;5/9/2025 9:00;MasterCard;Isfahan;914282.0;91
success;18/9/2025 7:08;Amex;Tehran;99999.0;75
fail;24/9/2025 3:00;MasterCard;Isfahan;471227.0;82
fail;14/9/2025 14:30;Vsa;Tabriz;99999.0;5
fail;2/9/2025 4:04;Discover;Qom;976246.0;16
success;26/9/2025 21:23;Visa;Tabriz;-5000.0;11
success;12/9/2025 18:00;MastCard;Tehran;850000.0;35
failed;22/9/2025 9:45;MasterCard;Tehran;0.0;75
Success;24/9/2025 14:55;nan;Tabriz;774681.0;42
success;6/9/2025 18:12;Amex;Isfahan;1578078.0;88
success;4/9/2025 16:16;Amex;karaj;1427657.0;99
fail;13/9/2025 7:08;Visa;Tabriz;1768588.0;81
fail;4/9/2025 19:40;MastCard;Tehran;471227.0;10
fail;22/9/2025 11:11;MastCard;Ahvaz;0.0;82
success;14/9/2025 17:17;Amex;THR;343679.0;8
fail;16/9/2025 3:27;Discover;Mashhad;976246.0;26
fail;29/9/2025 11:11;Master Card;Tabriz;1472823.0;3
success;4/9/2025 2:37;Discover;Ahvaz;914282.0;59
fail;24/9/2025 2:20;Visa;Tehran;200000.0;89
success;25/9/2025 18:45;visa;TEHRAN;177050.0;3
success;1/9/2025 4:04;MastCard;THR;200000.0;38
fail;13/9/2025 16:40;MasterCard;Qom;0.0;2
fail;4/9/2025 19:51;nan;Tabriz;850000.0;100
fail;20/9/2025 19:29;Visa;Tehran;583952.0;17
fail;18/9/2025 21:23;Visa;nan;450000.0;73
success;6/9/2025 21:23;MastCard;Ahvaz;177050.0;36
failed;3/9/2025 5:23;Visa;Isfahan;0.0;87
fail;23/9/2025 6:30;nan;Tehran;100.5;96
fail;13/9/2025 21:23;Vsa;Shiraz;9999999999.0;99
failed;27/9/2025 14:11;Discover;ThRan;333333.0;89
fail;16/9/2025 8:08;Master-Card;Karaj;343679.0;73
fail;27/9/2025 2:30;Visa;Tehran;200000.0;2
success;5/9/2025 16:40;Amex;Isfahan;200000.0;85
success;4/9/2025 3:27;nan;Tehran;1502601.0;34
success;21/9/2025 11:11;Master-Card;TEHRAN;1305967.0;27
success;8/9/2025 7:07;Discover;Tabriz;177050.0;37
fail;19/9/2025 8:59;Visa;Karaj;585954.0;71
success;14/9/2025 12:34;Visa;Tehran;471227.0;22
fail;7/9/2025 23:17;MasterCard;Tehran;1050805.0;68
success;14/9/2025 12:34;Amex;Karaj;250000.0;14
failed;6/9/2025 11:11;Visa;karaj;850000.0;99
fail;12/9/2025 23:59;MasterCard;Tehran;300000.0;23
fail;16/9/2025 13:10;Vsa;Isfahan;1578078.0;44
fail;17/9/2025 2:24;MasterCard;Shiraz;-5000.0;90
fail;13/9/2025 11:11;Visa;Ahvaz;50200.0;65
fail;23/9/2025 13:13;Master Card;Shiraz;0.0;79
success;14/9/2025 0:00;Discover;Tehran;0.0;97
FAIL;29/9/2025 8:59;Vsa;Qom;0.0;78
fail;7/9/2025 16:16;Visa;THR;200000.0;61
fail;14/9/2025 14:11;MasterCard;THR;-5000.0;85
fail;15/9/2025 10:05;MasterCard;Qom;976246.0;55
fail;12/9/2025 13:13;MasterCard;nan;100.5;71
fail;17/9/2025 8:59;MasterCard;Tehran;1050805.0;85
success;9/9/2025 2:30;Visa;Mashhad;99999.0;50
fail;22/9/2025 23:59;MasterCard;Ahvaz;419089.0;12
succeed;15/9/2025 23:17;MasterCard;Tehran;1050805.0;79
success;12/9/2025 17:07;Visa;Tehran ;0.0;15
success;2/9/2025 13:10;visa;Isfahan;1158713.0;17
fail;5/9/2025 8:08;Master-Card;Isfahan;0.0;34
success;13/9/2025 9:45;Master-Card;Tabriz;471227.0;35
success;27/9/2025 5:56;MastCard;Tabriz;1578078.0;39
fail;20/9/2025 4:40;Visa;Qom;914282.0;78
fail;23/9/2025 19:29;Amex;Isfahan;900000.0;55
Success;8/9/2025 1:51;Vsa;Tehran;1387769.0;59
fail;27/9/2025 8:08;Visa;karaj;-999999.0;5
success;14/9/2025 11:11;MasterCard;Tehran;1000.0;30
fail;15/9/2025 13:13;MasterCard;karaj;-999999.0;4
fail;11/9/2025 14:30;Visa;Tabriz;443463.0;15
fail;1/9/2025 18:45;Discover;Mashhad;1.0;35
fail;21/9/2025 19:51;visa;Isfahan;1427657.0;74
success;3/9/2025 8:59;MastCard;Qom;-999999.0;55
success;17/9/2025 5:23;Discover;Ahvaz;0.0;66
success;28/9/2025 11:11;Amex;ThRan;177050.0;60
success;19/9/2025 0:00;Discover;Tabriz;-5000.0;24
fail;14/9/2025 8:08;Amex;Qom;1502601.0;93
success;22/9/2025 7:08;Master-Card;Mashhad;1463119.0;22
success;30/9/2025 2:37;Amex;nan;0.0;44
success;23/9/2025 12:12;MastCard;karaj;976246.0;32
success;8/9/2025 5:56;MasterCard;Isfahan;412308.0;96
success;13/9/2025 0:00;MasterCard;Mashhad;545116.0;83
fail;27/9/2025 14:11;MastCard;Tabriz;100.5;51
success;20/9/2025 19:51;Vsa;Ahvaz;177050.0;85
fail;3/9/2025 7:32;Amex;karaj;-5000.0;3
success;5/9/2025 2:20;VISA;Tehran ;200000.0;70
fail;9/9/2025 23:17;Vsa;Qom;0.0;32
failed;29/9/2025 2:24;Vsa;Shiraz;545116.0;2
success;6/9/2025 2:30;Vsa;Mashhad;583952.0;89
success;25/9/2025 14:55;Discover;Shiraz;9999999999.0;59
failed;22/9/2025 22:27;MasterCard;Isfahan;419089.0;92
failed;2/9/2025 19:40;Amex;Karaj;-999999.0;73
success;13/9/2025 16:16;MasterCard;Tehran;1305967.0;77
fail;5/9/2025 15:45;Vsa;Tehran;123456.0;14
failed;28/9/2025 3:00;Visa;Karaj;450000.0;51
success;27/9/2025 2:37;Visa;tehr@n;50200.0;11
success;25/9/2025 7:32;Master-Card;Shiraz;1305967.0;78
Success;8/9/2025 14:11;Visa;Karaj;774681.0;80
fail;23/9/2025 23:59;Visa;karaj;1.0;10
fail;1/9/2025 12:44;Discover;Isfahan;1782689.0;84
success;20/9/2025 23:17;MastCard;Tehran;450000.0;80
success;12/9/2025 3:27;Amex;tehr@n;976246.0;58
success;23/9/2025 14:11;Master Card;tehr@n;9999999999.0;34
success;11/9/2025 8:08;Visa;Isfahan;0.0;80
success;7/9/2025 4:40;Master-Card;Tabriz;343679.0;78
success;15/9/2025 13:10;Discover;TEHRAN;1387769.0;53
failed;22/9/2025 12:12;Discover;Karaj;1578078.0;28
fail;24/9/2025 9:09;MasterCard;Tehran;50200.0;18
success;11/9/2025 5:23;Visa;Tehran;583952.0;26
success;29/9/2025 20:20;Discover;ThRan;250000.0;7
success;22/9/2025 7:08;Discover;Tehran;100.5;45
fail;26/9/2025 20:33;Visa;Tabriz;976246.0;99
fail;16/9/2025 19:19;Master-Card;Qom;1.0;45
failed;3/9/2025 1:51;Discover;Tehran;100.5;71
fail;20/9/2025 15:45;visa;Tabriz;200000.0;98
fail;14/9/2025 0:00;Master-Card;Isfahan;1883871.0;35
fail;3/9/2025 0:00;Visa;Tabriz;9999999999.0;52
success;1/9/2025 11:11;MasterCard;Ahvaz;99999.0;21
success;26/9/2025 9:00;Amex;Mashhad;100000.0;28
success;21/9/2025 8:08;Vsa;Tabriz;-5000.0;97
fail;15/9/2025 6:30;Master-Card;Tabriz;914465.0;44
success;1/9/2025 12:12;Amex;Tehran;-999999.0;80
success;17/9/2025 19:51;Visa;Tehran;-999999.0;56
fail;2/9/2025 18:45;MasterCard;Karaj;205000.0;10
fail;29/9/2025 11:11;Master-Card;Tehran;555555.0;23
failed;20/9/2025 2:30;MastCard;Mashhad;1502601.0;48
success;6/9/2025 13:13;Master-Card;karaj;177050.0;52
success;8/9/2025 13:13;MastCard;Isfahan;1768588.0;15
fail;29/9/2025 2:37;Visa;Isfahan;1463119.0;55
failed;16/9/2025 2:30;VISA;THR;205000.0;43
success;19/9/2025 5:56;nan;THR;-999999.0;50
failed;1/9/2025 20:33;Visa;THR;100000.0;6
FAIL;3/9/2025 3:27;Visa;Qom;-999999.0;33
Success;28/9/2025 2:37;MasterCard;tehr@n;583952.0;62
failed;3/9/2025 7:08;MastCard;karaj;100000.0;55
fail;5/9/2025 12:12;Discover;Isfahan;1883871.0;39
failed;27/9/2025 14:55;Visa;Shiraz;1427657.0;12
fail;12/9/2025 21:23;MasterCard;Tehran;650000.0;31
failed;12/9/2025 6:30;Discover;Qom;0.0;74
fail;20/9/2025 18:00;Discover;Tabriz;583952.0;53
success;13/9/2025 3:00;Amex;Tabriz;0.0;34
fail;20/9/2025 20:33;Master-Card;Tehran;-5000.0;41
success;9/9/2025 18:45;Amex;Isfahan;1427657.0;10
fail;7/9/2025 6:30;MastCard;Mashhad;0.0;52
success;4/9/2025 11:11;Amex;Qom;0.0;75
failed;19/9/2025 4:04;Amex;Tabriz;583952.0;57
success;22/9/2025 9:45;Discover;Ahvaz;100000.0;78
fail;19/9/2025 1:01;Discover;Mashhad;1768588.0;3
fail;6/9/2025 4:40;Discover;Shiraz;914465.0;57
fail;27/9/2025 14:11;nan;Tabriz;177050.0;33
success;13/9/2025 14:11;Vsa;karaj;9999999999.0;7
FAIL;11/9/2025 12:44;Amex;Shiraz;-5000.0;4
success;13/9/2025 19:51;nan;THR;900000.0;39
fail;13/9/2025 8:08;Master-Card;Tehran;1502601.0;48
fail;28/9/2025 14:00;nan;Isfahan;450000.0;74
FAIL;25/9/2025 4:04;Visa;Tehran;0.0;79
fail;22/9/2025 18:45;MastCard;Tabriz;545116.0;16
success;28/9/2025 23:59;Amex;Isfahan;583952.0;38
fail;20/9/2025 2:30;MastCard;TEHRAN;0.0;4
success;15/9/2025 3:27;Discover;Qom;1305967.0;4
failed;21/9/2025 0:00;MastCard;Tabriz;1050805.0;27
fail;13/9/2025 4:04;MasterCard;Karaj;177050.0;87
success;22/9/2025 14:11;Vsa;Tehran;471227.0;87
success;11/9/2025 2:30;Vsa;Isfahan;1463119.0;17
fail;19/9/2025 13:13;Visa;Qom;1463119.0;99
fail;8/9/2025 8:08;Visa;Qom;343679.0;97
success;20/9/2025 2:20;MastCard;Shiraz;1000.0;70
fail;8/9/2025 23:59;Amex;Tabriz;99999.0;54
failed;10/9/2025 21:10;Amex;Isfahan;-5000.0;98
fail;26/9/2025 2:24;MastCard;tehr@n;250000.0;8
fail;16/9/2025 8:59;Master-Card;Tehran ;177050.0;53
fail;19/9/2025 1:01;Discover;Tabriz;0.0;5
fail;26/9/2025 19:29;Amex;Shiraz;914465.0;69
success;23/9/2025 19:19;Vsa;Tabriz;585954.0;47
fail;11/9/2025 4:15;Master-Card;Isfahan;300000.0;74
success;13/9/2025 6:06;Discover;Ahvaz;-999999.0;40
Success;28/9/2025 5:56;Visa;Mashhad;200000.0;7
success;9/9/2025 14:00;Discover;THR;914465.0;12
fail;20/9/2025 14:11;Master Card;Shiraz;900000.0;95
Success;24/9/2025 4:04;MasterCard;Shiraz;5000.0;25
fail;19/9/2025 10:48;MasterCard;Tehran;100000.0;28
success;16/9/2025 7:07;Visa;Ahvaz;1578078.0;43
success;7/9/2025 14:02;Visa;Tehran ;976246.0;77
fail;19/9/2025 0:00;MastCard;Mashhad;850000.0;47
failed;12/9/2025 19:29;Amex;Tehran;583952.0;49
fail;15/9/2025 16:16;Amex;Tehran ;583952.0;87
success;23/9/2025 17:17;Visa;Tabriz;450000.0;54
fail;14/9/2025 2:30;Discover;Isfahan;0.0;18
failed;11/9/2025 18:45;Vsa;Tehran;177050.0;27
success;26/9/2025 19:51;Visa;Tehran;412308.0;72
fail;10/9/2025 11:11;Master-Card;Tabriz;-5000.0;6
success;27/9/2025 19:51;Visa;Qom;585954.0;75
success;11/9/2025 12:12;Visa;Qom;120000.0;94
success;6/9/2025 14:55;MasterCard;Shiraz;-5000.0;69
success;2/9/2025 7:08;Master Card;Qom;100.5;71
success;11/9/2025 20:33;Discover;Mashhad;100000.0;22
fail;19/9/2025 3:27;Amex;Ahvaz;1387769.0;59
success;6/9/2025 5:23;Amex;tehr@n;0.0;47
success;14/9/2025 22:27;Visa;Tabriz;50200.0;68
success;20/9/2025 10:48;Discover;Tehran;-5000.0;32
failed;6/9/2025 5:56;nan;Isfahan;471227.0;83
fail;17/9/2025 19:29;Visa;Tehran;0.0;98
fail;10/9/2025 19:40;MastCard;THR;-5000.0;1
fail;28/9/2025 16:40;VISA;Tabriz;419089.0;54
fail;1/9/2025 11:11;Visa;Qom;250000.0;46
fail;3/9/2025 2:20;MasterCard;Tehran;177050.0;41
succeed;8/9/2025 1:51;Visa;Qom;5000.0;41
fail;8/9/2025 0:00;Visa;Tehran;177050.0;8
success;27/9/2025 14:00;Visa;Ahvaz;12345.0;32
fail;20/9/2025 12:12;Amex;tehr@n;471227.0;30
success;22/9/2025 1:01;MastCard;Tabriz;1387769.0;46
succeed;15/9/2025 10:48;MastCard;Tabriz;9999999999.0;93
fail;24/9/2025 5:23;nan;Mashhad;63489.0;52
failed;7/9/2025 2:24;Visa;Shiraz;-5000.0;97
succeed;11/9/2025 2:37;Discover;Tehran;650000.0;90
success;7/9/2025 9:09;Discover;Ahvaz;976246.0;99
fail;29/9/2025 13:13;Visa;Tehran;0.0;61
success;4/9/2025 1:01;Visa;Tehran;-999999.0;98
failed;25/9/2025 9:09;MasterCard;Mashhad;12345.0;13
fail;12/9/2025 14:11;Vsa;Tehran;976246.0;90
success;26/9/2025 10:48;Master Card;Karaj;100000.0;40
fail;6/9/2025 2:30;Visa;Tehran;914282.0;61
fail;14/9/2025 1:51;Vsa;karaj;9999999999.0;44
failed;12/9/2025 19:51;Vsa;Mashhad;-5000.0;62
success;11/9/2025 2:24;Discover;Qom;0.0;44
fail;19/9/2025 19:51;Visa;Tehran;-1.0;48
success;21/9/2025 14:11;visa;Tehran;900000.0;74
fail;5/9/2025 6:30;Amex;Shiraz;0.0;59
fail;14/9/2025 12:34;visa;Tabriz;9999999999.0;57
success;21/9/2025 19:51;MasterCard;Isfahan;9999999999.0;96
success;24/9/2025 20:33;MasterCard;Mashhad;443463.0;11
fail;16/9/2025 19:51;Discover;Tabriz;100.5;25
fail;25/9/2025 8:08;visa;Ahvaz;1578078.0;61
success;13/9/2025 14:11;Discover;tehr@n;0.0;46
failed;25/9/2025 8:59;Visa;Isfahan;205000.0;54
failed;29/9/2025 19:51;MasterCard;TEHRAN;63489.0;34
fail;22/9/2025 19:51;Discover;THR;900000.0;84
success;22/9/2025 19:29;Discover;Tehran;1463119.0;7
failed;25/9/2025 13:10;Amex;Tehran;333333.0;98
success;20/9/2025 10:05;Discover;Mashhad;976246.0;62
Success;22/9/2025 5:56;MasterCard;Mashhad;583952.0;57
failed;4/9/2025 21:21;Visa;Isfahan;1387769.0;100
fail;11/9/2025 12:12;Amex;Tabriz;177050.0;94
fail;17/9/2025 16:40;Visa;Isfahan;300000.0;76
fail;7/9/2025 4:40;Visa;Karaj;0.0;5
fail;14/9/2025 16:40;MastCard;Tehran;585954.0;76
failed;26/9/2025 1:01;Discover;Karaj;471227.0;94
Success;11/9/2025 12:44;Visa;TEHRAN;914465.0;35
fail;28/9/2025 14:11;Amex;Ahvaz;850000.0;84
success;22/9/2025 15:45;Visa;Tehran;200000.0;37
success;9/9/2025 5:23;Discover;Tehran;1578078.0;60
fail;23/9/2025 22:27;Amex;Mashhad;100.5;65
success;13/9/2025 4:15;MastCard;tehr@n;419089.0;16
Success;23/9/2025 12:44;MastCard;karaj;1305967.0;30
fail;18/9/2025 0:00;MasterCard;Qom;0.0;73
fail;28/9/2025 17:17;MasterCard;Tehran;1578078.0;42
fail;11/9/2025 7:08;Vsa;Karaj;450000.0;61
fail;15/9/2025 16:40;Visa;karaj;1050805.0;74
fail;25/9/2025 17:17;Visa;tehr@n;1463119.0;77
success;26/9/2025 3:27;Amex;Shiraz;583952.0;48
success;25/9/2025 10:05;MasterCard;Mashhad;0.0;62
success;22/9/2025 12:12;MastCard;Shiraz;0.0;84
fail;29/9/2025 0:00;Discover;tehr@n;650000.0;94
fail;19/9/2025 13:10;Discover;Shiraz;0.0;64
failed;1/9/2025 9:45;Master-Card;Tabriz;419089.0;57
failed;4/9/2025 6:06;MasterCard;Shiraz;100.5;68
fail;14/9/2025 16:40;Amex;THR;1463119.0;46
fail;14/9/2025 21:23;Visa;Qom;-999999.0;28
failed;3/9/2025 13:10;Visa;Mashhad;1427657.0;77
fail;30/9/2025 20:20;Visa;Karaj;976246.0;3
fail;28/9/2025 14:30;MasterCard;Shiraz;-1.0;37
success;17/9/2025 20:20;visa;Tehran;-5000.0;48
fail;3/9/2025 18:00;Master-Card;Karaj;850000.0;19
fail;16/9/2025 9:09;Amex;Isfahan;343679.0;93
success;14/9/2025 7:07;Master-Card;tehr@n;-5000.0;83
success;30/9/2025 16:40;Amex;Tehran ;1387769.0;17
failed;20/9/2025 10:48;Discover;Mashhad;419089.0;82
FAIL;29/9/2025 2:30;Visa;Tehran ;123456.0;82
fail;13/9/2025 9:00;Amex;Tabriz;177050.0;88
fail;15/9/2025 14:11;Visa;Karaj;1883871.0;40
success;14/9/2025 3:00;MasterCard;Tehran;1158713.0;50
success;24/9/2025 0:00;Vsa;Tehran;-5000.0;73
fail;25/9/2025 10:05;Visa;THR;1578078.0;29
fail;19/9/2025 3:27;Visa;TEHRAN;1578078.0;51
fail;6/9/2025 14:55;Visa;Mashhad;-999999.0;42
success;10/9/2025 20:20;Amex;Isfahan;1768588.0;29
fail;27/9/2025 19:51;Discover;Mashhad;555555.0;66
FAIL;15/9/2025 9:00;MasterCard;THR;50200.0;17
fail;21/9/2025 17:07;Discover;Tabriz;-5000.0;31
succeed;22/9/2025 21:10;MasterCard;Tabriz;1578078.0;93
failed;20/9/2025 13:13;Discover;Ahvaz;0.0;52
success;26/9/2025 5:23;visa;tehr@n;-5000.0;39
success;6/9/2025 12:44;MasterCard;Tehran;1578078.0;60
success;23/9/2025 14:11;MastCard;Ahvaz;63489.0;95
fail;25/9/2025 13:13;MastCard;Shiraz;0.0;100
fail;10/9/2025 13:10;MasterCard;Tabriz;200000.0;51
success;7/9/2025 23:59;Discover;Ahvaz;99999.0;84
success;22/9/2025 3:00;MasterCard;Karaj;5000.0;16
success;17/9/2025 22:27;MastCard;Tehran;850000.0;99
success;18/9/2025 2:30;MasterCard;Mashhad;1463119.0;14
success;17/9/2025 19:29;Visa;Ahvaz;1578078.0;91
success;9/9/2025 21:23;Visa;Tehran;471227.0;84
success;10/9/2025 10:48;Discover;Mashhad;1387769.0;42
success;10/9/2025 8:59;Visa;Tehran;300000.0;51
failed;25/9/2025 17:17;Master-Card;Tabriz;1782689.0;24
success;7/9/2025 23:59;Visa;Tabriz;-5000.0;82
success;16/9/2025 9:00;MasterCard;Mashhad;333333.0;43
success;29/9/2025 2:37;MastCard;Tehran;0.0;73
success;18/9/2025 17:07;Vsa;Isfahan;-5000.0;19
success;6/9/2025 21:23;MasterCard;Tabriz;100.5;84
fail;27/9/2025 9:00;Visa;Karaj;1578078.0;61
succeed;20/9/2025 13:10;Discover;Karaj;555555.0;95
fail;1/9/2025 12:12;MasterCard;Tehran;412308.0;63
fail;1/9/2025 0:00;Discover;tehr@n;850000.0;26
fail;12/9/2025 2:20;Discover;Karaj;1000.0;96
fail;21/9/2025 22:27;Visa;Shiraz;1050805.0;35
failed;28/9/2025 19:51;nan;Mashhad;976246.0;67
success;2/9/2025 4:04;Visa;Tehran;300000.0;56
failed;4/9/2025 12:34;MasterCard;Tehran ;100.5;40
fail;17/9/2025 6:30;visa;Tehran;1578078.0;29
fail;4/9/2025 7:32;Amex;Karaj;250000.0;6
fail;11/9/2025 9:45;Discover;Mashhad;343679.0;52
success;22/9/2025 9:45;Visa;TEHRAN;200000.0;1
failed;26/9/2025 12:44;VISA;Isfahan;1158713.0;52
success;4/9/2025 19:40;Visa;Mashhad;650000.0;24
fail;1/9/2025 4:40;MastCard;Karaj;583952.0;34
FAIL;7/9/2025 8:08;Master-Card;Tehran;650000.0;7
fail;30/9/2025 2:37;Visa;Tehran;0.0;75
success;18/9/2025 3:27;MastCard;Tabriz;0.0;11
success;9/9/2025 14:30;visa;Tehran;1.0;36
fail;29/9/2025 10:48;Amex;Tehran;-5000.0;20
fail;3/9/2025 19:19;MasterCard;Shiraz;-5000.0;63
fail;8/9/2025 23:59;Master-Card;Ahvaz;1472823.0;80
failed;29/9/2025 14:02;Amex;tehr@n;-5000.0;63
success;24/9/2025 7:08;MastCard;Isfahan;850000.0;69
failed;19/9/2025 3:27;Amex;Tabriz;63489.0;89
success;4/9/2025 19:40;Visa;THR;177050.0;30
success;18/9/2025 4:40;Visa;karaj;99999.0;30
success;20/9/2025 13:13;Visa;Shiraz;9999999999.0;98
failed;27/9/2025 21:10;Visa;Tabriz;471227.0;84
fail;11/9/2025 15:45;Visa;TEHRAN;419089.0;22
fail;27/9/2025 9:09;MasterCard;Tehran;200000.0;61
success;14/9/2025 2:30;Visa;Tehran;583952.0;21
Success;25/9/2025 10:05;Master-Card;Ahvaz;1578078.0;37
succeed;18/9/2025 21:21;MastCard;Qom;545116.0;27
success;28/9/2025 21:23;Amex;Tabriz;471227.0;35
fail;28/9/2025 8:59;MasterCard;Shiraz;9999999999.0;38
fail;29/9/2025 0:00;Discover;Ahvaz;99999.0;60
Success;16/9/2025 4:15;MasterCard;karaj;419089.0;70
success;3/9/2025 16:40;Amex;Tabriz;1782689.0;32
fail;15/9/2025 14:02;Vsa;Tehran;976246.0;80
Success;27/9/2025 7:08;Visa;Mashhad;177050.0;93
fail;27/9/2025 14:55;MastCard;THR;471227.0;80
success;4/9/2025 4:15;MastCard;Tabriz;471227.0;27
success;5/9/2025 11:11;Amex;Isfahan;1158713.0;3
fail;17/9/2025 14:55;Visa;Tabriz;0.0;49
fail;7/9/2025 1:51;MasterCard;Tehran;0.0;85
fail;16/9/2025 14:30;MasterCard;TEHRAN;450000.0;30
success;14/9/2025 19:51;MasterCard;Tehran;177050.0;22
success;26/9/2025 8:08;MasterCard;Ahvaz;12345.0;19
fail;16/9/2025 16:40;Visa;Isfahan;343679.0;31
FAIL;7/9/2025 17:17;Visa;Tabriz;200000.0;20
fail;9/9/2025 19:29;Visa;tehr@n;1158713.0;19
fail;4/9/2025 23:17;Discover;Shiraz;250000.0;2
fail;30/9/2025 14:55;Discover;Karaj;774681.0;40
fail;30/9/2025 0:00;Discover;Ahvaz;100.5;39
succeed;22/9/2025 3:27;Visa;Isfahan;443463.0;92
fail;11/9/2025 7:08;MastCard;Qom;1578078.0;72
success;2/9/2025 17:07;Vsa;Tabriz;976246.0;54
failed;12/9/2025 20:33;Discover;karaj;1578078.0;27
success;12/9/2025 9:45;Discover;Qom;177050.0;79
fail;30/9/2025 19:40;Vsa;Tabriz;1387769.0;12
failed;4/9/2025 8:08;Amex;TEHRAN;976246.0;78
success;18/9/2025 12:44;Discover;Qom;1427657.0;71
fail;26/9/2025 10:05;MastCard;Mashhad;419089.0;17
success;21/9/2025 7:32;Discover;Tehran;583952.0;91
Success;7/9/2025 19:29;Amex;TEHRAN;583952.0;84
success;29/9/2025 23:17;visa;tehr@n;63489.0;10
success;1/9/2025 19:51;Discover;Qom;120000.0;19
FAIL;26/9/2025 12:44;nan;Isfahan;1463119.0;82
success;26/9/2025 1:01;Discover;Isfahan;100.5;30
fail;23/9/2025 9:09;MasterCard;Tabriz;419089.0;30
fail;26/9/2025 19:29;MasterCard;Qom;50200.0;25
success;13/9/2025 21:21;Vsa;Tehran;1768588.0;89
fail;6/9/2025 21:10;Visa;TEHRAN;585954.0;74
Success;6/9/2025 13:10;Amex;Tehran;0.0;66
success;12/9/2025 3:27;MastCard;Karaj;1305967.0;97
success;8/9/2025 16:16;MasterCard;Tabriz;100.5;35
success;24/9/2025 7:32;Visa;Tabriz;976246.0;51
success;22/9/2025 2:37;Discover;Qom;9999999999.0;71
fail;19/9/2025 3:27;MastCard;Ahvaz;-5000.0;71
fail;5/9/2025 9:45;Master-Card;Karaj;1463119.0;27
success;18/9/2025 2:30;MasterCard;Tabriz;300000.0;10
failed;30/9/2025 19:29;Amex;Tabriz;1502601.0;98
success;5/9/2025 7:08;Visa;THR;-5000.0;43
fail;30/9/2025 23:59;MasterCard;Karaj;-5000.0;55
fail;25/9/2025 2:30;Discover;Karaj;471227.0;71
failed;10/9/2025 7:08;Amex;Tabriz;177050.0;6
Success;1/9/2025 14:30;visa;Ahvaz;419089.0;6
fail;10/9/2025 23:59;Vsa;Isfahan;177050.0;77
success;5/9/2025 4:40;Visa;Isfahan;1578078.0;48
success;12/9/2025 14:11;Amex;Tabriz;1050805.0;77
success;22/9/2025 20:33;Visa;Tehran;250000.0;2
failed;30/9/2025 21:21;Discover;Isfahan;1782689.0;83
fail;27/9/2025 1:51;Visa;Tehran;123456.0;51
success;7/9/2025 0:00;Discover;Mashhad;1578078.0;61
fail;9/9/2025 13:10;MastCard;Karaj;1463119.0;19
fail;22/9/2025 8:59;MasterCard;Tehran ;300000.0;2
success;21/9/2025 4:04;nan;Tehran;976246.0;51
fail;12/9/2025 2:37;Visa;Tabriz;1.0;26
success;23/9/2025 11:11;Discover;Mashhad;50200.0;70
fail;29/9/2025 19:51;Discover;Tehran;850000.0;20
success;1/9/2025 10:48;Discover;Tehran;100.5;23
fail;11/9/2025 8:08;visa;Mashhad;850000.0;54
success;30/9/2025 23:59;Discover;Qom;774681.0;15
success;21/9/2025 5:56;Master Card;karaj;9999999999.0;6
FAIL;15/9/2025 9:09;Discover;nan;0.0;93
Success;2/9/2025 8:59;Visa;Ahvaz;585954.0;35
fail;20/9/2025 7:08;Visa;Tabriz;555555.0;75
fail;7/9/2025 1:01;Master-Card;Ahvaz;850000.0;8
success;21/9/2025 19:19;Visa;Qom;1387769.0;57
success;12/9/2025 2:37;VISA;Mashhad;1768588.0;50
fail;22/9/2025 12:12;MasterCard;tehr@n;-999999.0;49
fail;18/9/2025 9:09;Discover;Karaj;200000.0;89
success;3/9/2025 2:30;Amex;Karaj;1472823.0;21
Success;7/9/2025 0:00;Visa;Tehran;419089.0;36
failed;11/9/2025 18:45;Visa;THR;250000.0;71
fail;18/9/2025 2:54;Vsa;Ahvaz;1768588.0;69
fail;12/9/2025 19:51;MasterCard;Tabriz;0.0;58
fail;6/9/2025 8:59;MasterCard;Tabriz;99999.0;63
success;5/9/2025 8:59;Visa;Tehran;200000.0;94
success;26/9/2025 12:34;Visa;Tehran;1387769.0;16
failed;1/9/2025 8:08;Discover;Shiraz;177050.0;6
success;12/9/2025 12:12;MasterCard;Tehran;-5000.0;78
fail;27/9/2025 2:20;MastCard;TEHRAN;471227.0;52
fail;26/9/2025 10:48;MasterCard;karaj;583952.0;2
Success;11/9/2025 15:45;Vsa;Isfahan;-5000.0;90
fail;4/9/2025 10:48;Visa;Isfahan;452545.0;96
fail;27/9/2025 18:00;Visa;Tabriz;545116.0;77
success;18/9/2025 2:30;Visa;Tehran;471227.0;18
success;4/9/2025 19:40;Vsa;Tehran;976246.0;81
Success;17/9/2025 9:45;MastCard;Mashhad;0.0;93
fail;2/9/2025 7:08;Visa;tehr@n;0.0;76
success;29/9/2025 13:13;Visa;TEHRAN;443463.0;35
success;24/9/2025 13:13;MastCard;karaj;0.0;87
Success;22/9/2025 9:09;Master-Card;Shiraz;343679.0;39
success;2/9/2025 21:21;MastCard;THR;650000.0;1
failed;12/9/2025 3:27;Visa;Mashhad;-5000.0;37
fail;6/9/2025 19:51;Amex;Tehran;0.0;21
failed;10/9/2025 10:05;MastCard;Karaj;443463.0;1
success;25/9/2025 12:44;Discover;TEHRAN;177050.0;4
fail;23/9/2025 3:00;MasterCard;Tehran;1463119.0;97
fail;25/9/2025 9:00;Discover;Tabriz;177050.0;58
success;21/9/2025 16:40;Visa;Tabriz;585954.0;1
fail;23/9/2025 21:23;VISA;Tehran;1387769.0;13
failed;27/9/2025 3:27;nan;Tabriz;50200.0;46
success;16/9/2025 2:37;MasterCard;Isfahan;1782689.0;47
fail;14/9/2025 12:12;Visa;tehr@n;0.0;81
success;7/9/2025 9:45;MastCard;THR;250000.0;76
fail;28/9/2025 23:59;Discover;tehr@n;12345.0;7
success;28/9/2025 9:00;Visa;Tehran;583952.0;51
success;19/9/2025 19:40;Discover;Tehran;850000.0;3
failed;23/9/2025 18:45;MasterCard;Tehran;0.0;50
success;17/9/2025 21:23;Visa;TEHRAN;1578078.0;26
failed;9/9/2025 19:40;Amex;Tehran;-999999.0;31
success;26/9/2025 4:40;Visa;Qom;200000.0;62
success;13/9/2025 19:51;Master-Card;Tabriz;200000.0;26
success;22/9/2025 22:27;nan;Tehran;0.0;67
success;5/9/2025 14:00;MastCard;Tehran;123456.0;55
fail;23/9/2025 11:11;MasterCard;Karaj;1387769.0;28
failed;5/9/2025 14:30;Discover;Tehran;-5000.0;44
success;10/9/2025 10:48;MastCard;Tabriz;205000.0;81
fail;21/9/2025 16:16;nan;Isfahan;1.0;38
succeed;27/9/2025 14:00;Visa;Shiraz;-5000.0;30
fail;10/9/2025 13:10;MasterCard;Mashhad;1050805.0;66
Success;27/9/2025 18:12;Discover;tehr@n;-5000.0;8
fail;7/9/2025 23:59;Discover;Isfahan;-999999.0;14
success;26/9/2025 10:48;MasterCard;Tehran;-5000.0;100
success;15/9/2025 8:08;Master Card;Qom;-5000.0;62
success;7/9/2025 14:30;Discover;Mashhad;-999999.0;75
fail;29/9/2025 20:33;MasterCard;Ahvaz;-5000.0;63
fail;27/9/2025 13:10;Master Card;tehr@n;-999999.0;79
fail;15/9/2025 18:12;MasterCard;karaj;976246.0;66
failed;3/9/2025 19:51;Master-Card;Isfahan;1782689.0;97
fail;19/9/2025 19:19;Visa;Tabriz;1050805.0;40
success;10/9/2025 6:30;Master Card;TEHRAN;471227.0;13
failed;28/9/2025 3:27;Visa;Isfahan;976246.0;17
failed;29/9/2025 19:51;visa;Ahvaz;1387769.0;15
fail;15/9/2025 12:12;Visa;ThRan;0.0;33
failed;3/9/2025 18:00;MasterCard;Qom;250000.0;16
fail;6/9/2025 0:00;Discover;Mashhad;1.0;13
success;12/9/2025 2:37;MasterCard;Karaj;63489.0;87
success;15/9/2025 19:51;Discover;Tehran;100.5;23
fail;6/9/2025 4:40;VISA;Mashhad;585954.0;36
fail;13/9/2025 15:45;Discover;Tabriz;452545.0;43
success;29/9/2025 3:27;Amex;Tehran;0.0;50
success;19/9/2025 20:33;Visa;Shiraz;5000.0;74
Success;3/9/2025 11:11;Vsa;Qom;1000.0;81
fail;8/9/2025 21:21;MasterCard;Ahvaz;914282.0;95
Success;8/9/2025 6:30;VISA;THR;419089.0;13
success;23/9/2025 6:06;MasterCard;Tabriz;9999999999.0;30
FAIL;26/9/2025 8:08;Visa;Ahvaz;1883871.0;57
success;20/9/2025 7:07;Discover;Isfahan;1883871.0;30
failed;15/9/2025 5:56;MastCard;Shiraz;1768588.0;71
fail;4/9/2025 2:30;Amex;THR;-5000.0;10
success;19/9/2025 9:09;Vsa;Tabriz;-999999.0;100
fail;21/9/2025 13:13;Visa;Qom;177050.0;66
fail;3/9/2025 2:30;Amex;Mashhad;12345.0;95
success;13/9/2025 14:55;nan;Ahvaz;-999999.0;83
success;8/9/2025 10:48;Visa;Karaj;-5000.0;39
fail;23/9/2025 7:32;Visa;Ahvaz;914465.0;37
success;16/9/2025 17:17;MastCard;Tabriz;250000.0;3
success;13/9/2025 2:37;Discover;Karaj;-999999.0;90
fail;3/9/2025 6:30;Amex;Qom;0.0;34
success;16/9/2025 3:27;MasterCard;Mashhad;1502601.0;87
success;9/9/2025 2:37;visa;Isfahan;583952.0;38
fail;28/9/2025 14:02;Master-Card;Tabriz;914465.0;14
success;14/9/2025 2:30;MastCard;Tehran;914465.0;64
success;13/9/2025 23:17;Discover;Tehran;774681.0;39
failed;21/9/2025 13:13;Discover;Tehran;1578078.0;54
fail;25/9/2025 22:27;Master-Card;karaj;-999999.0;2
failed;7/9/2025 2:30;Amex;THR;-5000.0;97
fail;15/9/2025 4:04;Vsa;karaj;9999999999.0;43
fail;7/9/2025 2:20;MasterCard;karaj;177050.0;53
fail;6/9/2025 3:27;Visa;Tabriz;100.5;3
failed;2/9/2025 13:10;Discover;Mashhad;0.0;41
success;9/9/2025 5:23;Visa;TEHRAN;200000.0;8
fail;22/9/2025 19:19;Vsa;Ahvaz;412308.0;91
fail;24/9/2025 18:00;MastCard;Tehran;0.0;97
fail;17/9/2025 1:01;Visa;Mashhad;450000.0;75
fail;5/9/2025 8:59;Amex;Tehran;9999999999.0;63
success;12/9/2025 17:17;Master-Card;Tabriz;1768588.0;65
success;1/9/2025 4:04;MastCard;Isfahan;-999999.0;79
Success;10/9/2025 12:12;MasterCard;TEHRAN;1578078.0;4
Success;11/9/2025 17:07;Discover;Shiraz;200000.0;68
success;16/9/2025 21:23;Master-Card;Isfahan;914465.0;93
fail;14/9/2025 18:45;MasterCard;Mashhad;-5000.0;10
fail;8/9/2025 10:48;Master-Card;karaj;1387769.0;75
success;24/9/2025 9:45;Vsa;Tabriz;177050.0;50
success;17/9/2025 14:11;Vsa;Shiraz;200000.0;23
success;25/9/2025 13:13;visa;Tabriz;583952.0;61
FAIL;18/9/2025 18:12;MastCard;Mashhad;-5000.0;47
failed;12/9/2025 19:19;Visa;Tehran;452545.0;3
fail;25/9/2025 4:04;Visa;THR;412308.0;17
fail;17/9/2025 2:37;Visa;Tehran;-5000.0;22
failed;28/9/2025 7:08;Visa;Tabriz;-5000.0;92
failed;26/9/2025 9:00;Visa;Isfahan;250000.0;16
fail;14/9/2025 5:56;MasterCard;Shiraz;585954.0;80
success;16/9/2025 21:23;Visa;Karaj;343679.0;3
success;14/9/2025 1:01;MasterCard;Tehran;1472823.0;52
success;9/9/2025 4:40;Master-Card;Tehran;343679.0;33
fail;4/9/2025 1:51;MastCard;Ahvaz;5000.0;42
failed;25/9/2025 21:21;Master Card;Karaj;1768588.0;2
success;23/9/2025 19:51;Visa;karaj;123456.0;39
fail;11/9/2025 2:24;MasterCard;Shiraz;100000.0;46
success;6/9/2025 20:20;Discover;Ahvaz;914282.0;48
success;15/9/2025 14:02;MasterCard;Isfahan;120000.0;27
failed;5/9/2025 15:45;Amex;Qom;650000.0;15
fail;11/9/2025 10:05;Visa;Ahvaz;452545.0;7
succeed;25/9/2025 8:59;Discover;Tehran;343679.0;57
fail;18/9/2025 19:51;MastCard;Isfahan;774681.0;42
success;30/9/2025 0:00;Vsa;Karaj;-1.0;9
success;13/9/2025 18:45;Amex;Mashhad;-1.0;6
success;11/9/2025 8:08;Discover;Karaj;412308.0;57
success;14/9/2025 11:11;MasterCard;Tabriz;0.0;76
failed;28/9/2025 22:27;Visa;Tehran;1578078.0;30
success;18/9/2025 21:10;Master Card;Tehran;1305967.0;55
success;27/9/2025 19:29;Master-Card;tehr@n;914465.0;84
fail;28/9/2025 19:51;Visa;tehr@n;585954.0;84
fail;25/9/2025 13:10;Visa;Tabriz;914465.0;54
fail;28/9/2025 7:32;Amex;Tehran;333333.0;27
Success;19/9/2025 21:21;Discover;Tehran;-999999.0;84
success;24/9/2025 14:30;nan;Tabriz;-999999.0;59
FAIL;27/9/2025 21:23;MastCard;Isfahan;9999999999.0;7
fail;15/9/2025 21:21;Discover;Tabriz;1427657.0;40
success;9/9/2025 2:37;Visa;Ahvaz;0.0;95
fail;8/9/2025 2:20;Vsa;Ahvaz;-5000.0;72
success;20/9/2025 12:34;MasterCard;Tehran;-999999.0;2
fail;28/9/2025 7:08;Amex;Karaj;583952.0;14
fail;1/9/2025 6:30;Discover;Mashhad;123456.0;10
success;4/9/2025 23:59;Visa;Tehran;1.0;50
fail;14/9/2025 2:24;MastCard;Karaj;774681.0;18
success;25/9/2025 7:07;MasterCard;Tehran;-5000.0;18
success;2/9/2025 23:17;Discover;Tehran;850000.0;16
success;16/9/2025 8:08;Visa;Tehran;100.5;52
succeed;3/9/2025 1:51;Amex;tehr@n;976246.0;69
fail;26/9/2025 0:00;MastCard;Karaj;850000.0;52
success;8/9/2025 16:40;Discover;Isfahan;100000.0;31
failed;6/9/2025 21:23;MastCard;karaj;1050805.0;84
success;16/9/2025 18:00;Visa;Tabriz;100.5;23
fail;24/9/2025 11:11;Discover;tehr@n;0.0;97
failed;16/9/2025 4:40;MastCard;Karaj;1883871.0;42
fail;7/9/2025 19:40;Amex;Qom;1502601.0;81
fail;30/9/2025 1:51;Discover;Ahvaz;0.0;62
fail;13/9/2025 2:37;Visa;Shiraz;-5000.0;77
fail;13/9/2025 23:17;Visa;THR;-5000.0;50
fail;5/9/2025 2:37;Vsa;karaj;100.5;77
fail;25/9/2025 18:00;Visa;Tehran;583952.0;81
success;20/9/2025 18:45;Visa;Tabriz;1158713.0;15
fail;22/9/2025 2:20;Discover;Tehran;100.5;91
fail;18/9/2025 1:01;MasterCard;Tabriz;9999999999.0;44
success;15/9/2025 1:01;Vsa;Isfahan;-999999.0;93
fail;18/9/2025 7:08;Discover;Tehran;1883871.0;42
fail;2/9/2025 19:51;MasterCard;Tabriz;650000.0;45
success;10/9/2025 21:23;Visa;Ahvaz;333333.0;95
fail;23/9/2025 23:59;MasterCard;karaj;250000.0;35
fail;13/9/2025 14:30;Visa;Tehran;-5000.0;22
success;18/9/2025 21:23;Visa;Tehran;585954.0;74
success;15/9/2025 11:11;Discover;Tehran;1578078.0;75
success;12/9/2025 14:11;MastCard;THR;914282.0;38
Success;15/9/2025 12:12;MastCard;Mashhad;1578078.0;98
success;13/9/2025 11:11;MasterCard;ThRan;-999999.0;70
success;18/9/2025 11:11;Visa;THR;123456.0;64
fail;15/9/2025 4:40;Discover;TEHRAN;1158713.0;7
success;25/9/2025 23:17;MasterCard;Tehran;1158713.0;44
fail;23/9/2025 23:59;Master-Card;Mashhad;300000.0;76
success;11/9/2025 10:05;VISA;nan;63489.0;7
success;19/9/2025 19:19;Amex;Tehran;1578078.0;66
success;3/9/2025 14:55;Discover;Qom;100.5;60
Success;7/9/2025 6:30;MastCard;Isfahan;5000.0;1
Success;21/9/2025 0:00;Discover;Isfahan;300000.0;62
fail;26/9/2025 10:05;Amex;TEHRAN;1768588.0;88
fail;14/9/2025 4:04;Discover;Qom;850000.0;90
failed;14/9/2025 12:12;Discover;Ahvaz;100.5;18
success;22/9/2025 9:00;Visa;Shiraz;452545.0;7
success;13/9/2025 17:17;MasterCard;Mashhad;914465.0;54
success;12/9/2025 14:11;Amex;Ahvaz;452545.0;67
success;24/9/2025 3:27;Vsa;Tehran ;-999999.0;94
FAIL;9/9/2025 17:17;Vsa;Tehran ;0.0;10
success;1/9/2025 1:01;visa;Ahvaz;914465.0;61
success;19/9/2025 18:00;Visa;Mashhad;452545.0;59
success;11/9/2025 23:59;MasterCard;Tehran;585954.0;59
failed;23/9/2025 4:15;MasterCard;Tehran;1463119.0;69
success;22/9/2025 7:08;Vsa;Tabriz;0.0;63
success;23/9/2025 18:12;Discover;Isfahan;1050805.0;99
FAIL;24/9/2025 23:59;Visa;Tehran;-999999.0;8
success;22/9/2025 14:55;Discover;Tabriz;412308.0;78
fail;19/9/2025 23:17;visa;Tehran;250000.0;55
success;18/9/2025 23:59;Master-Card;Mashhad;50200.0;6
success;12/9/2025 22:27;MasterCard;Tehran;-5000.0;1
fail;23/9/2025 17:17;Master-Card;Karaj;1000.0;56
success;28/9/2025 20:33;Visa;Tabriz;976246.0;98
success;28/9/2025 11:11;Discover;Shiraz;50200.0;75
success;28/9/2025 7:07;MastCard;THR;-5000.0;89
success;27/9/2025 8:08;Visa;Tehran;200000.0;10
success;1/9/2025 7:32;Visa;ThRan;0.0;23
succeed;19/9/2025 19:51;Master-Card;Shiraz;555555.0;16
fail;28/9/2025 18:00;Amex;Tehran;1427657.0;16
fail;27/9/2025 5:56;visa;Tabriz;976246.0;56
success;20/9/2025 11:11;Visa;THR;585954.0;96
success;29/9/2025 21:23;Discover;Qom;850000.0;6
fail;30/9/2025 13:13;Discover;Tabriz;50200.0;30
fail;17/9/2025 5:56;Master-Card;tehr@n;123456.0;63
success;5/9/2025 17:17;Discover;Ahvaz;300000.0;1
fail;26/9/2025 11:11;Discover;Karaj;900000.0;51
success;3/9/2025 0:00;Visa;THR;1427657.0;90
success;2/9/2025 8:08;Vsa;Ahvaz;123456.0;46
success;3/9/2025 22:27;Discover;Tabriz;976246.0;21
fail;8/9/2025 15:45;Visa;Qom;1158713.0;100
success;16/9/2025 9:00;MasterCard;karaj;1000.0;38
success;6/9/2025 8:08;Discover;Tehran;1472823.0;69
failed;13/9/2025 2:30;Visa;Tehran;1578078.0;63
failed;30/9/2025 8:08;Visa;Tehran;-999999.0;50
fail;23/9/2025 2:20;Master-Card;Tehran;1502601.0;12
fail;28/9/2025 20:20;Visa;Tehran;0.0;69
fail;22/9/2025 11:11;Visa;karaj;12345.0;73
fail;22/9/2025 13:10;Discover;karaj;250000.0;44
success;16/9/2025 10:05;Master Card;Tehran;100.5;52
success;28/9/2025 1:51;Visa;Karaj;9999999999.0;9
fail;16/9/2025 0:00;Vsa;Shiraz;1427657.0;100
success;3/9/2025 21:21;Master-Card;Tabriz;1782689.0;65
Success;28/9/2025 14:30;Discover;Tabriz;650000.0;10
success;13/9/2025 23:59;Discover;Tabriz;100000.0;46
fail;14/9/2025 19:51;MastCard;Karaj;123456.0;58
success;8/9/2025 5:56;MastCard;Tabriz;-999999.0;37
success;12/9/2025 13:13;Vsa;Tabriz;419089.0;52
failed;23/9/2025 13:10;Vsa;Tehran;12345.0;100
fail;23/9/2025 3:27;Discover;TEHRAN;0.0;81
success;22/9/2025 2:37;MastCard;Ahvaz;1050805.0;13
success;21/9/2025 13:13;Visa;Mashhad;-5000.0;6
success;26/9/2025 19:51;MasterCard;tehr@n;120000.0;58
success;8/9/2025 18:45;Amex;Tabriz;443463.0;48
fail;21/9/2025 4:15;Visa;Shiraz;177050.0;32
success;25/9/2025 20:20;Visa;Tabriz;1768588.0;11
fail;9/9/2025 18:45;Visa;Tabriz;205000.0;81
fail;1/9/2025 23:59;MasterCard;karaj;205000.0;5
success;6/9/2025 23:59;Master-Card;Ahvaz;0.0;6
fail;23/9/2025 12:12;MasterCard;Tabriz;419089.0;74
fail;19/9/2025 13:13;MastCard;Tehran;419089.0;98
success;23/9/2025 20:20;Visa;Isfahan;177050.0;95
success;11/9/2025 2:54;Visa;Ahvaz;200000.0;21
fail;11/9/2025 2:24;Discover;Tehran;555555.0;42
success;23/9/2025 10:48;Discover;Shiraz;1050805.0;81
fail;30/9/2025 18:45;Amex;TEHRAN;471227.0;27
fail;13/9/2025 21:23;Master-Card;Tehran;0.0;3
success;11/9/2025 2:30;MasterCard;THR;1050805.0;60
fail;18/9/2025 2:30;MasterCard;Tehran;419089.0;94
succeed;23/9/2025 5:56;Visa;Shiraz;0.0;66
fail;15/9/2025 12:12;Visa;Ahvaz;850000.0;94
success;1/9/2025 3:00;Visa;Mashhad;-999999.0;49
failed;21/9/2025 15:45;MastCard;Tabriz;471227.0;34
succeed;25/9/2025 2:37;MasterCard;TEHRAN;650000.0;37
success;7/9/2025 2:20;Visa;Tehran;9999999999.0;42
failed;23/9/2025 20:20;Amex;Qom;9999999999.0;65
Success;27/9/2025 14:00;MasterCard;Isfahan;452545.0;60
fail;13/9/2025 2:24;Visa;Mashhad;850000.0;91
success;12/9/2025 6:30;Amex;Qom;471227.0;1
fail;18/9/2025 20:33;MastCard;Mashhad;1768588.0;59
success;24/9/2025 6:06;Discover;Tabriz;914465.0;4
success;19/9/2025 6:30;MastCard;Karaj;1305967.0;14
fail;15/9/2025 3:00;Visa;Tehran;914465.0;18
failed;8/9/2025 19:51;MastCard;Tehran;443463.0;34
fail;19/9/2025 7:08;nan;Mashhad;100.5;1
failed;10/9/2025 8:08;MasterCard;Qom;583952.0;53
fail;7/9/2025 23:59;Discover;Tabriz;333333.0;22
success;18/9/2025 9:09;MasterCard;Qom;774681.0;80
fail;16/9/2025 15:45;Discover;Mashhad;555555.0;61
fail;20/9/2025 2:20;Visa;Isfahan;12345.0;22
success;27/9/2025 14:11;Amex;Shiraz;555555.0;50
fail;6/9/2025 5:56;Visa;tehr@n;1472823.0;16
success;27/9/2025 13:13;Visa;Mashhad;471227.0;28
Success;9/9/2025 19:19;MastCard;Ahvaz;300000.0;93
fail;21/9/2025 13:13;Amex;Tabriz;12345.0;87
failed;13/9/2025 19:40;Visa;Ahvaz;100.5;70
fail;25/9/2025 13:13;Amex;Shiraz;1883871.0;90
fail;21/9/2025 12:44;nan;Shiraz;-5000.0;42
fail;26/9/2025 7:32;Visa;TEHRAN;63489.0;66
succeed;8/9/2025 3:27;MasterCard;Tabriz;205000.0;71
fail;16/9/2025 15:45;MastCard;Isfahan;205000.0;81
failed;13/9/2025 11:11;MastCard;Tehran;555555.0;35
succeed;13/9/2025 9:00;Visa;Karaj;5000.0;20
fail;17/9/2025 10:48;Visa;karaj;177050.0;2
success;23/9/2025 12:12;Vsa;Isfahan;-999999.0;7
success;20/9/2025 4:40;Master Card;Isfahan;1782689.0;97
fail;5/9/2025 20:33;MastCard;Shiraz;-1.0;49
fail;22/9/2025 2:54;VISA;Tehran;545116.0;83
success;21/9/2025 19:40;Amex;Tabriz;1768588.0;76
success;28/9/2025 2:30;nan;Isfahan;177050.0;9
success;17/9/2025 13:13;MastCard;Mashhad;1305967.0;27
fail;28/9/2025 7:32;Master-Card;Mashhad;914282.0;78
fail;9/9/2025 8:08;Visa;Tabriz;1387769.0;2
Success;2/9/2025 18:45;Vsa;Qom;200000.0;85
fail;25/9/2025 10:05;Visa;TEHRAN;100.5;68
success;26/9/2025 1:51;Visa;Tehran;585954.0;60
fail;18/9/2025 10:05;MasterCard;Karaj;1782689.0;85
failed;9/9/2025 2:54;Discover;Shiraz;1158713.0;87
failed;6/9/2025 18:45;Visa;TEHRAN;63489.0;49
fail;11/9/2025 14:11;visa;Shiraz;-999999.0;2
fail;25/9/2025 1:01;Amex;Shiraz;9999999999.0;17
success;29/9/2025 12:12;Master-Card;Ahvaz;0.0;83
fail;6/9/2025 20:33;visa;Tabriz;1463119.0;89
success;6/9/2025 18:12;Discover;Qom;585954.0;20
success;13/9/2025 17:17;Discover;Mashhad;976246.0;76
fail;11/9/2025 19:51;Visa;Isfahan;-999999.0;90
fail;14/9/2025 8:08;MasterCard;Tehran;-5000.0;88
success;2/9/2025 4:15;Amex;Tabriz;583952.0;99
success;8/9/2025 9:45;MasterCard;Tabriz;914465.0;32
fail;3/9/2025 2:30;Discover;Karaj;471227.0;51
success;23/9/2025 7:08;Visa;TEHRAN;914465.0;89
success;21/9/2025 0:00;MasterCard;Tabriz;1782689.0;42
success;3/9/2025 21:23;Visa;Tehran;63489.0;63
fail;1/9/2025 22:27;Master-Card;nan;914282.0;90
fail;24/9/2025 19:51;Visa;Karaj;343679.0;61
failed;19/9/2025 21:10;Discover;THR;300000.0;62
failed;18/9/2025 9:00;Visa;Tehran;-1.0;3
success;17/9/2025 5:56;Vsa;Ahvaz;1883871.0;90
fail;20/9/2025 12:34;Discover;karaj;914465.0;93
success;29/9/2025 2:30;Visa;Tehran;5000.0;76
failed;24/9/2025 21:10;MasterCard;Tehran;0.0;26
fail;13/9/2025 6:06;nan;Tabriz;177050.0;48
fail;3/9/2025 23:17;Master-Card;Tabriz;100.5;8
success;30/9/2025 11:11;Discover;Tehran ;585954.0;5
failed;1/9/2025 11:11;MastCard;Isfahan;774681.0;11
fail;4/9/2025 10:48;Visa;Ahvaz;177050.0;42
success;25/9/2025 15:45;Visa;Ahvaz;0.0;100
success;13/9/2025 10:48;MasterCard;Isfahan;774681.0;92
success;17/9/2025 10:48;Visa;Karaj;914465.0;41
success;28/9/2025 9:09;Vsa;Tehran;0.0;19
success;30/9/2025 23:59;nan;Isfahan;0.0;48
fail;11/9/2025 8:59;Visa;Tehran ;-5000.0;53
fail;2/9/2025 14:30;Discover;Tehran;100.5;55
success;25/9/2025 7:08;MasterCard;Isfahan;1578078.0;61
fail;16/9/2025 2:30;Amex;Ahvaz;200000.0;32
success;2/9/2025 8:08;nan;Shiraz;-999999.0;46
success;29/9/2025 12:12;Master-Card;Shiraz;250000.0;93
fail;19/9/2025 3:27;Amex;THR;120000.0;36
success;23/9/2025 12:12;Discover;Tehran;1427657.0;18
success;19/9/2025 2:24;Vsa;Ahvaz;177050.0;74
fail;25/9/2025 5:56;Visa;THR;452545.0;97
success;16/9/2025 10:48;VISA;Tehran;-999999.0;18
Success;22/9/2025 1:01;Visa;Qom;120000.0;12
success;19/9/2025 18:00;Amex;Isfahan;914465.0;72
success;9/9/2025 9:45;Visa;Tehran;177050.0;98
fail;1/9/2025 14:02;MasterCard;Isfahan;914282.0;46
fail;10/9/2025 23:17;Amex;Shiraz;585954.0;55
fail;19/9/2025 14:00;MastCard;TEHRAN;585954.0;38
success;1/9/2025 14:30;Vsa;Shiraz;900000.0;78
fail;2/9/2025 19:51;Amex;THR;300000.0;2
fail;16/9/2025 0:00;Discover;Tehran;100000.0;9
success;12/9/2025 23:17;Master-Card;Tabriz;1305967.0;5
fail;8/9/2025 22:27;Vsa;Tehran ;100.5;99
fail;23/9/2025 10:48;Visa;THR;200000.0;19
success;18/9/2025 2:20;Vsa;Tabriz;1578078.0;71
fail;2/9/2025 7:07;VISA;Shiraz;976246.0;39
success;25/9/2025 10:05;Amex;Isfahan;412308.0;42
fail;29/9/2025 13:13;Discover;Mashhad;471227.0;17
fail;13/9/2025 2:24;Amex;THR;0.0;63
failed;6/9/2025 19:29;Discover;Karaj;976246.0;91
failed;21/9/2025 10:05;MastCard;Tabriz;419089.0;46
failed;26/9/2025 3:00;MasterCard;Tabriz;1463119.0;92
failed;6/9/2025 14:11;nan;Tabriz;585954.0;93
success;9/9/2025 22:27;Amex;Ahvaz;650000.0;20
success;16/9/2025 9:45;Visa;Mashhad;1463119.0;70
success;11/9/2025 2:30;MastCard;tehr@n;100.5;8
success;7/9/2025 11:11;Discover;karaj;850000.0;97
success;10/9/2025 15:45;Discover;Tabriz;900000.0;19
fail;10/9/2025 6:30;Discover;Ahvaz;1463119.0;32
failed;30/9/2025 4:04;Visa;Mashhad;250000.0;19
success;25/9/2025 19:19;VISA;Tabriz;583952.0;24
failed;20/9/2025 1:51;MasterCard;Isfahan;0.0;24
fail;18/9/2025 7:07;Vsa;Tehran ;-999999.0;56
fail;28/9/2025 11:11;Discover;Mashhad;1000.0;81
fail;24/9/2025 10:48;MastCard;Karaj;1768588.0;18
success;20/9/2025 23:59;Amex;Mashhad;914282.0;12
fail;29/9/2025 13:13;MasterCard;Isfahan;914465.0;41
fail;9/9/2025 20:33;VISA;Ahvaz;200000.0;88
fail;15/9/2025 20:20;MasterCard;karaj;50200.0;48
fail;4/9/2025 17:17;Amex;Tehran;9999999999.0;82
success;8/9/2025 3:00;Visa;Tabriz;5000.0;64
failed;9/9/2025 9:00;Discover;Mashhad;99999.0;16
fail;13/9/2025 19:29;Master-Card;Tabriz;900000.0;80
success;9/9/2025 9:09;MastCard;Ahvaz;774681.0;23
fail;26/9/2025 12:44;MasterCard;Tehran;1578078.0;87
fail;4/9/2025 4:15;Master-Card;Ahvaz;250000.0;39
success;17/9/2025 21:10;MasterCard;Shiraz;452545.0;33
success;16/9/2025 3:27;Amex;Tabriz;1463119.0;24
failed;15/9/2025 12:34;Discover;Isfahan;1387769.0;61
success;3/9/2025 10:05;Amex;Tehran;583952.0;55
failed;25/9/2025 10:05;Discover;Tabriz;1883871.0;61
fail;20/9/2025 7:07;Discover;Karaj;1158713.0;84
fail;5/9/2025 7:08;VISA;Isfahan;585954.0;98
fail;23/9/2025 2:37;Visa;Karaj;333333.0;96
failed;5/9/2025 18:45;Visa;Mashhad;1883871.0;40
fail;20/9/2025 18:45;Visa;Tehran;0.0;58
fail;15/9/2025 20:20;Discover;Mashhad;0.0;72
success;18/9/2025 10:48;MasterCard;Ahvaz;343679.0;74
fail;15/9/2025 8:59;Visa;Tabriz;9999999999.0;1
fail;2/9/2025 4:04;Amex;Shiraz;0.0;85
fail;29/9/2025 22:27;Amex;Tehran;0.0;25
fail;13/9/2025 0:00;MastCard;Tehran;0.0;97
success;4/9/2025 10:48;VISA;Isfahan;976246.0;53
success;10/9/2025 16:16;Amex;Isfahan;1050805.0;61
fail;13/9/2025 17:17;Visa;Ahvaz;450000.0;46
fail;10/9/2025 8:08;Visa;Mashhad;5000.0;74
failed;29/9/2025 4:40;Vsa;Tehran;914465.0;60
success;9/9/2025 7:08;Amex;Shiraz;0.0;51
success;8/9/2025 10:48;Visa;Mashhad;1472823.0;73
success;3/9/2025 13:13;Discover;Tabriz;471227.0;84
fail;16/9/2025 11:11;MastCard;Ahvaz;914282.0;48
FAIL;14/9/2025 21:23;Amex;Tehran;177050.0;84
success;9/9/2025 21:21;Amex;TEHRAN;1502601.0;40
fail;30/9/2025 7:08;Visa;Isfahan;1427657.0;7
success;21/9/2025 13:13;Amex;Mashhad;774681.0;75
fail;11/9/2025 9:45;Vsa;TEHRAN;-999999.0;85
fail;3/9/2025 12:12;Master-Card;Ahvaz;900000.0;19
Success;5/9/2025 11:11;MastCard;Tehran;1782689.0;15
failed;29/9/2025 14:02;Amex;Qom;1578078.0;70
fail;10/9/2025 18:00;MastCard;Tabriz;300000.0;61
fail;13/9/2025 12:12;MasterCard;Mashhad;0.0;56
success;4/9/2025 2:54;Visa;Karaj;1472823.0;10
fail;24/9/2025 7:08;Master-Card;Mashhad;0.0;46
success;13/9/2025 3:27;MasterCard;Tehran;0.0;80
success;12/9/2025 10:48;Amex;Mashhad;585954.0;75
success;5/9/2025 2:24;visa;Tehran;1472823.0;57
success;10/9/2025 16:16;visa;Isfahan;443463.0;35
success;28/9/2025 7:08;Amex;Mashhad;1578078.0;72
FAIL;24/9/2025 10:05;Visa;Shiraz;545116.0;93
fail;9/9/2025 7:08;MasterCard;Mashhad;300000.0;3
failed;20/9/2025 19:19;nan;Tehran;471227.0;66
fail;7/9/2025 6:30;Discover;tehr@n;914465.0;53
fail;2/9/2025 23:17;visa;Shiraz;9999999999.0;78
fail;22/9/2025 2:24;Visa;Tabriz;914282.0;52
success;24/9/2025 12:34;Amex;Tehran ;-999999.0;94
fail;28/9/2025 2:30;MasterCard;THR;-5000.0;53
failed;23/9/2025 10:05;Discover;Tehran;63489.0;54
success;7/9/2025 10:05;Master Card;Shiraz;-5000.0;47
fail;8/9/2025 3:27;Amex;Qom;1387769.0;3
success;7/9/2025 0:00;Visa;Tehran;0.0;65
failed;21/9/2025 12:44;Discover;Tabriz;0.0;15
success;23/9/2025 11:11;MastCard;Qom;250000.0;84
fail;29/9/2025 6:06;Discover;Tabriz;1158713.0;87
failed;14/9/2025 16:40;Master-Card;karaj;1050805.0;34
success;26/9/2025 18:45;Visa;Tehran;12345.0;50
fail;19/9/2025 11:11;Discover;TEHRAN;450000.0;33
fail;5/9/2025 4:15;Visa;karaj;1387769.0;73
success;23/9/2025 23:59;Visa;Karaj;343679.0;3
failed;25/9/2025 19:51;Discover;Tabriz;0.0;2
fail;18/9/2025 22:27;visa;Karaj;1.0;4
fail;20/9/2025 19:40;Visa;Isfahan;12345.0;16
failed;12/9/2025 3:27;Visa;Shiraz;1768588.0;54
fail;23/9/2025 12:44;Discover;Tabriz;412308.0;33
Success;17/9/2025 22:27;Amex;karaj;177050.0;9
fail;13/9/2025 21:21;MastCard;Tehran;0.0;57
success;2/9/2025 19:51;MastCard;Karaj;100.5;40
fail;25/9/2025 4:40;Visa;karaj;1578078.0;52
failed;13/9/2025 7:32;Amex;Shiraz;205000.0;82
success;26/9/2025 21:23;Amex;Tehran;12345.0;16
Success;7/9/2025 11:11;MasterCard;Tabriz;177050.0;8
success;28/9/2025 20:33;Discover;Mashhad;1463119.0;88
fail;10/9/2025 1:01;Vsa;Tabriz;100000.0;60
fail;23/9/2025 3:00;Discover;Tehran;100.5;36
success;6/9/2025 10:05;Visa;Tehran;-999999.0;3
success;3/9/2025 23:59;Discover;Ahvaz;650000.0;15
Success;26/9/2025 14:30;MasterCard;Tehran;450000.0;98
fail;3/9/2025 12:34;Visa;TEHRAN;1768588.0;82
success;18/9/2025 3:27;Amex;Isfahan;250000.0;23
FAIL;11/9/2025 11:11;Master-Card;Ahvaz;343679.0;3
fail;22/9/2025 19:40;Amex;Tehran;850000.0;30
failed;20/9/2025 14:55;MasterCard;TEHRAN;0.0;45
success;5/9/2025 7:32;Vsa;Tehran;1387769.0;17
success;19/9/2025 20:33;MastCard;Tehran;0.0;58
fail;22/9/2025 0:00;Discover;Tehran;585954.0;58
fail;27/9/2025 2:37;Amex;Tehran;1387769.0;97
fail;28/9/2025 5:56;MastCard;Mashhad;1427657.0;57
FAIL;19/9/2025 2:30;Discover;Ahvaz;976246.0;7
failed;30/9/2025 22:27;Discover;Tabriz;1782689.0;39
fail;15/9/2025 3:27;Visa;Karaj;585954.0;78
succeed;30/9/2025 6:30;visa;Ahvaz;177050.0;58
success;16/9/2025 18:00;Visa;TEHRAN;452545.0;56
failed;24/9/2025 14:30;Visa;Tehran;555555.0;15
fail;9/9/2025 5:23;MasterCard;Tehran;200000.0;44
fail;4/9/2025 2:20;Master-Card;Tehran;1463119.0;12
success;15/9/2025 2:37;Discover;Isfahan;545116.0;8
fail;25/9/2025 6:06;Vsa;Mashhad;200000.0;80
success;12/9/2025 2:24;MastCard;Mashhad;452545.0;41
success;23/9/2025 2:20;Amex;Tabriz;250000.0;34
fail;3/9/2025 21:23;Vsa;Shiraz;0.0;46
fail;23/9/2025 10:05;Visa;Isfahan;-5000.0;89
FAIL;14/9/2025 18:45;nan;Isfahan;914465.0;29
fail;17/9/2025 21:10;Vsa;Tehran;471227.0;16
fail;19/9/2025 4:15;nan;Qom;976246.0;5
success;6/9/2025 1:51;Vsa;Shiraz;0.0;5
success;4/9/2025 3:27;Master-Card;Ahvaz;412308.0;30
success;7/9/2025 23:59;Visa;TEHRAN;1883871.0;50
success;30/9/2025 9:00;Discover;Ahvaz;1883871.0;5
fail;19/9/2025 19:19;Discover;Tabriz;774681.0;13
fail;17/9/2025 11:11;Visa;Tabriz;-5000.0;100
success;25/9/2025 20:33;MastCard;TEHRAN;0.0;49
failed;16/9/2025 18:00;Visa;Ahvaz;120000.0;90
success;15/9/2025 19:29;Visa;Ahvaz;1463119.0;50
fail;22/9/2025 10:05;Vsa;Karaj;585954.0;14
fail;8/9/2025 8:59;Master-Card;Tabriz;0.0;46
fail;19/9/2025 14:30;MastCard;karaj;-5000.0;91
success;8/9/2025 14:30;Vsa;Tehran;12345.0;82
fail;18/9/2025 16:40;Amex;Isfahan;0.0;84
fail;28/9/2025 2:30;Master-Card;Isfahan;120000.0;34
success;16/9/2025 15:45;MasterCard;Qom;-5000.0;71
success;20/9/2025 0:00;visa;Mashhad;100.5;47
success;19/9/2025 10:48;Visa;Mashhad;1883871.0;60
success;10/9/2025 20:33;Vsa;Qom;-999999.0;74
success;17/9/2025 11:11;Amex;Isfahan;250000.0;79
fail;13/9/2025 3:00;Amex;Tabriz;1463119.0;81
success;13/9/2025 19:40;MastCard;Shiraz;0.0;11
fail;7/9/2025 19:40;Vsa;Ahvaz;583952.0;99
fail;27/9/2025 19:51;Master-Card;Mashhad;471227.0;92
success;10/9/2025 2:37;Visa;Shiraz;205000.0;85
success;2/9/2025 5:56;Visa;Qom;177050.0;96
success;4/9/2025 9:09;Visa;Tehran;1463119.0;50
success;25/9/2025 6:06;Visa;Isfahan;450000.0;4
failed;6/9/2025 5:23;Discover;Tehran;-1.0;41
success;24/9/2025 14:02;MastCard;Shiraz;443463.0;59
success;18/9/2025 10:05;MasterCard;Mashhad;0.0;60
success;23/9/2025 23:17;MastCard;Tehran;-5000.0;81
fail;6/9/2025 18:12;MasterCard;Qom;50200.0;62
fail;29/9/2025 4:04;Amex;TEHRAN;583952.0;84
success;30/9/2025 21:10;Visa;Isfahan;471227.0;25
fail;25/9/2025 17:07;Vsa;ThRan;1463119.0;88
success;23/9/2025 0:00;MastCard;tehr@n;1502601.0;79
success;17/9/2025 14:02;Discover;Ahvaz;1050805.0;33
FAIL;14/9/2025 17:17;Discover;karaj;100.5;19
failed;24/9/2025 23:59;Visa;Isfahan;545116.0;57
fail;11/9/2025 2:30;Vsa;Isfahan;1158713.0;15
success;26/9/2025 13:13;MastCard;tehr@n;1000.0;41
fail;19/9/2025 5:23;Amex;Isfahan;100.5;69
fail;30/9/2025 22:27;Discover;Tehran;-5000.0;80
success;2/9/2025 14:55;Visa;Tehran;1883871.0;60
fail;28/9/2025 7:08;Visa;Karaj;914282.0;97
fail;3/9/2025 21:10;Visa;Isfahan;1883871.0;22
Success;11/9/2025 13:13;Visa;Tehran;0.0;43
failed;6/9/2025 8:08;Visa;karaj;419089.0;32
success;29/9/2025 10:05;Amex;Mashhad;1387769.0;13
failed;14/9/2025 14:02;Discover;Qom;1578078.0;38
success;19/9/2025 9:00;MasterCard;Tehran;177050.0;26
fail;26/9/2025 12:44;Amex;Tehran;0.0;81
success;16/9/2025 19:19;Amex;Tehran;450000.0;5
success;21/9/2025 4:04;Amex;Mashhad;-5000.0;49
fail;22/9/2025 2:54;Discover;Ahvaz;850000.0;98
failed;24/9/2025 12:12;Vsa;Karaj;-5000.0;92
success;7/9/2025 7:08;nan;Tabriz;177050.0;5
fail;30/9/2025 23:59;Discover;THR;0.0;71
fail;27/9/2025 19:19;Visa;Tehran;9999999999.0;48
fail;8/9/2025 3:00;Master-Card;Tehran;0.0;18
failed;19/9/2025 12:44;nan;THR;5000.0;96
success;20/9/2025 10:48;Visa;Tabriz;9999999999.0;6
success;16/9/2025 7:07;Visa;Karaj;0.0;66
success;22/9/2025 12:44;Vsa;Tehran;0.0;77
success;27/9/2025 5:56;Discover;Tehran;914282.0;42
success;7/9/2025 14:30;nan;Shiraz;914465.0;52
success;9/9/2025 4:40;Visa;Tehran;1502601.0;11
Success;13/9/2025 3:27;Master-Card;Tehran;100.5;26
FAIL;1/9/2025 18:00;Visa;Mashhad;200000.0;21
succeed;29/9/2025 17:07;Discover;Tabriz;419089.0;66
success;8/9/2025 4:15;VISA;Ahvaz;123456.0;40
Success;24/9/2025 4:04;Visa;karaj;1472823.0;56
success;22/9/2025 22:27;Visa;Shiraz;177050.0;51
failed;4/9/2025 10:05;Master-Card;Tabriz;914282.0;20
Success;3/9/2025 8:08;Visa;Mashhad;1578078.0;81
failed;27/9/2025 18:00;Visa;Karaj;1768588.0;80
failed;3/9/2025 19:40;Discover;Tehran;0.0;57
success;22/9/2025 8:08;Amex;Tabriz;12345.0;5
fail;13/9/2025 7:07;MastCard;karaj;443463.0;14
fail;8/9/2025 12:34;Master-Card;Isfahan;0.0;24
success;7/9/2025 6:06;MasterCard;Shiraz;12345.0;68
fail;27/9/2025 5:56;Discover;Tehran;0.0;52
success;1/9/2025 18:00;Discover;Ahvaz;585954.0;48
success;27/9/2025 20:20;Vsa;Tehran;-5000.0;89
success;16/9/2025 10:48;MastCard;THR;585954.0;47
Success;6/9/2025 7:08;Master-Card;Tehran;0.0;60
success;7/9/2025 19:29;VISA;TEHRAN;1000.0;73
success;12/9/2025 10:48;Discover;Isfahan;0.0;3
success;23/9/2025 9:45;MasterCard;Shiraz;0.0;9
failed;9/9/2025 13:13;Amex;karaj;583952.0;82
fail;27/9/2025 9:45;Visa;Tehran;0.0;83
fail;11/9/2025 2:37;Visa;Tabriz;0.0;24
Success;10/9/2025 2:30;Master-Card;TEHRAN;9999999999.0;4
success;21/9/2025 8:59;MasterCard;Isfahan;9999999999.0;9
success;1/9/2025 12:44;Amex;Karaj;1387769.0;98
success;18/9/2025 4:04;Amex;Tehran;1000.0;1
fail;4/9/2025 21:10;MastCard;Karaj;900000.0;35
success;5/9/2025 13:13;Visa;Tehran;850000.0;74
fail;9/9/2025 17:17;Amex;Karaj;9999999999.0;12
success;27/9/2025 19:51;MasterCard;Tabriz;1387769.0;18
success;17/9/2025 10:48;Master-Card;Mashhad;1578078.0;78
success;3/9/2025 7:32;MasterCard;Tehran;250000.0;10
success;16/9/2025 8:08;Master Card;Shiraz;50200.0;74
Success;5/9/2025 15:45;Discover;Isfahan;914465.0;18
success;16/9/2025 5:23;VISA;Isfahan;1502601.0;24
failed;3/9/2025 0:00;Master-Card;Shiraz;-999999.0;1
success;20/9/2025 23:59;Amex;Tehran;177050.0;95
success;15/9/2025 4:15;Discover;THR;9999999999.0;79
fail;30/9/2025 2:24;Discover;Karaj;9999999999.0;72
fail;3/9/2025 4:04;Vsa;Qom;450000.0;100
success;20/9/2025 2:54;Amex;Tehran;-999999.0;82
fail;14/9/2025 7:08;MasterCard;Karaj;0.0;16
failed;16/9/2025 7:08;Amex;Tehran;63489.0;85
success;29/9/2025 12:12;MastCard;Ahvaz;-5000.0;15
failed;29/9/2025 19:51;Visa;Tabriz;914465.0;62
FAIL;17/9/2025 18:12;Visa;Tehran;-5000.0;5
fail;28/9/2025 20:33;Visa;Tehran;50200.0;45
fail;24/9/2025 14:11;Visa;Tehran ;585954.0;52
success;20/9/2025 8:59;MasterCard;Ahvaz;1472823.0;71
fail;23/9/2025 12:44;Vsa;Tabriz;471227.0;7
fail;18/9/2025 2:20;Discover;Tehran ;250000.0;27
failed;18/9/2025 23:59;Visa;Tehran;545116.0;90
succeed;22/9/2025 1:01;MasterCard;Karaj;0.0;87
success;14/9/2025 3:27;visa;Shiraz;205000.0;13
success;18/9/2025 15:45;Discover;karaj;850000.0;17
success;15/9/2025 21:23;VISA;Isfahan;0.0;44
success;15/9/2025 6:30;Visa;Isfahan;1305967.0;13
success;6/9/2025 8:59;Visa;Shiraz;585954.0;91
success;27/9/2025 18:45;MastCard;Isfahan;1782689.0;73
fail;15/9/2025 7:07;MasterCard;Tehran;250000.0;5
failed;18/9/2025 17:07;MastCard;Karaj;12345.0;33
success;4/9/2025 23:17;Master-Card;Shiraz;412308.0;4
success;23/9/2025 22:27;Discover;Isfahan;5000.0;93
Success;8/9/2025 10:48;MastCard;Tabriz;1158713.0;26
fail;15/9/2025 21:23;Amex;Tabriz;0.0;68
fail;3/9/2025 14:00;Master-Card;Karaj;-5000.0;16
failed;30/9/2025 13:10;MasterCard;Karaj;-999999.0;22
succeed;15/9/2025 10:48;Visa;karaj;471227.0;36
success;13/9/2025 12:12;Amex;Ahvaz;12345.0;58
fail;9/9/2025 15:45;Master Card;Ahvaz;1578078.0;55
success;2/9/2025 11:11;Visa;Tabriz;1050805.0;35
fail;24/9/2025 13:13;Discover;Tehran;419089.0;25
success;8/9/2025 23:59;Discover;Ahvaz;585954.0;72
fail;29/9/2025 7:07;MastCard;Tehran;0.0;81
Success;30/9/2025 20:33;Discover;ThRan;1578078.0;61
success;20/9/2025 22:27;Discover;THR;343679.0;18
failed;17/9/2025 21:23;Amex;Mashhad;0.0;58
fail;13/9/2025 15:45;Visa;Isfahan;0.0;76
fail;1/9/2025 13:10;Visa;Mashhad;976246.0;57
Success;2/9/2025 4:04;MasterCard;Karaj;-5000.0;98
fail;30/9/2025 21:23;Discover;Ahvaz;1463119.0;88
success;15/9/2025 10:05;Discover;Tehran;419089.0;63
fail;12/9/2025 17:07;Visa;Ahvaz;471227.0;12
success;14/9/2025 19:29;Discover;Shiraz;1883871.0;11
fail;25/9/2025 2:30;Vsa;Tehran;12345.0;13
success;29/9/2025 1:01;MasterCard;Tabriz;914282.0;35
success;2/9/2025 2:30;Amex;Mashhad;585954.0;27
success;18/9/2025 2:24;Visa;Tehran;200000.0;90
fail;22/9/2025 19:40;Visa;Tehran;200000.0;67
success;7/9/2025 12:12;Master-Card;Tehran;1578078.0;90
success;29/9/2025 11:11;Discover;TEHRAN;100.5;45
fail;23/9/2025 20:20;Discover;Tehran;450000.0;74
success;29/9/2025 2:30;Master-Card;Isfahan;976246.0;81
Success;25/9/2025 2:20;MastCard;Tabriz;-999999.0;67
fail;6/9/2025 9:45;MastCard;Karaj;0.0;22
success;14/9/2025 2:37;MastCard;Karaj;0.0;78
success;8/9/2025 2:37;Visa;Ahvaz;900000.0;92
fail;27/9/2025 14:11;Master Card;Shiraz;1883871.0;42
fail;22/9/2025 13:13;nan;Qom;1387769.0;20
success;2/9/2025 3:27;Discover;Isfahan;419089.0;48
failed;17/9/2025 8:08;Vsa;Shiraz;1305967.0;18
fail;5/9/2025 20:33;MasterCard;Tehran;1000.0;77
failed;14/9/2025 23:17;MastCard;Karaj;1472823.0;70
success;25/9/2025 13:13;Visa;Tehran;-999999.0;74
fail;24/9/2025 23:59;MasterCard;THR;914465.0;94
success;30/9/2025 3:00;Visa;Mashhad;343679.0;6
FAIL;29/9/2025 14:11;MasterCard;Mashhad;-5000.0;39
fail;20/9/2025 13:13;Discover;Qom;9999999999.0;11
success;21/9/2025 19:19;MasterCard;Ahvaz;850000.0;25
success;29/9/2025 14:11;MastCard;Mashhad;1050805.0;95
fail;21/9/2025 21:10;Master-Card;Isfahan;5000.0;55
fail;22/9/2025 21:10;Visa;Tabriz;9999999999.0;84
fail;3/9/2025 3:27;Master-Card;Tehran;-5000.0;58
fail;5/9/2025 11:11;Discover;Tehran;-5000.0;37
fail;16/9/2025 5:23;Vsa;Tehran;1387769.0;16
failed;18/9/2025 2:30;MasterCard;THR;0.0;96
succeed;26/9/2025 3:27;Master-Card;Ahvaz;1387769.0;94
fail;17/9/2025 19:40;Amex;Tabriz;0.0;70
success;11/9/2025 7:32;MasterCard;Tehran;419089.0;94
fail;17/9/2025 2:37;Discover;Mashhad;205000.0;97
fail;16/9/2025 0:00;VISA;Isfahan;900000.0;73
fail;26/9/2025 20:33;Vsa;Ahvaz;1578078.0;37
fail;23/9/2025 8:08;Discover;Isfahan;1305967.0;53
Success;2/9/2025 3:27;Visa;THR;9999999999.0;88
fail;4/9/2025 19:29;Vsa;Tehran;177050.0;16
success;21/9/2025 21:21;visa;Isfahan;419089.0;18
fail;7/9/2025 9:09;Discover;tehr@n;9999999999.0;19
fail;2/9/2025 18:00;nan;Tehran;0.0;44
failed;30/9/2025 3:27;Visa;Isfahan;1387769.0;2
fail;6/9/2025 23:59;Master Card;Tabriz;-5000.0;58
FAIL;17/9/2025 8:08;MastCard;Mashhad;0.0;10
fail;7/9/2025 4:04;Discover;Tabriz;250000.0;76
success;25/9/2025 14:11;Discover;THR;1578078.0;46
succeed;5/9/2025 14:55;Amex;tehr@n;914465.0;82
fail;5/9/2025 13:13;Amex;THR;452545.0;19
success;20/9/2025 14:11;nan;Isfahan;300000.0;38
success;16/9/2025 11:11;MastCard;nan;0.0;37
fail;19/9/2025 23:59;MasterCard;Karaj;1578078.0;92
success;9/9/2025 21:23;nan;Isfahan;1427657.0;78
fail;5/9/2025 19:40;Amex;Tehran;177050.0;45
fail;8/9/2025 21:23;Master-Card;Shiraz;100.5;34
fail;9/9/2025 19:19;Vsa;Karaj;177050.0;2
failed;5/9/2025 10:05;nan;Tehran;452545.0;44
fail;10/9/2025 11:11;Visa;Qom;205000.0;98
fail;25/9/2025 13:13;Amex;ThRan;-5000.0;83
success;2/9/2025 20:20;MasterCard;Tabriz;1578078.0;27
fail;9/9/2025 13:13;MasterCard;Tabriz;555555.0;48
success;11/9/2025 14:02;MasterCard;TEHRAN;-5000.0;95
fail;4/9/2025 2:37;Vsa;Tehran;1578078.0;7
success;22/9/2025 13:10;Discover;tehr@n;5000.0;27
success;22/9/2025 14:11;MasterCard;Ahvaz;250000.0;85
fail;22/9/2025 3:27;Visa;Isfahan;1463119.0;71
fail;2/9/2025 4:40;Discover;Tehran;50200.0;90
success;23/9/2025 15:45;Amex;Tehran;976246.0;18
success;29/9/2025 11:11;Visa;Isfahan;1782689.0;33
fail;6/9/2025 9:00;Visa;Karaj;100.5;33
fail;27/9/2025 21:23;MasterCard;Mashhad;-5000.0;97
fail;14/9/2025 5:56;Visa;Karaj;200000.0;25
success;1/9/2025 8:08;Visa;Shiraz;-5000.0;14
succeed;18/9/2025 23:59;Master-Card;Qom;1768588.0;38
fail;7/9/2025 3:00;Vsa;Tehran ;-999999.0;38
fail;1/9/2025 21:10;Discover;Karaj;555555.0;4
fail;1/9/2025 9:00;Discover;TEHRAN;250000.0;62
fail;1/9/2025 4:40;nan;Tabriz;-5000.0;82
success;24/9/2025 1:01;Visa;Karaj;-999999.0;10
Success;4/9/2025 16:40;Amex;Qom;545116.0;35
fail;4/9/2025 2:30;Amex;TEHRAN;99999.0;100
success;29/9/2025 7:07;Vsa;Mashhad;-5000.0;23
fail;18/9/2025 3:00;Master Card;Tabriz;419089.0;90
failed;27/9/2025 23:59;Discover;Isfahan;0.0;65
success;11/9/2025 7:07;MasterCard;Tabriz;300000.0;82
fail;27/9/2025 14:11;MastCard;Tabriz;200000.0;79
Success;1/9/2025 17:07;VISA;Mashhad;914465.0;25
fail;28/9/2025 14:00;Master-Card;TEHRAN;1502601.0;97
success;10/9/2025 21:23;MastCard;Tehran;-5000.0;53
failed;9/9/2025 20:20;Master-Card;Tabriz;1768588.0;84
fail;23/9/2025 14:00;Visa;THR;300000.0;17
success;4/9/2025 6:06;Discover;Isfahan;-5000.0;57
failed;28/9/2025 4:40;Visa;Tehran ;471227.0;75
succeed;6/9/2025 8:59;Visa;Tabriz;9999999999.0;77
success;30/9/2025 14:11;Amex;Isfahan;100.5;90
fail;16/9/2025 2:37;Master-Card;Tehran;333333.0;20
success;2/9/2025 3:27;Amex;nan;1305967.0;25
success;23/9/2025 14:55;Amex;TEHRAN;900000.0;42
success;18/9/2025 9:09;Visa;karaj;976246.0;45
failed;10/9/2025 11:11;Amex;Tehran;333333.0;31
fail;24/9/2025 1:01;MasterCard;Tehran ;1050805.0;65
fail;24/9/2025 13:13;Amex;TEHRAN;0.0;52
success;17/9/2025 2:54;Discover;Isfahan;545116.0;80
Success;13/9/2025 20:20;Amex;Karaj;585954.0;93
success;24/9/2025 9:45;MasterCard;nan;1472823.0;21
FAIL;18/9/2025 20:20;Amex;Isfahan;1463119.0;30
Success;22/9/2025 4:40;Visa;Tehran;1782689.0;3
failed;13/9/2025 11:11;MasterCard;THR;1387769.0;99
Success;17/9/2025 23:17;Discover;Mashhad;0.0;70
failed;5/9/2025 20:33;MastCard;ThRan;100.5;43
failed;11/9/2025 11:11;MastCard;Qom;976246.0;29
success;7/9/2025 10:05;Master-Card;Tehran;914282.0;3
fail;29/9/2025 2:24;Amex;Mashhad;0.0;58
fail;10/9/2025 22:27;Discover;Karaj;914465.0;33
fail;17/9/2025 10:48;Vsa;Tehran;343679.0;75
fail;15/9/2025 8:08;MasterCard;Isfahan;1578078.0;45
fail;18/9/2025 2:37;Visa;Tehran;555555.0;69
Success;23/9/2025 2:37;MastCard;Shiraz;9999999999.0;32
success;22/9/2025 21:10;Visa;tehr@n;914282.0;82
fail;19/9/2025 9:00;Visa;Shiraz;177050.0;84
failed;30/9/2025 12:44;MastCard;Karaj;452545.0;52
success;26/9/2025 21:21;Vsa;Isfahan;583952.0;64
fail;2/9/2025 7:08;Vsa;Qom;100.5;40
failed;26/9/2025 4:04;Discover;Qom;0.0;93
fail;4/9/2025 1:01;Master-Card;Ahvaz;0.0;13
success;3/9/2025 7:08;MastCard;THR;1463119.0;91
fail;7/9/2025 18:45;Vsa;Shiraz;177050.0;80
success;24/9/2025 12:12;MastCard;ThRan;100000.0;90
failed;18/9/2025 14:02;Amex;karaj;471227.0;74
fail;10/9/2025 9:09;Visa;Tehran;0.0;29
FAIL;7/9/2025 2:37;MastCard;Mashhad;1463119.0;63
fail;8/9/2025 6:30;MastCard;TEHRAN;177050.0;84
success;6/9/2025 11:11;Discover;tehr@n;-5000.0;26
Success;22/9/2025 14:02;MastCard;Isfahan;250000.0;97
Success;26/9/2025 18:00;Amex;Karaj;100000.0;59
fail;1/9/2025 18:45;Amex;Isfahan;1782689.0;49
fail;4/9/2025 0:00;Discover;Tehran;914465.0;53
success;14/9/2025 7:32;Visa;THR;976246.0;89
fail;17/9/2025 12:34;Visa;tehr@n;343679.0;31
success;20/9/2025 13:13;Vsa;Mashhad;471227.0;12
failed;18/9/2025 7:08;Discover;Tehran;205000.0;58
success;11/9/2025 14:02;Visa;karaj;0.0;36
fail;29/9/2025 5:56;visa;Mashhad;-5000.0;10
success;21/9/2025 12:34;Visa;Tehran;976246.0;6
Success;26/9/2025 21:23;Amex;Tehran;585954.0;7
success;14/9/2025 2:30;nan;Tehran;1387769.0;31
success;9/9/2025 14:00;Amex;Karaj;1578078.0;92
fail;27/9/2025 1:51;Vsa;Tabriz;205000.0;72
fail;15/9/2025 13:13;VISA;Tehran;1387769.0;3
fail;12/9/2025 9:09;Master-Card;TEHRAN;1050805.0;47
success;10/9/2025 2:30;Amex;tehr@n;100.5;85
fail;19/9/2025 14:55;Discover;Tehran;1305967.0;1
success;24/9/2025 14:11;MasterCard;Tabriz;205000.0;45
success;19/9/2025 23:59;Vsa;Qom;0.0;54
success;6/9/2025 2:24;Master-Card;Tehran;1463119.0;50
fail;20/9/2025 19:19;Vsa;Tehran;1305967.0;79
success;24/9/2025 7:08;Amex;Isfahan;12345.0;7
success;27/9/2025 1:01;MasterCard;tehr@n;99999.0;63
fail;6/9/2025 23:17;Discover;Tehran ;177050.0;15
fail;8/9/2025 22:27;Visa;karaj;850000.0;90
success;1/9/2025 16:40;MastCard;Karaj;200000.0;67
fail;22/9/2025 14:30;Discover;Karaj;419089.0;30
fail;17/9/2025 5:56;Discover;Mashhad;205000.0;78
fail;17/9/2025 16:40;Vsa;Mashhad;343679.0;68
fail;24/9/2025 14:00;Visa;Shiraz;443463.0;36
Success;15/9/2025 4:40;nan;Karaj;-5000.0;67
success;7/9/2025 14:00;Visa;Tehran;12345.0;5
success;19/9/2025 15:45;nan;Tabriz;471227.0;25
Success;22/9/2025 7:32;MasterCard;Tehran ;99999.0;96
success;25/9/2025 18:00;Visa;Isfahan;976246.0;11
success;23/9/2025 3:27;MastCard;Tabriz;-1.0;72
fail;28/9/2025 2:30;Master-Card;Isfahan;0.0;91
success;3/9/2025 12:44;MasterCard;Tabriz;100.5;66
fail;30/9/2025 14:02;MastCard;Tehran;1158713.0;28
success;30/9/2025 2:54;VISA;Tabriz;177050.0;60
fail;29/9/2025 6:06;Discover;Shiraz;0.0;10
fail;22/9/2025 21:23;Vsa;Tabriz;-5000.0;50
fail;11/9/2025 4:04;Discover;Shiraz;-999999.0;39
fail;20/9/2025 11:11;MasterCard;Tehran;585954.0;37
failed;30/9/2025 2:54;Discover;Tehran;100000.0;63
fail;29/9/2025 13:10;MasterCard;THR;1768588.0;61
failed;19/9/2025 11:11;Visa;Ahvaz;585954.0;85
success;9/9/2025 13:13;Discover;Shiraz;1.0;93
success;10/9/2025 2:20;MasterCard;Tehran;900000.0;38
fail;2/9/2025 14:11;Amex;Tabriz;343679.0;33
Success;1/9/2025 21:10;Amex;karaj;-999999.0;75
fail;30/9/2025 18:00;Amex;Tehran;555555.0;45
success;16/9/2025 9:09;Discover;karaj;300000.0;44
success;18/9/2025 9:00;Master Card;Qom;0.0;1
success;23/9/2025 18:12;Discover;Karaj;650000.0;53
fail;26/9/2025 23:59;Visa;Shiraz;1578078.0;47
success;17/9/2025 14:02;Amex;Isfahan;412308.0;33
failed;6/9/2025 2:30;MastCard;Tabriz;-5000.0;67
failed;14/9/2025 19:51;Visa;Shiraz;-999999.0;91
Success;23/9/2025 2:54;Discover;Ahvaz;120000.0;15
fail;25/9/2025 5:23;Vsa;Tehran;471227.0;14
fail;15/9/2025 14:30;MasterCard;Isfahan;555555.0;23
fail;14/9/2025 2:54;MasterCard;Isfahan;545116.0;54
Success;24/9/2025 4:04;nan;Qom;177050.0;8
fail;22/9/2025 13:13;Visa;Tehran;-999999.0;54
success;3/9/2025 22:27;Amex;tehr@n;583952.0;36
failed;24/9/2025 5:56;Discover;Qom;1158713.0;84
success;23/9/2025 14:11;Visa;TEHRAN;850000.0;52
success;19/9/2025 10:48;Visa;karaj;200000.0;6
fail;25/9/2025 3:00;Amex;Tehran;1387769.0;98
success;12/9/2025 2:24;Visa;Tehran;63489.0;28
Success;2/9/2025 18:12;Amex;THR;9999999999.0;50
success;3/9/2025 19:19;Master Card;Qom;850000.0;38
fail;18/9/2025 6:30;Vsa;Tehran;585954.0;30
fail;29/9/2025 1:51;Discover;tehr@n;63489.0;81
fail;1/9/2025 5:56;Visa;Mashhad;-999999.0;73
success;20/9/2025 18:45;MasterCard;Tabriz;100.5;93
fail;21/9/2025 14:00;Discover;Mashhad;-999999.0;54
success;29/9/2025 12:44;VISA;karaj;976246.0;71
success;6/9/2025 14:02;visa;Tehran;1782689.0;46
success;5/9/2025 16:40;MasterCard;Isfahan;1387769.0;28
fail;1/9/2025 2:37;Visa;Tabriz;0.0;17
success;19/9/2025 14:00;nan;karaj;450000.0;48
success;1/9/2025 6:06;Vsa;Ahvaz;-5000.0;44
fail;27/9/2025 14:00;MasterCard;Isfahan;0.0;60
FAIL;21/9/2025 8:08;Discover;Shiraz;471227.0;60
fail;21/9/2025 19:40;MasterCard;Isfahan;585954.0;5
success;16/9/2025 13:10;Master-Card;Qom;1387769.0;69
fail;12/9/2025 11:11;Visa;nan;914465.0;78
success;27/9/2025 10:48;Vsa;Qom;-5000.0;70
success;29/9/2025 14:00;Visa;ThRan;200000.0;7
fail;22/9/2025 3:27;nan;Karaj;99999.0;53
success;8/9/2025 21:10;MasterCard;Tehran;1427657.0;17
success;26/9/2025 9:09;Visa;Ahvaz;-1.0;59
success;16/9/2025 23:59;Visa;Tehran;650000.0;9
fail;28/9/2025 14:55;Amex;Mashhad;1883871.0;96
fail;1/9/2025 1:01;Discover;Shiraz;450000.0;22
success;4/9/2025 18:00;Amex;TEHRAN;-5000.0;45
fail;10/9/2025 19:19;Discover;Tabriz;1463119.0;73
success;11/9/2025 1:51;Visa;THR;976246.0;59
fail;17/9/2025 10:48;MasterCard;tehr@n;120000.0;80
fail;25/9/2025 13:10;Amex;Tehran;5000.0;99
failed;27/9/2025 23:17;MasterCard;THR;1768588.0;13
success;23/9/2025 2:54;MasterCard;Tabriz;-999999.0;83
success;7/9/2025 23:17;Amex;Tehran;250000.0;12
failed;12/9/2025 17:17;MasterCard;tehr@n;1305967.0;36
success;21/9/2025 19:51;Visa;Isfahan;100.5;10
success;7/9/2025 7:07;Visa;Shiraz;1502601.0;16
FAIL;12/9/2025 6:30;Visa;Qom;-5000.0;93
success;15/9/2025 6:06;MastCard;Tabriz;850000.0;19
success;2/9/2025 21:23;MasterCard;Shiraz;850000.0;6
success;14/9/2025 4:15;MasterCard;Tehran;-5000.0;4
failed;13/9/2025 23:59;Vsa;Tabriz;100000.0;30
fail;4/9/2025 0:00;Discover;tehr@n;-1.0;96
fail;14/9/2025 3:27;Amex;tehr@n;-5000.0;46
fail;14/9/2025 21:23;Visa;Mashhad;0.0;27
fail;16/9/2025 10:48;MastCard;Tehran;9999999999.0;45
fail;7/9/2025 23:17;MastCard;Isfahan;1768588.0;85
failed;19/9/2025 2:37;Vsa;THR;-5000.0;37
success;2/9/2025 13:13;Master-Card;Tehran;100.5;9
fail;10/9/2025 19:29;MastCard;Tehran;300000.0;61
failed;18/9/2025 7:08;Vsa;TEHRAN;-5000.0;35
success;29/9/2025 18:12;Discover;Isfahan;1387769.0;47
success;17/9/2025 10:05;Discover;Tehran;250000.0;21
fail;5/9/2025 21:10;Master Card;Tehran;100.5;17
failed;12/9/2025 20:33;nan;THR;1427657.0;55
fail;6/9/2025 7:07;Amex;Mashhad;914465.0;89
fail;22/9/2025 13:13;Discover;Tehran;100.5;96
fail;9/9/2025 2:37;Master-Card;TEHRAN;99999.0;6
success;20/9/2025 21:21;Discover;karaj;-5000.0;35
success;1/9/2025 9:45;Visa;Tehran;1472823.0;50
fail;22/9/2025 8:59;Amex;Qom;1000.0;37
fail;15/9/2025 2:30;Visa;Tabriz;412308.0;13
success;21/9/2025 4:04;Discover;Mashhad;-5000.0;25
success;26/9/2025 17:17;Vsa;Tabriz;1768588.0;97
fail;6/9/2025 5:56;Discover;Tabriz;914465.0;1
failed;19/9/2025 18:00;nan;Qom;177050.0;49
FAIL;18/9/2025 6:06;Master Card;Qom;0.0;35
fail;6/9/2025 12:12;Vsa;Isfahan;-5000.0;83
success;13/9/2025 9:09;visa;Tehran;99999.0;53
fail;1/9/2025 21:10;MasterCard;Tehran ;914282.0;52
success;23/9/2025 20:33;Amex;Tehran;1768588.0;54
success;23/9/2025 7:07;Vsa;Shiraz;205000.0;76
fail;26/9/2025 7:32;MasterCard;Tehran;583952.0;47
success;13/9/2025 21:23;MasterCard;Karaj;-5000.0;43
failed;7/9/2025 20:33;Amex;Tehran;1768588.0;20
fail;15/9/2025 2:54;Amex;Tabriz;200000.0;33
fail;12/9/2025 6:30;MastCard;Shiraz;0.0;94
fail;27/9/2025 19:19;MastCard;Tabriz;1387769.0;16
success;26/9/2025 22:27;MastCard;Mashhad;-999999.0;78
failed;1/9/2025 14:11;MastCard;Tehran;1782689.0;7
success;15/9/2025 21:23;MasterCard;Tabriz;9999999999.0;70
success;4/9/2025 15:45;Visa;Karaj;-999999.0;21
failed;13/9/2025 16:40;Vsa;Tehran;0.0;36
success;23/9/2025 21:23;Visa;Tehran;0.0;87
success;27/9/2025 21:21;visa;Tabriz;1463119.0;54
success;25/9/2025 12:34;Vsa;Tehran;333333.0;19
failed;5/9/2025 2:30;MastCard;Tehran;583952.0;25
fail;29/9/2025 9:09;VISA;Tabriz;471227.0;67
fail;2/9/2025 17:07;Amex;Tehran;0.0;53
fail;23/9/2025 21:10;Visa;THR;1463119.0;99
failed;26/9/2025 12:12;Amex;Tehran;5000.0;75
success;1/9/2025 7:07;Discover;THR;333333.0;48
fail;16/9/2025 6:30;Discover;karaj;914282.0;42
succeed;23/9/2025 6:30;MasterCard;Tehran;900000.0;47
Success;6/9/2025 2:20;Vsa;Tehran;555555.0;92
FAIL;23/9/2025 12:12;MasterCard;Tehran;9999999999.0;42
fail;16/9/2025 12:12;MasterCard;Qom;412308.0;2
failed;14/9/2025 22:27;Discover;Shiraz;1502601.0;6
fail;29/9/2025 15:45;MasterCard;Shiraz;0.0;46
fail;26/9/2025 2:54;Discover;Qom;1578078.0;66
fail;3/9/2025 17:17;Discover;Tehran;100000.0;81
success;15/9/2025 19:51;MastCard;karaj;177050.0;40
fail;3/9/2025 4:04;Discover;Tabriz;850000.0;58
success;23/9/2025 2:30;Visa;ThRan;419089.0;78
failed;29/9/2025 7:08;Discover;Isfahan;1387769.0;74
fail;2/9/2025 2:37;Amex;Tabriz;1.0;33
fail;1/9/2025 5:23;Vsa;TEHRAN;1387769.0;62
fail;9/9/2025 23:59;VISA;Qom;300000.0;12
Success;9/9/2025 14:30;MastCard;Karaj;123456.0;97
fail;23/9/2025 8:59;MasterCard;Isfahan;100000.0;49
success;7/9/2025 4:40;Discover;THR;1472823.0;89
fail;3/9/2025 7:08;Visa;TEHRAN;-999999.0;78
failed;26/9/2025 14:00;Amex;Isfahan;0.0;5
fail;18/9/2025 13:13;MasterCard;Tabriz;1.0;51
success;11/9/2025 2:30;MastCard;Shiraz;0.0;69
success;7/9/2025 5:23;Discover;tehr@n;1768588.0;32
failed;9/9/2025 7:07;Discover;Shiraz;177050.0;49
fail;1/9/2025 4:04;Discover;tehr@n;1782689.0;98
success;29/9/2025 12:12;Vsa;Isfahan;100.5;60
fail;14/9/2025 11:11;Visa;TEHRAN;-5000.0;46
Success;20/9/2025 1:51;Amex;Tehran;-1.0;68
success;6/9/2025 7:32;Visa;Isfahan;0.0;95
success;7/9/2025 8:08;Amex;Mashhad;1768588.0;41
success;10/9/2025 4:04;Visa;Shiraz;555555.0;81
fail;7/9/2025 14:11;Visa;Tabriz;12345.0;67
fail;26/9/2025 22:27;Visa;TEHRAN;120000.0;13
success;2/9/2025 3:27;Discover;TEHRAN;63489.0;18
Success;30/9/2025 2:30;Discover;Ahvaz;100.5;88
fail;4/9/2025 14:55;Vsa;Tehran;-5000.0;100
failed;21/9/2025 12:12;Visa;Tehran;1472823.0;98
fail;30/9/2025 1:51;Visa;Mashhad;1427657.0;51
Success;28/9/2025 5:56;Amex;Ahvaz;412308.0;36
fail;17/9/2025 6:30;MastCard;Tehran;0.0;81
fail;1/9/2025 9:45;Discover;Shiraz;900000.0;34
success;10/9/2025 18:00;Amex;Mashhad;-5000.0;12
success;19/9/2025 10:48;Vsa;Karaj;-5000.0;5
success;15/9/2025 14:11;Discover;Isfahan;419089.0;48
success;10/9/2025 0:00;MasterCard;Karaj;1768588.0;92
success;19/9/2025 7:32;Visa;Tehran;976246.0;40
fail;12/9/2025 18:45;Visa;Tabriz;5000.0;13
fail;24/9/2025 2:37;visa;TEHRAN;5000.0;26
fail;16/9/2025 7:32;Discover;Tabriz;120000.0;14
success;9/9/2025 2:24;Discover;ThRan;1050805.0;97
success;15/9/2025 4:40;VISA;Tehran;-5000.0;11
success;30/9/2025 14:00;MastCard;Mashhad;1000.0;38
success;27/9/2025 3:27;Amex;Tabriz;200000.0;80
fail;28/9/2025 14:11;MastCard;nan;914465.0;57
success;17/9/2025 18:12;MastCard;nan;412308.0;22
fail;14/9/2025 18:45;MastCard;Tabriz;545116.0;16
success;27/9/2025 8:59;Visa;Tabriz;471227.0;77
fail;18/9/2025 11:11;MasterCard;Ahvaz;1883871.0;76
success;26/9/2025 9:45;Discover;TEHRAN;1.0;82
success;2/9/2025 22:27;Visa;Shiraz;1502601.0;29
success;4/9/2025 23:59;MasterCard;THR;471227.0;82
success;18/9/2025 0:00;Amex;Tehran;-999999.0;2
fail;7/9/2025 7:07;Visa;Shiraz;200000.0;54
fail;13/9/2025 10:48;Discover;Karaj;343679.0;2
success;15/9/2025 20:20;Amex;Tehran;333333.0;3
failed;25/9/2025 16:16;Amex;Ahvaz;1427657.0;94
fail;23/9/2025 13:13;Master-Card;tehr@n;850000.0;56
fail;28/9/2025 3:27;Vsa;TEHRAN;250000.0;72
success;22/9/2025 21:23;VISA;Tabriz;99999.0;11
success;26/9/2025 2:37;Amex;Tabriz;1883871.0;76
success;1/9/2025 1:51;MastCard;Mashhad;0.0;32
failed;11/9/2025 7:08;Master-Card;Tehran;900000.0;4
success;10/9/2025 11:11;Vsa;tehr@n;452545.0;9
fail;25/9/2025 22:27;MastCard;Tehran;9999999999.0;89
fail;5/9/2025 8:59;MasterCard;Ahvaz;1158713.0;56
success;16/9/2025 2:37;Discover;Isfahan;850000.0;16
success;11/9/2025 4:15;Master-Card;Qom;177050.0;81
fail;21/9/2025 2:54;Vsa;Tehran;1472823.0;87
FAIL;6/9/2025 5:56;Vsa;Tabriz;177050.0;71
fail;9/9/2025 23:59;Visa;Isfahan;1.0;10
success;13/9/2025 14:30;Discover;Karaj;-5000.0;94
fail;24/9/2025 6:30;MasterCard;Ahvaz;0.0;36
failed;8/9/2025 13:10;Vsa;Tehran;850000.0;24
failed;14/9/2025 10:05;Master-Card;Tehran;850000.0;64
fail;24/9/2025 16:40;Discover;Karaj;1387769.0;56
Success;1/9/2025 1:01;MastCard;karaj;-5000.0;78
fail;17/9/2025 14:00;Visa;Tabriz;0.0;78
success;24/9/2025 23:59;MasterCard;Tabriz;99999.0;90
failed;5/9/2025 3:27;MasterCard;Tehran;1158713.0;22
success;25/9/2025 14:55;MastCard;Tehran;9999999999.0;52
Success;2/9/2025 9:00;Master-Card;Tehran;1768588.0;50
failed;25/9/2025 23:59;Discover;Qom;-999999.0;47
succeed;28/9/2025 7:08;MasterCard;TEHRAN;1502601.0;23
fail;30/9/2025 4:15;Amex;Tehran;0.0;97
fail;24/9/2025 7:08;Discover;Ahvaz;-999999.0;91
success;9/9/2025 23:17;visa;Qom;1472823.0;92
success;4/9/2025 3:27;Master-Card;tehr@n;177050.0;76
success;17/9/2025 2:37;Discover;Ahvaz;-5000.0;83
fail;17/9/2025 5:23;MasterCard;THR;100.5;19
failed;21/9/2025 2:30;Visa;Shiraz;650000.0;52
FAIL;18/9/2025 17:07;MasterCard;karaj;9999999999.0;34
success;16/9/2025 12:34;MastCard;Isfahan;63489.0;97
fail;30/9/2025 9:45;Visa;Tabriz;0.0;29
fail;8/9/2025 2:30;Master-Card;TEHRAN;200000.0;61
fail;26/9/2025 10:48;Amex;Karaj;1768588.0;85
success;11/9/2025 2:24;visa;Tehran;-5000.0;35
Success;21/9/2025 1:01;Visa;THR;-5000.0;5
fail;21/9/2025 11:11;Vsa;Isfahan;0.0;76
success;18/9/2025 18:00;Vsa;Tabriz;177050.0;7
success;23/9/2025 14:11;Visa;Shiraz;583952.0;41
fail;29/9/2025 0:00;Discover;Qom;177050.0;2
success;24/9/2025 2:54;Master-Card;Qom;850000.0;90
success;10/9/2025 17:17;MasterCard;Tabriz;471227.0;10
failed;13/9/2025 12:44;MasterCard;Tehran ;555555.0;44
success;17/9/2025 5:56;Master-Card;tehr@n;976246.0;70
success;18/9/2025 16:16;Visa;Tehran;1387769.0;92
fail;10/9/2025 10:05;MasterCard;Isfahan;-999999.0;35
fail;16/9/2025 6:30;Amex;Tehran;0.0;62
fail;20/9/2025 14:11;Amex;THR;450000.0;74
fail;5/9/2025 7:08;Discover;THR;419089.0;73
fail;13/9/2025 4:04;Amex;Mashhad;-999999.0;20
fail;18/9/2025 19:51;MastCard;karaj;0.0;35
success;17/9/2025 8:59;Amex;Karaj;-999999.0;37
success;9/9/2025 13:10;MastCard;Mashhad;1463119.0;72
fail;14/9/2025 11:11;Discover;Isfahan;1578078.0;54
fail;17/9/2025 9:00;Vsa;Tabriz;452545.0;96
success;29/9/2025 5:56;MasterCard;Tabriz;250000.0;80
fail;4/9/2025 11:11;visa;Qom;343679.0;28
success;18/9/2025 19:40;Visa;Tehran;914282.0;70
success;27/9/2025 21:23;Discover;Tehran;976246.0;32
fail;20/9/2025 19:51;Visa;Tehran;177050.0;93
fail;24/9/2025 21:23;Amex;Shiraz;419089.0;11
fail;24/9/2025 14:11;Discover;nan;0.0;42
fail;15/9/2025 3:27;MastCard;TEHRAN;1502601.0;23
Success;11/9/2025 2:37;Master-Card;Karaj;471227.0;30
fail;12/9/2025 2:30;Visa;Ahvaz;976246.0;9
success;9/9/2025 3:00;Visa;Isfahan;914282.0;93
success;13/9/2025 18:12;Master-Card;Tabriz;0.0;89
fail;15/9/2025 6:30;Discover;Isfahan;1782689.0;59
fail;27/9/2025 22:27;MasterCard;Tehran;300000.0;28
failed;15/9/2025 10:48;Visa;Shiraz;0.0;89
failed;28/9/2025 11:11;MasterCard;Tehran;200000.0;79
fail;5/9/2025 7:08;Visa;Ahvaz;585954.0;33
fail;23/9/2025 23:59;Amex;Tehran;471227.0;47
success;19/9/2025 10:48;MasterCard;Tabriz;343679.0;99
fail;26/9/2025 19:29;Vsa;tehr@n;583952.0;22
fail;20/9/2025 3:27;Discover;Tehran;100.5;29
fail;26/9/2025 2:30;MasterCard;Mashhad;-5000.0;34
fail;25/9/2025 8:08;Discover;Tehran;-999999.0;42
fail;26/9/2025 21:23;nan;Tehran;-999999.0;52
success;26/9/2025 8:59;MasterCard;Shiraz;100.5;47
success;14/9/2025 9:00;Visa;Shiraz;100.5;74
success;28/9/2025 14:11;Discover;Tehran;12345.0;51
fail;17/9/2025 8:08;Visa;THR;177050.0;45
success;18/9/2025 19:29;Visa;Karaj;914465.0;95
success;21/9/2025 12:44;MasterCard;Tabriz;343679.0;75
fail;3/9/2025 2:30;Discover;Tabriz;100.5;34
fail;2/9/2025 15:45;VISA;Ahvaz;-999999.0;21
fail;1/9/2025 11:11;Visa;Karaj;976246.0;13
fail;10/9/2025 3:00;Vsa;Tehran;585954.0;54
Success;19/9/2025 2:30;Discover;Isfahan;583952.0;25
success;17/9/2025 20:33;Visa;Tabriz;100.5;21
fail;12/9/2025 14:11;VISA;Tabriz;914465.0;1
success;1/9/2025 12:34;Vsa;Tabriz;-5000.0;58
fail;12/9/2025 19:51;Amex;Tehran ;471227.0;69
fail;17/9/2025 20:33;MastCard;Ahvaz;177050.0;87
fail;24/9/2025 12:44;visa;Ahvaz;1305967.0;71
success;3/9/2025 2:30;Amex;Tabriz;1472823.0;13
fail;11/9/2025 14:55;Visa;Tehran;123456.0;52
fail;17/9/2025 14:02;Visa;Tehran;9999999999.0;23
fail;23/9/2025 9:45;Amex;Qom;419089.0;21
fail;26/9/2025 1:51;Amex;Tabriz;914465.0;6
success;3/9/2025 12:34;MastCard;Tehran;914282.0;20
failed;8/9/2025 2:30;Visa;Tehran;0.0;76
success;20/9/2025 14:55;Master Card;THR;850000.0;40
success;4/9/2025 7:08;Amex;Qom;0.0;9
Success;21/9/2025 12:12;Amex;Tehran;583952.0;50
fail;22/9/2025 6:06;Visa;Ahvaz;177050.0;28
fail;7/9/2025 13:13;VISA;Ahvaz;-999999.0;11
success;14/9/2025 3:27;Amex;Tabriz;976246.0;97
fail;14/9/2025 19:40;Amex;Tehran;471227.0;75
success;4/9/2025 7:32;Master Card;karaj;100.5;89
fail;16/9/2025 17:07;nan;Tabriz;443463.0;56
fail;24/9/2025 16:40;Visa;karaj;976246.0;79
success;29/9/2025 7:08;nan;Tehran;1883871.0;35
Success;22/9/2025 10:48;MastCard;Mashhad;1463119.0;81
fail;30/9/2025 17:07;Visa;Tehran;0.0;25
fail;1/9/2025 0:00;Discover;Shiraz;1883871.0;100
success;17/9/2025 2:30;MasterCard;nan;914465.0;19
fail;25/9/2025 19:40;Amex;Isfahan;50200.0;31
fail;10/9/2025 3:00;MastCard;Tehran;914465.0;81
fail;22/9/2025 2:37;Visa;Tabriz;9999999999.0;50
success;16/9/2025 8:59;Vsa;TEHRAN;650000.0;88
failed;16/9/2025 13:13;Vsa;Ahvaz;1463119.0;63
success;26/9/2025 3:27;Amex;Tabriz;1472823.0;47
fail;8/9/2025 8:59;nan;tehr@n;914282.0;1
fail;29/9/2025 18:12;Vsa;Shiraz;976246.0;58
fail;7/9/2025 16:40;Visa;Tehran;177050.0;10
Success;28/9/2025 17:07;Vsa;Qom;0.0;8
success;6/9/2025 2:37;Master Card;Mashhad;-5000.0;26
fail;16/9/2025 7:08;Visa;karaj;0.0;34
success;20/9/2025 18:00;VISA;Isfahan;545116.0;19
success;16/9/2025 0:00;Visa;THR;0.0;78
FAIL;7/9/2025 7:08;MasterCard;karaj;300000.0;72
failed;9/9/2025 0:00;Vsa;Shiraz;0.0;1
fail;14/9/2025 3:27;Vsa;Tabriz;471227.0;48
success;11/9/2025 8:08;MastCard;Tehran ;1472823.0;25
success;26/9/2025 2:24;MasterCard;Qom;1000.0;24
fail;26/9/2025 14:11;Amex;TEHRAN;205000.0;47
success;14/9/2025 23:59;MastCard;Tabriz;0.0;84
success;7/9/2025 3:27;MasterCard;ThRan;177050.0;95
fail;1/9/2025 10:48;Amex;karaj;1427657.0;69
success;26/9/2025 16:16;Vsa;tehr@n;850000.0;67
success;25/9/2025 21:23;Discover;Tabriz;412308.0;32
fail;13/9/2025 2:37;MasterCard;Isfahan;-999999.0;17
fail;20/9/2025 15:45;Visa;Tehran;0.0;61
success;3/9/2025 12:44;MastCard;Tehran;-5000.0;69
fail;20/9/2025 0:00;Visa;Tabriz;1883871.0;11
failed;4/9/2025 12:12;MasterCard;tehr@n;1463119.0;38
fail;29/9/2025 20:33;Visa;Shiraz;1578078.0;68
fail;26/9/2025 4:04;Visa;Tabriz;200000.0;19
fail;11/9/2025 1:01;MasterCard;tehr@n;1578078.0;88
success;2/9/2025 2:30;MasterCard;Karaj;585954.0;17
success;14/9/2025 21:10;MasterCard;TEHRAN;900000.0;13
fail;12/9/2025 20:33;Visa;TEHRAN;-5000.0;92
fail;30/9/2025 16:40;Master Card;Ahvaz;200000.0;1
failed;17/9/2025 0:00;Visa;Tabriz;177050.0;2
fail;12/9/2025 23:59;Master-Card;nan;343679.0;82
fail;26/9/2025 2:30;MastCard;Tabriz;545116.0;98
fail;12/9/2025 8:08;Visa;Shiraz;471227.0;66
fail;1/9/2025 14:02;MasterCard;karaj;1305967.0;68
fail;13/9/2025 6:30;visa;Tehran;63489.0;16
fail;14/9/2025 20:33;Amex;Shiraz;120000.0;4
fail;24/9/2025 21:10;Visa;Isfahan;100000.0;57
failed;30/9/2025 9:00;MasterCard;Tabriz;0.0;73
fail;2/9/2025 18:12;MasterCard;Tehran;914282.0;85
success;12/9/2025 23:17;Vsa;THR;471227.0;23
success;26/9/2025 5:23;nan;Tehran;1463119.0;2
fail;21/9/2025 3:27;Visa;THR;0.0;67
success;28/9/2025 14:55;Discover;Qom;0.0;88
success;16/9/2025 1:01;Discover;Shiraz;471227.0;26
fail;4/9/2025 21:10;visa;karaj;976246.0;7
failed;8/9/2025 14:30;Amex;Mashhad;-5000.0;44
success;2/9/2025 8:59;Master-Card;Isfahan;5000.0;33
failed;10/9/2025 18:00;MasterCard;Tehran;250000.0;64
failed;9/9/2025 4:15;MastCard;Qom;300000.0;36
fail;23/9/2025 10:05;Discover;Qom;1387769.0;4
fail;15/9/2025 21:23;nan;Tabriz;555555.0;23
fail;13/9/2025 5:56;MasterCard;Qom;177050.0;25
failed;23/9/2025 13:13;Vsa;Isfahan;471227.0;91
failed;17/9/2025 8:59;Discover;Ahvaz;50200.0;93
success;30/9/2025 18:45;MastCard;Qom;1883871.0;93
fail;16/9/2025 11:11;MasterCard;tehr@n;419089.0;85
fail;28/9/2025 2:37;Visa;Mashhad;1782689.0;74
failed;2/9/2025 5:56;MasterCard;THR;976246.0;27
Success;20/9/2025 8:08;Amex;Mashhad;12345.0;51
fail;20/9/2025 2:20;Visa;Qom;1472823.0;79
fail;27/9/2025 16:40;Visa;Isfahan;-999999.0;81
fail;14/9/2025 3:27;MasterCard;Isfahan;250000.0;100
fail;3/9/2025 7:07;Discover;tehr@n;1387769.0;69
failed;23/9/2025 23:59;MasterCard;Tabriz;976246.0;80
success;12/9/2025 1:51;MasterCard;Tehran;250000.0;23
success;8/9/2025 18:12;Visa;karaj;585954.0;9
success;2/9/2025 14:00;Visa;Qom;0.0;33
fail;4/9/2025 10:05;Vsa;Tabriz;9999999999.0;35
fail;14/9/2025 14:02;Visa;Isfahan;343679.0;50
success;16/9/2025 2:20;Amex;Mashhad;177050.0;24
success;19/9/2025 4:40;MasterCard;Qom;0.0;89
fail;2/9/2025 14:30;VISA;karaj;419089.0;24
fail;12/9/2025 23:17;Visa;Isfahan;1305967.0;19
fail;29/9/2025 7:08;Vsa;Shiraz;1.0;39
fail;14/9/2025 16:16;MasterCard;karaj;774681.0;61
success;6/9/2025 8:59;Visa;karaj;1463119.0;25
success;13/9/2025 2:54;Discover;Tabriz;471227.0;96
success;4/9/2025 18:00;MasterCard;Isfahan;200000.0;25
failed;22/9/2025 2:20;Discover;Qom;900000.0;27
success;18/9/2025 7:07;Discover;THR;1768588.0;32
fail;12/9/2025 4:15;nan;Ahvaz;-5000.0;11
fail;20/9/2025 5:56;Discover;Qom;300000.0;69
failed;27/9/2025 14:11;MasterCard;ThRan;774681.0;33
success;22/9/2025 6:30;MastCard;Isfahan;123456.0;19
fail;30/9/2025 4:15;Vsa;karaj;452545.0;16
success;21/9/2025 11:11;Visa;karaj;0.0;100
success;19/9/2025 11:11;MastCard;TEHRAN;-5000.0;11
failed;8/9/2025 13:13;MasterCard;ThRan;9999999999.0;75
Success;7/9/2025 19:51;Visa;Mashhad;1.0;74
success;16/9/2025 2:30;Discover;Tehran;1305967.0;99
success;19/9/2025 16:16;Visa;Mashhad;343679.0;69
fail;6/9/2025 2:54;Discover;THR;583952.0;88
success;20/9/2025 14:00;Discover;karaj;976246.0;55
success;27/9/2025 13:10;Discover;Isfahan;100.5;25
success;21/9/2025 23:59;Amex;Tehran;1305967.0;94
success;11/9/2025 14:55;MastCard;Mashhad;583952.0;77
failed;5/9/2025 0:00;Amex;Mashhad;1883871.0;97
fail;16/9/2025 18:12;MastCard;Tehran;0.0;34
fail;7/9/2025 10:48;Master-Card;Ahvaz;300000.0;12
success;27/9/2025 11:11;Master-Card;Tabriz;177050.0;89
failed;5/9/2025 21:23;Master-Card;Shiraz;333333.0;21
failed;11/9/2025 23:59;Visa;Tehran;585954.0;29
success;15/9/2025 12:12;Discover;THR;0.0;51
failed;3/9/2025 0:00;MasterCard;Karaj;0.0;23
success;26/9/2025 7:08;Discover;Isfahan;1050805.0;33
fail;5/9/2025 16:40;Visa;Shiraz;1782689.0;8
success;23/9/2025 2:24;Discover;Tehran;900000.0;42
fail;21/9/2025 14:02;VISA;ThRan;914465.0;77
fail;5/9/2025 18:00;Discover;Ahvaz;9999999999.0;69
fail;9/9/2025 21:21;MasterCard;Ahvaz;9999999999.0;41
fail;15/9/2025 14:11;Visa;Tehran;471227.0;74
fail;3/9/2025 4:40;MastCard;Tehran;1782689.0;63
fail;29/9/2025 16:40;MasterCard;Qom;-999999.0;14
fail;6/9/2025 2:30;Visa;Tehran;1502601.0;89
fail;17/9/2025 13:10;VISA;Ahvaz;-5000.0;62
success;26/9/2025 7:08;Vsa;Isfahan;1305967.0;75
success;21/9/2025 22:27;MastCard;Isfahan;1883871.0;46
failed;8/9/2025 2:20;Master Card;Tehran;1578078.0;67
failed;21/9/2025 2:20;MasterCard;nan;-999999.0;94
success;25/9/2025 22:27;MastCard;tehr@n;-5000.0;53
success;11/9/2025 7:08;Visa;Tehran;900000.0;52
fail;6/9/2025 14:00;MastCard;Tabriz;914465.0;95
fail;8/9/2025 10:48;Visa;Isfahan;471227.0;7
success;10/9/2025 8:08;Visa;Tabriz;976246.0;81
success;24/9/2025 14:02;MasterCard;tehr@n;0.0;84
failed;29/9/2025 21:23;Visa;Karaj;343679.0;54
success;3/9/2025 10:05;MasterCard;tehr@n;1502601.0;11
fail;23/9/2025 14:30;MasterCard;THR;205000.0;25
failed;14/9/2025 6:30;Amex;Ahvaz;-1.0;59
success;23/9/2025 14:11;Visa;Karaj;0.0;89
failed;14/9/2025 13:13;Visa;THR;0.0;66
success;10/9/2025 5:56;Amex;Karaj;300000.0;27
fail;12/9/2025 13:13;Amex;Tehran;177050.0;83
fail;6/9/2025 2:54;Visa;Shiraz;650000.0;58
fail;12/9/2025 9:00;MasterCard;Mashhad;100.5;94
fail;23/9/2025 5:23;Vsa;ThRan;-1.0;11
fail;14/9/2025 18:00;Visa;Mashhad;100.5;55
success;2/9/2025 18:45;MasterCard;Tehran;900000.0;19
failed;9/9/2025 0:00;Discover;Tabriz;205000.0;93
failed;10/9/2025 19:51;nan;TEHRAN;-5000.0;39
success;26/9/2025 4:15;Visa;Tehran ;1158713.0;85
fail;17/9/2025 14:11;Discover;Karaj;343679.0;91
fail;17/9/2025 18:45;Master-Card;Tehran;914465.0;87
success;3/9/2025 7:08;Discover;Tehran;1578078.0;70
fail;30/9/2025 12:34;MasterCard;Mashhad;-1.0;11
failed;19/9/2025 0:00;Visa;nan;650000.0;14
Success;1/9/2025 14:11;visa;THR;100.5;60
fail;12/9/2025 21:23;Vsa;tehr@n;450000.0;36
success;7/9/2025 2:30;Amex;Shiraz;1463119.0;41
fail;4/9/2025 21:23;Visa;THR;1463119.0;2
success;10/9/2025 7:07;Visa;Tabriz;0.0;57
fail;13/9/2025 19:51;MasterCard;Tehran;200000.0;60
fail;2/9/2025 14:11;Discover;TEHRAN;0.0;20
success;10/9/2025 18:00;Amex;Tabriz;-5000.0;22
success;21/9/2025 5:56;Amex;Karaj;412308.0;4
success;22/9/2025 19:40;Vsa;Shiraz;333333.0;56
success;25/9/2025 16:16;Discover;Tehran;1883871.0;94
success;4/9/2025 6:06;Amex;Tehran;1578078.0;58
success;18/9/2025 19:40;Vsa;Tabriz;-999999.0;89
FAIL;5/9/2025 2:54;MasterCard;Ahvaz;9999999999.0;65
failed;19/9/2025 12:44;Vsa;Tehran;914465.0;89
failed;2/9/2025 20:33;Visa;Isfahan;1427657.0;58
success;12/9/2025 18:12;MastCard;Shiraz;-999999.0;30
success;17/9/2025 1:51;Master Card;Tehran;205000.0;76
fail;10/9/2025 13:13;Discover;Tehran;1883871.0;19
fail;2/9/2025 11:11;Discover;Isfahan;250000.0;62
failed;6/9/2025 4:40;Visa;Tabriz;1305967.0;68
failed;8/9/2025 4:15;Amex;Shiraz;-5000.0;79
success;29/9/2025 0:00;Amex;Tehran ;-5000.0;84
success;19/9/2025 8:08;Visa;Tehran;9999999999.0;44
fail;11/9/2025 21:23;MastCard;TEHRAN;250000.0;84
fail;25/9/2025 7:08;Vsa;Isfahan;99999.0;61
success;12/9/2025 2:20;Master-Card;Shiraz;443463.0;21
success;9/9/2025 4:15;Amex;THR;99999.0;10
Success;2/9/2025 13:13;MasterCard;Qom;9999999999.0;30
fail;8/9/2025 2:30;Master-Card;Tehran;1578078.0;24
success;26/9/2025 7:32;MasterCard;Tehran;1578078.0;48
fail;11/9/2025 8:08;Amex;Ahvaz;5000.0;55
succeed;28/9/2025 4:04;Amex;Tabriz;1502601.0;52
failed;21/9/2025 6:06;Discover;Qom;205000.0;38
success;4/9/2025 19:40;Visa;Isfahan;0.0;67
succeed;10/9/2025 16:40;Visa;Tabriz;9999999999.0;94
success;21/9/2025 1:01;MasterCard;Ahvaz;0.0;8
fail;20/9/2025 17:07;MasterCard;Karaj;585954.0;29
success;16/9/2025 23:17;Vsa;Shiraz;-999999.0;10
fail;8/9/2025 9:09;MasterCard;Isfahan;177050.0;69
success;4/9/2025 3:00;Discover;Tabriz;976246.0;75
Success;29/9/2025 19:19;MasterCard;Mashhad;585954.0;68
success;10/9/2025 20:33;Discover;karaj;1578078.0;49
fail;12/9/2025 18:45;Visa;Qom;419089.0;58
fail;29/9/2025 10:48;Visa;Tehran ;343679.0;35
fail;14/9/2025 11:11;Discover;Tehran;-999999.0;50
fail;16/9/2025 6:30;Visa;nan;205000.0;40
fail;22/9/2025 4:40;Visa;Karaj;450000.0;12
success;18/9/2025 19:51;Vsa;karaj;585954.0;85
success;21/9/2025 14:02;Discover;Isfahan;5000.0;16
success;22/9/2025 10:48;Visa;Mashhad;471227.0;78
fail;21/9/2025 22:27;Master Card;Ahvaz;200000.0;85
fail;12/9/2025 21:10;Amex;Ahvaz;177050.0;48
fail;18/9/2025 19:51;Visa;Isfahan;450000.0;92
fail;30/9/2025 7:08;Visa;Tabriz;774681.0;1
fail;7/9/2025 10:48;Amex;Shiraz;1463119.0;65
fail;20/9/2025 21:21;MasterCard;tehr@n;0.0;22
success;24/9/2025 3:27;Visa;Isfahan;914465.0;15
failed;23/9/2025 19:40;Visa;Isfahan;900000.0;84
success;7/9/2025 2:20;nan;TEHRAN;343679.0;67
success;9/9/2025 12:12;Amex;Karaj;-5000.0;14
fail;1/9/2025 21:21;MasterCard;Isfahan;177050.0;73
failed;26/9/2025 11:11;Discover;Tehran;1472823.0;19
fail;6/9/2025 13:13;Visa;Karaj;471227.0;40
fail;6/9/2025 16:40;MasterCard;Isfahan;555555.0;99
fail;22/9/2025 2:37;nan;Tehran;585954.0;4
fail;29/9/2025 7:08;Visa;Shiraz;1463119.0;33
success;12/9/2025 19:29;visa;Tabriz;100.5;43
succeed;22/9/2025 11:11;Visa;Isfahan;-5000.0;37
failed;12/9/2025 8:08;MasterCard;Mashhad;-5000.0;66
fail;10/9/2025 13:13;Visa;Karaj;1427657.0;27
success;23/9/2025 2:24;Amex;Tabriz;1387769.0;45
success;30/9/2025 3:27;MasterCard;Tehran;123456.0;81
failed;26/9/2025 5:56;MastCard;Isfahan;914465.0;50
success;6/9/2025 9:00;MasterCard;Tehran;250000.0;96
success;17/9/2025 14:11;MasterCard;Karaj;-5000.0;63
success;19/9/2025 9:09;MastCard;tehr@n;177050.0;6
success;18/9/2025 6:06;Visa;Shiraz;1000.0;96
fail;6/9/2025 10:05;MasterCard;Tabriz;100000.0;67
fail;24/9/2025 18:45;Visa;Tehran;0.0;67
success;19/9/2025 1:01;MasterCard;Tabriz;976246.0;98
failed;10/9/2025 18:12;Vsa;Tabriz;900000.0;59
success;24/9/2025 3:27;Visa;Tabriz;976246.0;13
succeed;8/9/2025 21:23;nan;Tehran;-5000.0;21
fail;21/9/2025 16:16;Master-Card;TEHRAN;585954.0;64
success;24/9/2025 12:12;MasterCard;THR;1387769.0;37
fail;6/9/2025 19:29;Visa;Shiraz;200000.0;80
Success;21/9/2025 12:44;Vsa;Tehran;50200.0;85
fail;25/9/2025 15:45;Master-Card;Ahvaz;450000.0;48
success;30/9/2025 19:51;Visa;Tehran;419089.0;56
fail;7/9/2025 4:15;nan;Tehran;200000.0;44
success;24/9/2025 2:37;nan;Tabriz;200000.0;13
failed;1/9/2025 20:33;MasterCard;Isfahan;1463119.0;4
fail;27/9/2025 4:04;Vsa;Isfahan;976246.0;96
failed;18/9/2025 12:12;MasterCard;Tehran;0.0;73
Success;24/9/2025 7:07;Amex;Tehran;200000.0;33
fail;28/9/2025 2:37;Discover;THR;0.0;37
success;25/9/2025 0:00;Visa;Isfahan;976246.0;53
fail;20/9/2025 14:30;MastCard;Tabriz;0.0;24
fail;12/9/2025 21:21;Visa;Mashhad;123456.0;90
success;16/9/2025 12:44;Amex;Tehran;63489.0;51
success;10/9/2025 10:48;Master-Card;Qom;1782689.0;41
fail;27/9/2025 18:12;Visa;Tabriz;-5000.0;29
fail;10/9/2025 2:20;Discover;Qom;300000.0;59
failed;14/9/2025 2:24;Amex;Shiraz;0.0;40
success;25/9/2025 19:19;Discover;karaj;914465.0;51
fail;20/9/2025 4:04;Vsa;Tabriz;976246.0;50
success;10/9/2025 19:29;Discover;Mashhad;1472823.0;36
fail;10/9/2025 21:23;Amex;Tehran ;99999.0;79
fail;26/9/2025 3:27;Visa;Karaj;1883871.0;60
success;25/9/2025 23:59;Visa;Tehran ;583952.0;18
success;11/9/2025 10:48;Visa;TEHRAN;5000.0;20
fail;23/9/2025 12:12;Visa;Shiraz;0.0;5
success;2/9/2025 9:00;MasterCard;Tabriz;583952.0;18
fail;25/9/2025 12:12;Amex;Ahvaz;900000.0;40
success;20/9/2025 11:11;Visa;Karaj;850000.0;1
fail;8/9/2025 1:51;Visa;Qom;-5000.0;19
success;30/9/2025 2:37;MasterCard;Karaj;976246.0;88
fail;23/9/2025 21:21;Vsa;Shiraz;1.0;26
success;29/9/2025 12:34;Amex;Mashhad;0.0;29
success;7/9/2025 3:27;Visa;Isfahan;1463119.0;59
fail;8/9/2025 14:02;Master-Card;Tehran;650000.0;63
fail;1/9/2025 6:06;nan;THR;976246.0;99
success;21/9/2025 4:15;Discover;THR;0.0;83
fail;2/9/2025 17:17;Amex;Qom;1502601.0;62
success;18/9/2025 18:45;MasterCard;Tabriz;100.5;48
success;15/9/2025 3:00;Master Card;Tehran;1782689.0;62
success;1/9/2025 9:09;MasterCard;Tehran;177050.0;18
Success;5/9/2025 14:30;VISA;Tehran;1463119.0;66
success;2/9/2025 14:55;Visa;Isfahan;-5000.0;27
success;20/9/2025 3:27;Discover;Tehran;0.0;6
success;3/9/2025 2:54;Vsa;Tabriz;-5000.0;70
Success;19/9/2025 18:12;Vsa;Karaj;300000.0;59
fail;18/9/2025 21:21;MastCard;tehr@n;100.5;6
failed;29/9/2025 20:33;Master-Card;Tabriz;100.5;31
failed;22/9/2025 19:40;MastCard;Mashhad;976246.0;95
fail;18/9/2025 21:23;Amex;nan;1502601.0;56
fail;14/9/2025 13:13;MasterCard;tehr@n;200000.0;54
Success;30/9/2025 21:21;MasterCard;Isfahan;976246.0;85
success;24/9/2025 14:11;MasterCard;Tabriz;120000.0;41
fail;8/9/2025 7:08;Amex;Tabriz;250000.0;18
failed;29/9/2025 7:08;MasterCard;Tehran;-5000.0;88
fail;30/9/2025 12:12;Visa;Mashhad;914465.0;23
fail;12/9/2025 2:30;Visa;Isfahan;583952.0;93
success;21/9/2025 11:11;nan;Karaj;914282.0;36
success;10/9/2025 6:06;Visa;Tabriz;177050.0;25
failed;23/9/2025 19:29;Visa;Karaj;0.0;7
success;20/9/2025 7:07;MasterCard;Tabriz;1782689.0;82
failed;17/9/2025 18:12;Discover;Qom;774681.0;20
fail;11/9/2025 2:54;MasterCard;Shiraz;12345.0;5
success;2/9/2025 2:20;Visa;Shiraz;774681.0;18
fail;26/9/2025 12:12;Visa;Tehran;583952.0;33
fail;26/9/2025 14:02;Vsa;Tabriz;177050.0;79
failed;4/9/2025 19:19;MastCard;Tabriz;1.0;35
fail;1/9/2025 0:00;Visa;Qom;0.0;65
failed;15/9/2025 23:17;MastCard;Tehran;0.0;63
fail;13/9/2025 2:30;Amex;Mashhad;-5000.0;85
fail;8/9/2025 9:09;MastCard;Tehran;0.0;72
fail;25/9/2025 1:01;MasterCard;Isfahan;1000.0;71
success;4/9/2025 14:00;Discover;Karaj;0.0;41
fail;10/9/2025 11:11;Amex;Isfahan;1.0;50
success;19/9/2025 10:48;Discover;Tabriz;-999999.0;30
success;18/9/2025 5:23;Visa;Shiraz;583952.0;38
fail;5/9/2025 4:04;MasterCard;Karaj;471227.0;35
success;30/9/2025 22:27;MastCard;Tabriz;0.0;66
fail;19/9/2025 7:08;MasterCard;Tabriz;5000.0;46
Success;26/9/2025 19:29;Discover;Shiraz;1050805.0;8
fail;23/9/2025 6:30;Vsa;Tehran ;-999999.0;68
fail;27/9/2025 2:37;Master-Card;Tabriz;471227.0;37
fail;22/9/2025 19:51;MasterCard;Shiraz;99999.0;85
success;16/9/2025 13:13;Discover;TEHRAN;914282.0;13
success;1/9/2025 3:27;Amex;Mashhad;-999999.0;73
Success;12/9/2025 17:07;Visa;Tabriz;12345.0;45
failed;24/9/2025 23:59;MastCard;Shiraz;-1.0;29
fail;2/9/2025 23:17;Vsa;Tehran;471227.0;41
success;21/9/2025 2:30;MasterCard;Isfahan;412308.0;56
success;25/9/2025 1:51;Visa;Tabriz;200000.0;89
Success;8/9/2025 12:12;Visa;Tabriz;471227.0;16
fail;18/9/2025 5:23;Amex;Tehran;1883871.0;12
success;25/9/2025 14:55;Discover;Karaj;914282.0;66
failed;16/9/2025 13:13;MasterCard;tehr@n;443463.0;62
fail;5/9/2025 23:59;Discover;Isfahan;9999999999.0;19
success;26/9/2025 8:08;Visa;Tehran;555555.0;30
failed;30/9/2025 22:27;MasterCard;Karaj;50200.0;16
failed;22/9/2025 16:40;MasterCard;Qom;545116.0;89
fail;13/9/2025 2:37;Amex;Karaj;250000.0;13
fail;19/9/2025 6:06;Discover;Shiraz;-5000.0;69
fail;29/9/2025 14:55;Visa;TEHRAN;100.5;23
Success;3/9/2025 13:13;Vsa;Tehran;100.5;62
succeed;26/9/2025 9:09;MastCard;Tehran;250000.0;31
success;8/9/2025 20:20;Vsa;Isfahan;914465.0;53
success;27/9/2025 19:29;Visa;Mashhad;0.0;17
fail;26/9/2025 5:23;Visa;TEHRAN;177050.0;49
success;26/9/2025 14:11;Amex;TEHRAN;1305967.0;49
fail;12/9/2025 19:29;Master-Card;THR;120000.0;67
success;2/9/2025 23:59;Master-Card;Tabriz;1782689.0;26
success;11/9/2025 2:54;Vsa;Karaj;0.0;13
success;12/9/2025 17:17;Visa;Isfahan;-5000.0;38
Success;28/9/2025 21:10;Vsa;tehr@n;1000.0;22
fail;18/9/2025 4:40;Master-Card;Tabriz;1.0;85
success;13/9/2025 19:51;Visa;Tehran;1768588.0;29
success;5/9/2025 18:00;MasterCard;karaj;0.0;45
success;22/9/2025 18:00;MasterCard;Karaj;914282.0;46
success;12/9/2025 13:10;Discover;karaj;177050.0;39
fail;2/9/2025 9:00;MasterCard;Tehran;200000.0;69
fail;5/9/2025 19:51;Master-Card;THR;650000.0;78
fail;7/9/2025 14:00;Master-Card;Karaj;1427657.0;82
fail;26/9/2025 12:44;Master Card;Shiraz;-5000.0;68
success;26/9/2025 5:23;MasterCard;Qom;450000.0;98
fail;24/9/2025 6:06;MasterCard;Ahvaz;-5000.0;39
success;12/9/2025 13:13;Amex;Isfahan;99999.0;20
fail;16/9/2025 2:30;MasterCard;Tehran;5000.0;77
success;23/9/2025 19:29;Visa;Qom;1463119.0;68
success;8/9/2025 0:00;MastCard;Ahvaz;-5000.0;35
fail;30/9/2025 12:12;Discover;Tehran;9999999999.0;8
success;28/9/2025 2:37;Visa;Tabriz;343679.0;52
failed;9/9/2025 1:01;Visa;Karaj;250000.0;40
fail;15/9/2025 18:12;nan;Tabriz;177050.0;36
success;5/9/2025 21:10;Discover;Tehran;450000.0;6
fail;13/9/2025 9:09;MasterCard;TEHRAN;-5000.0;87
fail;5/9/2025 14:02;Master Card;Tehran;-999999.0;70
success;11/9/2025 12:44;MasterCard;Isfahan;-999999.0;73
fail;10/9/2025 4:15;Visa;Isfahan;1427657.0;16
failed;20/9/2025 0:00;Amex;Mashhad;0.0;46
fail;13/9/2025 6:06;Visa;Isfahan;1050805.0;59
fail;9/9/2025 14:30;Visa;TEHRAN;9999999999.0;38
success;21/9/2025 0:00;Master-Card;Shiraz;177050.0;98
success;14/9/2025 3:00;Discover;Isfahan;555555.0;18
success;18/9/2025 1:01;MastCard;Isfahan;0.0;12
fail;15/9/2025 7:07;MasterCard;Mashhad;774681.0;54
failed;10/9/2025 6:06;Visa;Tehran;50200.0;92
Success;24/9/2025 19:40;MasterCard;TEHRAN;177050.0;47
success;7/9/2025 21:21;Visa;Tabriz;450000.0;1
success;8/9/2025 13:10;Discover;Karaj;99999.0;15
success;28/9/2025 21:23;MasterCard;Ahvaz;583952.0;92
fail;3/9/2025 4:40;Visa;karaj;0.0;80
fail;15/9/2025 9:09;Amex;Tehran;1782689.0;21
fail;16/9/2025 21:23;Visa;Qom;1387769.0;1
succeed;4/9/2025 3:27;MasterCard;Tehran;100000.0;94
fail;21/9/2025 21:23;MastCard;Ahvaz;0.0;67
success;6/9/2025 13:13;MasterCard;Mashhad;650000.0;12
fail;1/9/2025 13:13;Master-Card;Tehran;-5000.0;28
success;4/9/2025 2:37;Amex;Karaj;200000.0;39
fail;11/9/2025 23:17;Master Card;Tabriz;976246.0;37
success;12/9/2025 16:16;Discover;Tehran;0.0;96
fail;26/9/2025 2:30;nan;Mashhad;1578078.0;60
failed;29/9/2025 11:11;Amex;Tabriz;1883871.0;31
failed;5/9/2025 10:05;MastCard;tehr@n;300000.0;58
success;23/9/2025 2:54;Master-Card;Isfahan;419089.0;98
fail;29/9/2025 23:59;Amex;Qom;585954.0;98
fail;21/9/2025 22:27;Master-Card;tehr@n;1782689.0;11
failed;16/9/2025 3:27;MasterCard;Isfahan;-5000.0;29
fail;13/9/2025 2:30;Amex;Isfahan;976246.0;90
fail;13/9/2025 0:00;MasterCard;Tehran;585954.0;13
success;17/9/2025 18:12;Visa;tehr@n;9999999999.0;51
fail;27/9/2025 7:07;Amex;Ahvaz;1387769.0;54
fail;7/9/2025 5:56;VISA;Tabriz;471227.0;19
success;8/9/2025 11:11;Vsa;Tabriz;9999999999.0;58
fail;13/9/2025 3:00;MastCard;TEHRAN;1387769.0;36
fail;23/9/2025 21:21;Amex;Qom;123456.0;28
success;27/9/2025 3:27;Discover;Qom;1427657.0;68
fail;16/9/2025 8:08;Visa;Shiraz;200000.0;3
success;30/9/2025 1:51;Visa;Ahvaz;1578078.0;90
fail;29/9/2025 18:00;Visa;tehr@n;9999999999.0;41
success;4/9/2025 21:23;MastCard;Ahvaz;120000.0;35
success;8/9/2025 11:11;Vsa;tehr@n;583952.0;94
success;16/9/2025 12:34;Discover;karaj;-5000.0;94
fail;21/9/2025 7:08;Visa;Tehran;545116.0;76
fail;10/9/2025 14:11;Discover;Tehran;471227.0;100
failed;25/9/2025 9:00;Discover;THR;0.0;84
fail;12/9/2025 11:11;MasterCard;Tehran;333333.0;81
success;12/9/2025 0:00;Discover;Ahvaz;774681.0;76
Success;26/9/2025 13:10;Discover;THR;123456.0;50
success;5/9/2025 7:08;Master-Card;Isfahan;-1.0;74
fail;16/9/2025 3:27;Discover;Isfahan;-5000.0;82
fail;1/9/2025 16:40;Vsa;Tehran;1427657.0;30
Success;28/9/2025 2:20;Amex;Tehran;99999.0;72
success;9/9/2025 18:12;Discover;Karaj;1883871.0;77
success;12/9/2025 21:23;Vsa;Tehran;976246.0;96
success;5/9/2025 6:30;Amex;tehr@n;1578078.0;70
failed;22/9/2025 5:23;Visa;Tabriz;123456.0;54
success;20/9/2025 19:51;Visa;Ahvaz;1883871.0;71
fail;22/9/2025 2:24;MastCard;Tehran;-999999.0;85
success;28/9/2025 11:11;MasterCard;Qom;250000.0;51
success;24/9/2025 18:45;MasterCard;Isfahan;419089.0;28
fail;3/9/2025 11:11;Visa;Tehran;0.0;64
failed;5/9/2025 14:55;Visa;Shiraz;1387769.0;85
fail;2/9/2025 13:10;Vsa;tehr@n;1472823.0;21
success;14/9/2025 14:00;Vsa;Tehran;452545.0;89
fail;2/9/2025 17:17;Amex;Tabriz;419089.0;27
fail;13/9/2025 15:45;Discover;Karaj;1.0;27
success;7/9/2025 4:04;nan;THR;1578078.0;77
succeed;10/9/2025 2:20;Amex;Tehran;545116.0;50
success;13/9/2025 9:00;Vsa;Tehran;177050.0;29
fail;16/9/2025 11:11;Visa;Tehran;443463.0;39
success;26/9/2025 1:01;MasterCard;Tabriz;583952.0;57
fail;14/9/2025 13:13;Master-Card;Tehran;-999999.0;93
fail;11/9/2025 19:29;Discover;Isfahan;0.0;37
fail;10/9/2025 2:30;MastCard;Isfahan;0.0;94
fail;6/9/2025 12:12;Amex;Mashhad;0.0;64
success;4/9/2025 16:16;Visa;Tehran;177050.0;48
success;21/9/2025 21:21;Vsa;Mashhad;-999999.0;22
fail;1/9/2025 0:00;Visa;Tehran;583952.0;30
success;7/9/2025 7:08;MastCard;Tabriz;419089.0;28
fail;24/9/2025 12:12;visa;Isfahan;-999999.0;23
Success;9/9/2025 2:54;Master Card;Tehran;205000.0;98
success;8/9/2025 21:23;Vsa;karaj;9999999999.0;4
fail;5/9/2025 19:19;MasterCard;Tehran;-5000.0;3
FAIL;19/9/2025 10:48;MastCard;Ahvaz;100.5;61
fail;10/9/2025 13:10;MastCard;Mashhad;1050805.0;97
success;11/9/2025 20:20;Visa;Mashhad;471227.0;4
fail;25/9/2025 9:45;Visa;Shiraz;100.5;65
success;15/9/2025 4:15;Amex;Tehran;914282.0;12
success;6/9/2025 9:09;Visa;Tehran;12345.0;13
fail;15/9/2025 13:10;Master-Card;Tabriz;585954.0;34
fail;5/9/2025 17:17;MasterCard;Isfahan;343679.0;59
success;29/9/2025 11:11;Discover;Isfahan;63489.0;94
fail;19/9/2025 13:10;Discover;Karaj;-5000.0;73
fail;22/9/2025 19:29;Master-Card;Tehran;-5000.0;31
success;19/9/2025 11:11;nan;tehr@n;-5000.0;71
failed;10/9/2025 13:10;Visa;Tehran;976246.0;13
fail;12/9/2025 7:08;Vsa;Tabriz;0.0;54
fail;22/9/2025 2:30;Amex;TEHRAN;914282.0;2
failed;4/9/2025 2:37;Amex;Tehran;200000.0;33
fail;18/9/2025 12:12;Vsa;nan;471227.0;50
success;16/9/2025 10:48;Visa;Tehran;-5000.0;7
Success;8/9/2025 7:08;MasterCard;Tehran;419089.0;18
failed;4/9/2025 19:51;Discover;Tabriz;1782689.0;51
fail;25/9/2025 12:12;Visa;Isfahan;9999999999.0;8
fail;23/9/2025 9:00;Visa;Mashhad;100000.0;55
fail;12/9/2025 10:48;Visa;Tehran;450000.0;76
Success;2/9/2025 15:45;Amex;Tehran;0.0;43
succeed;4/9/2025 2:54;Visa;Tehran;1050805.0;59
fail;5/9/2025 11:11;Amex;Tabriz;1463119.0;30
success;3/9/2025 2:24;Amex;TEHRAN;0.0;59
failed;9/9/2025 7:08;Master-Card;Isfahan;-1.0;9
fail;29/9/2025 17:07;Amex;Ahvaz;250000.0;93
fail;21/9/2025 4:04;visa;Tehran;545116.0;68
fail;18/9/2025 2:24;Visa;Tehran;-5000.0;39
success;11/9/2025 7:32;MastCard;Qom;12345.0;81
failed;3/9/2025 10:48;Visa;karaj;419089.0;11
failed;30/9/2025 11:11;MastCard;TEHRAN;650000.0;2
fail;25/9/2025 2:37;Discover;Qom;1387769.0;23
fail;23/9/2025 15:45;Amex;Tabriz;1305967.0;63
success;2/9/2025 7:08;Discover;Tehran;120000.0;22
success;9/9/2025 19:40;Visa;Shiraz;177050.0;61
success;14/9/2025 8:08;MastCard;Tabriz;200000.0;26
success;4/9/2025 6:30;Master-Card;karaj;-999999.0;12
success;29/9/2025 22:27;Visa;Qom;5000.0;32
fail;9/9/2025 19:51;nan;THR;419089.0;9
success;13/9/2025 17:17;Visa;Qom;1768588.0;69
succeed;18/9/2025 5:56;MastCard;Ahvaz;650000.0;91
fail;15/9/2025 7:08;Master Card;Tabriz;100000.0;71
success;28/9/2025 21:10;Visa;Mashhad;1463119.0;94
fail;10/9/2025 9:45;MasterCard;Tehran;1463119.0;33
success;16/9/2025 16:16;Discover;Shiraz;471227.0;24
success;12/9/2025 7:08;Discover;Mashhad;1305967.0;90
success;20/9/2025 13:10;MastCard;Ahvaz;-999999.0;96
failed;5/9/2025 1:01;Amex;Karaj;443463.0;94
fail;2/9/2025 22:27;VISA;Shiraz;0.0;69
success;10/9/2025 8:08;Visa;Tehran;1578078.0;38
fail;1/9/2025 22:27;MasterCard;TEHRAN;-5000.0;11
failed;7/9/2025 2:24;MasterCard;Tehran;471227.0;32
fail;26/9/2025 18:45;nan;Ahvaz;412308.0;64
failed;17/9/2025 6:06;Visa;Mashhad;343679.0;72
fail;16/9/2025 0:00;visa;karaj;471227.0;20
fail;27/9/2025 6:06;MasterCard;Mashhad;900000.0;34
fail;27/9/2025 2:20;Amex;Shiraz;205000.0;42
succeed;24/9/2025 23:59;Discover;Isfahan;1427657.0;8
fail;3/9/2025 19:40;Master-Card;Karaj;1427657.0;66
fail;14/9/2025 5:56;Amex;Tabriz;200000.0;21
fail;10/9/2025 23:59;Amex;Karaj;343679.0;79
fail;22/9/2025 22:27;Amex;Tehran;914282.0;70
fail;7/9/2025 6:30;Discover;Karaj;1.0;5
success;26/9/2025 12:12;Visa;Tabriz;471227.0;67
fail;17/9/2025 18:45;Vsa;Tabriz;1158713.0;43
success;30/9/2025 6:30;Discover;karaj;1578078.0;16
fail;6/9/2025 9:45;Master-Card;karaj;1387769.0;100
success;23/9/2025 12:12;Amex;Karaj;-5000.0;73
success;22/9/2025 8:59;Discover;TEHRAN;1427657.0;35
fail;4/9/2025 3:27;Amex;Tehran;443463.0;83
fail;17/9/2025 14:30;Amex;Tabriz;774681.0;43
fail;27/9/2025 3:00;MastCard;Tabriz;1387769.0;99
fail;9/9/2025 13:10;Vsa;Tabriz;200000.0;39
success;4/9/2025 18:00;Visa;Tabriz;585954.0;10
success;7/9/2025 0:00;Master Card;Karaj;-5000.0;74
success;23/9/2025 1:01;MasterCard;Tabriz;0.0;20
fail;2/9/2025 12:12;Master-Card;Tabriz;0.0;1
fail;17/9/2025 12:12;Visa;Qom;419089.0;6
fail;24/9/2025 23:17;Visa;Tehran;450000.0;53
success;8/9/2025 7:32;Amex;Isfahan;200000.0;46
success;23/9/2025 19:51;Discover;Tehran;177050.0;66
fail;30/9/2025 20:33;visa;tehr@n;1883871.0;38
success;15/9/2025 16:40;Visa;Tabriz;9999999999.0;33
fail;15/9/2025 3:27;Visa;THR;914282.0;67
FAIL;8/9/2025 4:15;Visa;Mashhad;450000.0;77
fail;16/9/2025 6:30;Visa;Tabriz;1387769.0;35
success;19/9/2025 2:37;Amex;Tehran;914465.0;79
fail;11/9/2025 7:07;MasterCard;Karaj;585954.0;45
failed;2/9/2025 13:10;Discover;Tehran ;976246.0;22
fail;23/9/2025 20:20;Visa;Tehran;650000.0;68
fail;24/9/2025 23:17;Discover;Tehran;0.0;17
fail;17/9/2025 11:11;Visa;Isfahan;555555.0;5
succeed;28/9/2025 9:00;MastCard;Isfahan;443463.0;85
succeed;26/9/2025 22:27;Vsa;Ahvaz;0.0;57
fail;16/9/2025 14:02;Vsa;Mashhad;200000.0;89
success;25/9/2025 10:48;VISA;Tehran;100.5;96
success;15/9/2025 11:11;Master-Card;TEHRAN;0.0;40
fail;13/9/2025 16:16;MasterCard;Isfahan;914465.0;30
fail;15/9/2025 11:11;MasterCard;Shiraz;250000.0;42
succeed;27/9/2025 6:30;nan;Shiraz;177050.0;7
success;4/9/2025 3:27;Amex;Tehran;976246.0;71
fail;16/9/2025 20:33;Discover;Tehran;1768588.0;92
fail;30/9/2025 3:00;Amex;Tehran;-5000.0;89
fail;12/9/2025 10:05;visa;tehr@n;976246.0;19
success;30/9/2025 19:19;Master-Card;Ahvaz;120000.0;41
fail;4/9/2025 14:00;Discover;Tehran;585954.0;34
success;3/9/2025 10:48;Master Card;Shiraz;443463.0;22
fail;22/9/2025 8:59;visa;Shiraz;177050.0;52
fail;17/9/2025 13:10;Visa;Tehran;585954.0;92
fail;22/9/2025 1:51;Master-Card;Isfahan;50200.0;6
failed;18/9/2025 21:21;Master-Card;Karaj;0.0;74
fail;25/9/2025 2:24;Visa;Tehran;1463119.0;96
success;18/9/2025 4:40;MastCard;THR;9999999999.0;25
fail;23/9/2025 19:51;Discover;Shiraz;419089.0;66
success;28/9/2025 9:00;MastCard;Tehran;545116.0;10
fail;17/9/2025 2:20;nan;THR;0.0;74
success;12/9/2025 14:11;MasterCard;Tehran;0.0;26
failed;23/9/2025 21:23;MasterCard;THR;205000.0;5
fail;21/9/2025 23:17;nan;Isfahan;-5000.0;87
fail;24/9/2025 11:11;VISA;Karaj;-999999.0;68
success;4/9/2025 4:15;Visa;Ahvaz;-5000.0;99
fail;12/9/2025 11:11;nan;Tabriz;914282.0;71
success;26/9/2025 1:51;Visa;Isfahan;1782689.0;50
fail;23/9/2025 9:09;Discover;Mashhad;900000.0;17
success;22/9/2025 19:51;MastCard;Qom;12345.0;11
success;21/9/2025 9:09;Vsa;Tabriz;774681.0;53
fail;20/9/2025 16:16;MastCard;nan;545116.0;50
success;15/9/2025 14:55;Visa;Karaj;100.5;8
success;23/9/2025 2:24;Visa;Tabriz;-5000.0;93
fail;28/9/2025 14:30;nan;Shiraz;1883871.0;98
fail;16/9/2025 12:44;Visa;Isfahan;976246.0;62
success;5/9/2025 8:59;Visa;THR;976246.0;90
fail;21/9/2025 14:11;Vsa;Tabriz;650000.0;85
Success;15/9/2025 14:00;Amex;Tehran;900000.0;76
success;17/9/2025 18:12;Discover;Tehran;850000.0;91
fail;18/9/2025 20:33;Visa;ThRan;12345.0;29
failed;5/9/2025 0:00;Master-Card;Isfahan;9999999999.0;100
fail;13/9/2025 12:12;visa;Tabriz;177050.0;44
success;19/9/2025 5:23;Visa;Mashhad;-5000.0;45
fail;30/9/2025 8:59;Amex;Tabriz;1158713.0;29
success;13/9/2025 10:48;Discover;Tabriz;-5000.0;89
success;18/9/2025 19:19;Vsa;Shiraz;583952.0;59
success;14/9/2025 7:07;Discover;Tehran;471227.0;15
fail;30/9/2025 13:10;MastCard;Mashhad;177050.0;70
fail;4/9/2025 9:45;MasterCard;Isfahan;177050.0;97
fail;4/9/2025 20:20;MasterCard;Mashhad;177050.0;44
fail;20/9/2025 8:08;Master-Card;Tabriz;9999999999.0;99
fail;20/9/2025 6:30;MasterCard;Qom;1387769.0;36
success;19/9/2025 8:59;Vsa;Tehran;250000.0;84
failed;13/9/2025 1:01;Discover;Isfahan;1463119.0;57
fail;12/9/2025 2:24;Visa;Tabriz;-999999.0;64
fail;7/9/2025 21:10;MasterCard;Isfahan;419089.0;76
failed;25/9/2025 14:11;MasterCard;Isfahan;0.0;100
failed;12/9/2025 10:48;MasterCard;Shiraz;-999999.0;38
success;21/9/2025 2:54;Vsa;Shiraz;774681.0;17
fail;4/9/2025 21:10;Amex;Isfahan;1305967.0;27
success;27/9/2025 18:45;Master-Card;Tehran;583952.0;17
success;2/9/2025 20:33;MasterCard;Qom;-5000.0;63
fail;2/9/2025 8:08;Visa;Tehran ;0.0;11
success;5/9/2025 8:08;Visa;Tehran;583952.0;64
success;23/9/2025 20:33;Master-Card;Tehran;443463.0;39
fail;10/9/2025 0:00;Visa;Tabriz;1502601.0;2
success;10/9/2025 4:40;Visa;Isfahan;-5000.0;66
success;9/9/2025 15:45;Visa;Tabriz;9999999999.0;54
success;13/9/2025 1:51;MasterCard;karaj;0.0;29
success;7/9/2025 14:11;MasterCard;Mashhad;1158713.0;45
fail;5/9/2025 13:10;Visa;Tabriz;1.0;89
success;26/9/2025 5:56;MasterCard;tehr@n;914465.0;89
success;10/9/2025 2:30;Discover;Tehran;0.0;80
FAIL;10/9/2025 8:08;Vsa;Tehran;1472823.0;31
fail;6/9/2025 8:08;Vsa;Tabriz;443463.0;49
fail;27/9/2025 2:24;MastCard;Tehran;12345.0;9
succeed;28/9/2025 3:00;MasterCard;Ahvaz;343679.0;27
success;19/9/2025 12:34;Visa;Tabriz;1050805.0;56
Success;21/9/2025 16:16;Vsa;Karaj;0.0;78
fail;8/9/2025 9:09;Discover;Ahvaz;1050805.0;45
fail;1/9/2025 11:11;Discover;Tabriz;1000.0;90
fail;28/9/2025 13:13;nan;Mashhad;650000.0;43
failed;17/9/2025 4:15;VISA;Mashhad;1578078.0;22
failed;7/9/2025 7:32;Master-Card;THR;1578078.0;100
success;14/9/2025 8:08;visa;Tehran;205000.0;33
fail;21/9/2025 10:48;Master-Card;Tabriz;-5000.0;27
fail;30/9/2025 21:23;MastCard;THR;1000.0;40
success;21/9/2025 3:27;Discover;Tabriz;1782689.0;26
success;17/9/2025 8:59;Master Card;Tehran;0.0;83
success;9/9/2025 9:00;Master-Card;Qom;914465.0;45
fail;17/9/2025 2:20;Discover;Tabriz;419089.0;45
fail;5/9/2025 14:30;MasterCard;Mashhad;177050.0;26
fail;26/9/2025 13:13;Visa;karaj;900000.0;70
success;25/9/2025 11:11;Master Card;Mashhad;1427657.0;67
success;30/9/2025 14:11;Amex;Mashhad;100.5;6
Success;20/9/2025 20:33;Discover;Tabriz;1463119.0;28
success;29/9/2025 3:27;Discover;Ahvaz;419089.0;67
fail;8/9/2025 10:05;visa;Karaj;450000.0;13
fail;6/9/2025 9:09;Amex;Tabriz;1768588.0;63
failed;11/9/2025 2:20;MasterCard;Tabriz;471227.0;13
fail;19/9/2025 21:23;MasterCard;Ahvaz;250000.0;77
fail;4/9/2025 11:11;Visa;Isfahan;1768588.0;1
Success;18/9/2025 7:32;Visa;Isfahan;471227.0;40
success;1/9/2025 18:45;Amex;Isfahan;-5000.0;37
success;13/9/2025 12:12;MasterCard;Tehran;774681.0;31
fail;14/9/2025 9:09;Discover;Isfahan;177050.0;17
failed;24/9/2025 4:15;Amex;Ahvaz;9999999999.0;9
fail;1/9/2025 3:27;Visa;Mashhad;914282.0;64
fail;30/9/2025 17:17;Master Card;Mashhad;914282.0;57
fail;29/9/2025 21:21;Discover;Tehran;443463.0;13
fail;11/9/2025 21:21;Visa;Tehran;-999999.0;37
Success;17/9/2025 11:11;Visa;Tehran;1782689.0;14
success;4/9/2025 1:51;Visa;Tehran;850000.0;75
success;26/9/2025 4:40;Visa;Mashhad;50200.0;25
Success;12/9/2025 3:27;MasterCard;Isfahan;1578078.0;96
fail;10/9/2025 3:27;MastCard;Tabriz;1387769.0;78
fail;6/9/2025 14:30;Discover;nan;1305967.0;57
success;25/9/2025 0:00;MasterCard;Isfahan;419089.0;71
success;1/9/2025 3:27;nan;Ahvaz;1427657.0;89
success;7/9/2025 19:51;Discover;Tabriz;-1.0;42
fail;26/9/2025 21:23;Vsa;Tabriz;976246.0;42
success;27/9/2025 8:08;Visa;Qom;976246.0;47
fail;21/9/2025 7:32;Visa;Tehran;585954.0;44
fail;28/9/2025 15:45;MasterCard;Tehran;0.0;41
fail;16/9/2025 5:23;Discover;Tehran;1158713.0;3
fail;24/9/2025 4:40;Master-Card;Tabriz;443463.0;91
fail;14/9/2025 14:00;Visa;Mashhad;1463119.0;91
fail;23/9/2025 9:45;Amex;Karaj;1578078.0;1
FAIL;20/9/2025 20:20;Amex;Tabriz;-5000.0;79
Success;20/9/2025 13:10;Visa;Tabriz;-999999.0;11
success;6/9/2025 7:32;MastCard;karaj;5000.0;7
succeed;22/9/2025 13:13;MasterCard;Tehran;200000.0;12
succeed;25/9/2025 14:30;MastCard;Karaj;1.0;38
fail;28/9/2025 10:48;Vsa;tehr@n;1578078.0;54
success;5/9/2025 21:23;Discover;Tabriz;1000.0;67
Success;24/9/2025 10:48;MasterCard;Tehran;585954.0;53
success;21/9/2025 7:08;Discover;Tehran ;1463119.0;91
