status;status_new;date;time;card_type;city;amount
success;SUCCESS;7/9/2025;10:48:00 ðì;Visa;Tehran;1427657.0
success;SUCCESS;20/9/2025;1:10:00 ìì;Master Card;Tehran;1578078.0
fail;FAIL;29/9/2025;3:27:00 ðì;Visa;Tehran ;250000.0
success;SUCCESS;11/9/2025;11:11:00 ðì;Visa;Tehran;1782689.0
fail;FAIL;8/9/2025;9:21:00 ìì;Discover;Tehran;1050805.0
Success;SUCCESS;29/9/2025;10:27:00 ìì;Visa;Tabriz;1387769.0
fail;FAIL;21/9/2025;3:00:00 ðì;Master Card;Tehran;1502601.0
success;SUCCESS;19/9/2025;12:12:00 ìì;Visa;Tehran;200000.0
fail;FAIL;23/9/2025;7:19:00 ìì;Amex;Shiraz;914282.0
fail;FAIL;11/9/2025;7:32:00 ðì;visa;Tehran;774681.0
fail;FAIL;11/9/2025;2:30:00 ìì;Visa;Isfahan;1305967.0
fail;FAIL;24/9/2025;11:11:00 ðì;Visa;karaj;177050.0
fail;FAIL;21/9/2025;11:11:00 ðì;Master Card;Tehran;650000.0
success;SUCCESS;4/9/2025;10:05:00 ðì;Amex;Ahvaz;12345.0
success;SUCCESS;24/9/2025;3:00:00 ðì;Discover;karaj;50200.0
fail;FAIL;3/9/2025;5:17:00 ìì;Master Card;Tehran;1305967.0
fail;FAIL;22/9/2025;12:00:00 ðì;Discover;Ahvaz;471227.0
fail;FAIL;2/9/2025;11:11:00 ðì;Visa;Qom;177050.0
fail;FAIL;24/9/2025;1:10:00 ìì;Discover;Tabriz;471227.0
success;SUCCESS;30/9/2025;4:40:00 ìì;Visa;Isfahan;976246.0
FAIL;FAIL;6/9/2025;1:01:00 ðì;Visa;Tehran;120000.0
Success;SUCCESS;2/9/2025;4:40:00 ìì;VISA;Mashhad;1050805.0
fail;FAIL;21/9/2025;9:10:00 ìì;Discover;Tehran;1158713.0
Success;SUCCESS;1/9/2025;2:30:00 ìì;Master Card;Shiraz;450000.0
success;SUCCESS;22/9/2025;2:54:00 ðì;Discover;Isfahan;100.5
success;SUCCESS;17/9/2025;2:02:00 ìì;Discover;Isfahan;99999.0
success;SUCCESS;27/9/2025;2:24:00 ðì;Master Card;Tehran;1578078.0
fail;FAIL;27/9/2025;11:11:00 ðì;Amex;Tehran;63489.0
fail;FAIL;10/9/2025;7:29:00 ìì;Master Card;Tabriz;450000.0
success;SUCCESS;28/9/2025;7:40:00 ìì;Discover;Tehran;177050.0
fail;FAIL;28/9/2025;12:12:00 ìì;Amex;Tehran;1050805.0
fail;FAIL;15/9/2025;11:11:00 ðì;Master Card;Isfahan;1578078.0
Success;SUCCESS;30/9/2025;9:23:00 ìì;Visa;Tehran;343679.0
success;SUCCESS;30/9/2025;9:09:00 ðì;Discover;Qom;555555.0
fail;FAIL;15/9/2025;5:23:00 ðì;Master Card;Shiraz;471227.0
success;SUCCESS;30/9/2025;1:01:00 ðì;Master Card;Isfahan;976246.0
success;SUCCESS;19/9/2025;2:00:00 ìì;Amex;Karaj;343679.0
fail;FAIL;12/9/2025;9:23:00 ìì;VISA;Karaj;1463119.0
fail;FAIL;23/9/2025;8:08:00 ðì;Visa;Ahvaz;200000.0
success;SUCCESS;20/9/2025;2:24:00 ðì;Master Card;Mashhad;976246.0
success;SUCCESS;3/9/2025;6:12:00 ìì;Amex;Tehran;774681.0
success;SUCCESS;5/9/2025;2:30:00 ðì;Visa;Karaj;1578078.0
fail;FAIL;19/9/2025;2:24:00 ðì;Visa;Tabriz;205000.0
FAIL;FAIL;7/9/2025;2:30:00 ðì;Master Card;Tabriz;1000.0
success;SUCCESS;9/9/2025;2:02:00 ìì;Master Card;Tehran;419089.0
fail;FAIL;14/9/2025;1:10:00 ìì;Discover;Qom;100.5
success;SUCCESS;18/9/2025;3:27:00 ðì;Visa;Isfahan;1578078.0
success;SUCCESS;26/9/2025;4:40:00 ìì;Amex;Shiraz;1427657.0
fail;FAIL;2/9/2025;6:30:00 ðì;Visa;Qom;1768588.0
success;SUCCESS;20/9/2025;11:11:00 ðì;Visa;Tabriz;555555.0
success;SUCCESS;15/9/2025;7:07:00 ðì;Discover;Shiraz;205000.0
fail;FAIL;28/9/2025;1:10:00 ìì;Master Card;Isfahan;419089.0
fail;FAIL;7/9/2025;6:06:00 ðì;Master Card;Tabriz;914465.0
success;SUCCESS;12/9/2025;11:59:00 ìì;Visa;Shiraz;545116.0
fail;FAIL;29/9/2025;9:23:00 ìì;Visa;Tehran;976246.0
success;SUCCESS;3/9/2025;5:23:00 ðì;Master Card;Qom;585954.0
fail;FAIL;14/9/2025;7:08:00 ðì;VISA;Mashhad;583952.0
fail;FAIL;17/9/2025;1:51:00 ðì;Visa;Tehran ;1883871.0
fail;FAIL;4/9/2025;5:23:00 ðì;Visa;Qom;100.5
fail;FAIL;8/9/2025;2:00:00 ìì;Master Card;Mashhad;583952.0
success;SUCCESS;2/9/2025;5:07:00 ìì;Master Card;Karaj;1578078.0
fail;FAIL;30/9/2025;4:04:00 ðì;Master Card;Tehran;99999.0
success;SUCCESS;22/9/2025;2:54:00 ðì;Master Card;Tehran;1000.0
success;SUCCESS;4/9/2025;3:27:00 ðì;Amex;Mashhad;1387769.0
fail;FAIL;29/9/2025;4:16:00 ìì;Visa;Tehran;1782689.0
fail;FAIL;26/9/2025;2:11:00 ìì;Visa;Ahvaz;1472823.0
success;SUCCESS;12/9/2025;9:45:00 ðì;Discover;Karaj;1578078.0
success;SUCCESS;2/9/2025;4:40:00 ìì;Master Card;karaj;100.5
success;SUCCESS;10/9/2025;2:20:00 ðì;Master Card;Tehran;585954.0
fail;FAIL;30/9/2025;9:09:00 ðì;Visa;Tabriz;177050.0
fail;FAIL;4/9/2025;2:00:00 ìì;Master Card;Tehran;1578078.0
success;SUCCESS;14/9/2025;11:59:00 ìì;Amex;Shiraz;1427657.0
fail;FAIL;8/9/2025;11:17:00 ìì;Discover;Tabriz;99999.0
success;SUCCESS;23/9/2025;7:29:00 ìì;Visa;Tehran;1427657.0
success;SUCCESS;28/9/2025;2:37:00 ðì;Discover;karaj;343679.0
fail;FAIL;25/9/2025;7:40:00 ìì;Master Card;Karaj;1782689.0
success;SUCCESS;30/9/2025;1:10:00 ìì;Visa;Isfahan;1782689.0
fail;FAIL;8/9/2025;11:11:00 ðì;Amex;Karaj;555555.0
fail;FAIL;21/9/2025;3:27:00 ðì;Visa;Ahvaz;12345.0
fail;FAIL;16/9/2025;7:08:00 ðì;Visa;Ahvaz;333333.0
success;SUCCESS;13/9/2025;10:48:00 ðì;Master Card;Karaj;200000.0
fail;FAIL;18/9/2025;2:24:00 ðì;Master Card;Tehran;914465.0
success;SUCCESS;15/9/2025;9:45:00 ðì;Visa;Shiraz;250000.0
success;SUCCESS;24/9/2025;3:45:00 ìì;Visa;Tehran ;1463119.0
success;SUCCESS;26/9/2025;7:07:00 ðì;Visa;Shiraz;1427657.0
success;SUCCESS;25/9/2025;9:23:00 ìì;Visa;Shiraz;100000.0
fail;FAIL;28/9/2025;11:59:00 ìì;Visa;Tehran;583952.0
success;SUCCESS;13/9/2025;12:00:00 ðì;Master Card;Shiraz;333333.0
fail;FAIL;15/9/2025;11:11:00 ðì;Discover;Tehran;555555.0
fail;FAIL;13/9/2025;6:06:00 ðì;Visa;Qom;452545.0
fail;FAIL;1/9/2025;4:40:00 ìì;Discover;Tehran;100.5
fail;FAIL;7/9/2025;6:12:00 ìì;Master Card;Tehran;205000.0
fail;FAIL;24/9/2025;8:08:00 ðì;Master Card;Tehran;343679.0
fail;FAIL;1/9/2025;9:09:00 ðì;Master Card;Tehran;177050.0
success;SUCCESS;8/9/2025;4:40:00 ìì;Master Card;Tehran;774681.0
Success;SUCCESS;24/9/2025;4:40:00 ìì;Visa;Tabriz;100.5
fail;FAIL;11/9/2025;11:17:00 ìì;Visa;Shiraz;1000.0
fail;FAIL;19/9/2025;2:37:00 ðì;Master Card;Isfahan;120000.0
fail;FAIL;17/9/2025;4:40:00 ìì;Visa;Mashhad;850000.0
fail;FAIL;8/9/2025;10:27:00 ìì;Visa;Tehran;412308.0
success;SUCCESS;3/9/2025;2:37:00 ðì;Master Card;Isfahan;5000.0
success;SUCCESS;3/9/2025;3:27:00 ðì;Discover;Isfahan;545116.0
fail;FAIL;1/9/2025;2:37:00 ðì;Master Card;karaj;419089.0
success;SUCCESS;5/9/2025;4:40:00 ìì;VISA;Tehran;100000.0
fail;FAIL;10/9/2025;2:20:00 ðì;Master Card;Tehran;1305967.0
fail;FAIL;9/9/2025;9:21:00 ìì;Amex;Tabriz;419089.0
fail;FAIL;28/9/2025;12:00:00 ðì;Master Card;Qom;976246.0
success;SUCCESS;9/9/2025;10:48:00 ðì;Master Card;Shiraz;1158713.0
FAIL;FAIL;12/9/2025;7:51:00 ìì;Discover;Tehran;914465.0
success;SUCCESS;2/9/2025;10:48:00 ðì;Master Card;karaj;1768588.0
success;SUCCESS;1/9/2025;4:15:00 ðì;Discover;Tabriz;452545.0
fail;FAIL;16/9/2025;12:34:00 ìì;Visa;Tehran;300000.0
success;SUCCESS;23/9/2025;10:27:00 ìì;Master Card;Ahvaz;1768588.0
success;SUCCESS;30/9/2025;6:00:00 ìì;Amex;Karaj;1427657.0
fail;FAIL;24/9/2025;12:00:00 ðì;Visa;Tehran;120000.0
fail;FAIL;5/9/2025;7:32:00 ðì;Visa;Mashhad;200000.0
fail;FAIL;12/9/2025;2:30:00 ðì;Amex;Tehran;914282.0
fail;FAIL;27/9/2025;7:32:00 ðì;Amex;Qom;471227.0
success;SUCCESS;3/9/2025;12:12:00 ìì;Discover;Tehran;177050.0
fail;FAIL;1/9/2025;9:09:00 ðì;Amex;Isfahan;850000.0
success;SUCCESS;3/9/2025;11:59:00 ìì;Master Card;Tehran;914465.0
success;SUCCESS;5/9/2025;2:37:00 ðì;Amex;Isfahan;250000.0
Success;SUCCESS;15/9/2025;11:59:00 ìì;Visa;Shiraz;250000.0
success;SUCCESS;14/9/2025;2:30:00 ðì;Visa;Isfahan;976246.0
success;SUCCESS;3/9/2025;9:10:00 ìì;Master Card;Isfahan;900000.0
fail;FAIL;5/9/2025;5:56:00 ðì;Amex;Karaj;250000.0
fail;FAIL;26/9/2025;7:19:00 ìì;Amex;Mashhad;12345.0
fail;FAIL;23/9/2025;9:21:00 ìì;visa;Qom;1883871.0
success;SUCCESS;14/9/2025;7:08:00 ðì;Visa;Shiraz;850000.0
success;SUCCESS;7/9/2025;2:37:00 ðì;Master Card;Tehran;250000.0
success;SUCCESS;27/9/2025;1:51:00 ðì;Amex;Tehran;300000.0
success;SUCCESS;9/9/2025;12:44:00 ìì;Visa;Shiraz;585954.0
fail;FAIL;15/9/2025;7:51:00 ìì;Discover;Isfahan;914282.0
fail;FAIL;15/9/2025;12:00:00 ðì;Master Card;Tehran;1502601.0
fail;FAIL;26/9/2025;2:37:00 ðì;Amex;Tabriz;1578078.0
success;SUCCESS;10/9/2025;10:27:00 ìì;Master Card;Tehran;1578078.0
fail;FAIL;28/9/2025;12:00:00 ðì;Visa;Tehran;200000.0
success;SUCCESS;19/9/2025;9:23:00 ìì;Discover;Tehran;914282.0
success;SUCCESS;7/9/2025;8:33:00 ìì;Visa;Shiraz;1000.0
fail;FAIL;17/9/2025;10:48:00 ðì;Amex;Mashhad;1782689.0
fail;FAIL;20/9/2025;8:33:00 ìì;Discover;Qom;419089.0
success;SUCCESS;4/9/2025;9:23:00 ìì;Discover;Mashhad;1158713.0
fail;FAIL;30/9/2025;10:48:00 ðì;Master Card;Ahvaz;443463.0
fail;FAIL;5/9/2025;10:05:00 ðì;Visa;Tabriz;120000.0
fail;FAIL;7/9/2025;12:34:00 ìì;Master Card;Tehran;1472823.0
success;SUCCESS;13/9/2025;11:17:00 ìì;Amex;Tehran;419089.0
success;SUCCESS;11/9/2025;9:00:00 ðì;Amex;Tehran;650000.0
fail;FAIL;13/9/2025;6:45:00 ìì;Master Card;Tehran;1578078.0
fail;FAIL;7/9/2025;11:11:00 ðì;Discover;Tehran;585954.0
fail;FAIL;27/9/2025;2:54:00 ðì;Visa;Isfahan;200000.0
success;SUCCESS;19/9/2025;12:44:00 ìì;Master Card;Tehran;583952.0
Success;SUCCESS;22/9/2025;11:11:00 ðì;Visa;Ahvaz;1463119.0
fail;FAIL;28/9/2025;7:32:00 ðì;Visa;Ahvaz;177050.0
fail;FAIL;21/9/2025;11:59:00 ìì;Visa;karaj;100.5
success;SUCCESS;6/9/2025;7:40:00 ìì;Discover;Tehran;1502601.0
success;SUCCESS;28/9/2025;2:11:00 ìì;VISA;Karaj;200000.0
fail;FAIL;12/9/2025;10:27:00 ìì;Discover;Karaj;419089.0
fail;FAIL;12/9/2025;12:00:00 ðì;Master Card;Tabriz;200000.0
success;SUCCESS;30/9/2025;2:30:00 ðì;Visa;Tehran;914465.0
Success;SUCCESS;30/9/2025;10:05:00 ðì;Master Card;Tehran;50200.0
fail;FAIL;11/9/2025;9:21:00 ìì;Visa;Tehran;976246.0
success;SUCCESS;26/9/2025;3:27:00 ðì;Discover;Qom;200000.0
fail;FAIL;23/9/2025;9:23:00 ìì;Master Card;Shiraz;177050.0
success;SUCCESS;7/9/2025;2:02:00 ìì;Visa;Tabriz;850000.0
Success;SUCCESS;30/9/2025;2:11:00 ìì;Visa;Tehran;443463.0
fail;FAIL;1/9/2025;2:30:00 ðì;Master Card;Tehran;99999.0
success;SUCCESS;27/9/2025;4:04:00 ðì;Master Card;Tehran;1463119.0
success;SUCCESS;30/9/2025;10:05:00 ðì;Visa;Mashhad;976246.0
success;SUCCESS;25/9/2025;2:30:00 ðì;Master Card;Tabriz;63489.0
Success;SUCCESS;20/9/2025;10:05:00 ðì;Visa;Tehran;177050.0
success;SUCCESS;13/9/2025;7:29:00 ìì;Visa;Ahvaz;650000.0
fail;FAIL;9/9/2025;11:11:00 ðì;Amex;Mashhad;120000.0
fail;FAIL;3/9/2025;2:11:00 ìì;Master Card;Tabriz;650000.0
success;SUCCESS;6/9/2025;5:23:00 ðì;Visa;Mashhad;471227.0
fail;FAIL;27/9/2025;10:48:00 ðì;Master Card;Tehran;412308.0
success;SUCCESS;9/9/2025;5:56:00 ðì;Discover;Tabriz;1305967.0
success;SUCCESS;30/9/2025;10:05:00 ðì;Visa;karaj;914282.0
fail;FAIL;5/9/2025;2:11:00 ìì;Visa;karaj;583952.0
success;SUCCESS;1/9/2025;12:00:00 ðì;Visa;Tehran;900000.0
success;SUCCESS;19/9/2025;3:00:00 ðì;Master Card;Mashhad;1768588.0
success;SUCCESS;10/9/2025;12:12:00 ìì;Discover;Tehran;419089.0
fail;FAIL;12/9/2025;7:19:00 ìì;Visa;Isfahan;1578078.0
fail;FAIL;24/9/2025;3:27:00 ðì;Visa;Karaj;177050.0
fail;FAIL;15/9/2025;2:30:00 ðì;Amex;Tabriz;343679.0
fail;FAIL;27/9/2025;5:23:00 ðì;Master Card;Tehran;443463.0
success;SUCCESS;22/9/2025;2:37:00 ðì;Visa;Mashhad;850000.0
success;SUCCESS;20/9/2025;12:12:00 ìì;Master Card;Ahvaz;1768588.0
fail;FAIL;17/9/2025;8:08:00 ðì;Visa;Karaj;443463.0
success;SUCCESS;30/9/2025;2:30:00 ìì;Master Card;karaj;200000.0
success;SUCCESS;26/9/2025;1:13:00 ìì;Visa;Qom;200000.0
fail;FAIL;20/9/2025;2:11:00 ìì;Amex;Isfahan;123456.0
fail;FAIL;12/9/2025;8:33:00 ìì;Amex;Tehran ;976246.0
success;SUCCESS;7/9/2025;2:00:00 ìì;Master Card;Tehran ;1502601.0
fail;FAIL;17/9/2025;5:56:00 ðì;Visa;Mashhad;343679.0
success;SUCCESS;5/9/2025;9:09:00 ðì;Visa;Isfahan;471227.0
success;SUCCESS;17/9/2025;12:12:00 ìì;Visa;Mashhad;50200.0
FAIL;FAIL;24/9/2025;8:20:00 ìì;Amex;Tabriz;1472823.0
fail;FAIL;17/9/2025;6:12:00 ìì;Master Card;Tehran;250000.0
Success;SUCCESS;27/9/2025;2:20:00 ðì;Visa;Ahvaz;914282.0
fail;FAIL;17/9/2025;9:21:00 ìì;Master Card;Ahvaz;333333.0
success;SUCCESS;2/9/2025;8:20:00 ìì;Visa;Isfahan;5000.0
fail;FAIL;2/9/2025;12:12:00 ìì;Master Card;Tehran;914465.0
success;SUCCESS;28/9/2025;11:11:00 ðì;Discover;Karaj;471227.0
success;SUCCESS;22/9/2025;7:08:00 ðì;Master Card;Isfahan;120000.0
success;SUCCESS;23/9/2025;11:59:00 ìì;VISA;Tehran;250000.0
FAIL;FAIL;5/9/2025;10:05:00 ðì;Visa;Ahvaz;850000.0
FAIL;FAIL;1/9/2025;10:48:00 ðì;Amex;Tehran;450000.0
fail;FAIL;1/9/2025;2:02:00 ìì;Visa;Qom;585954.0
fail;FAIL;2/9/2025;7:51:00 ìì;Discover;Mashhad;300000.0
fail;FAIL;21/9/2025;10:48:00 ðì;visa;Tabriz;123456.0
success;SUCCESS;12/9/2025;8:20:00 ìì;Master Card;Tabriz;774681.0
FAIL;FAIL;26/9/2025;9:21:00 ìì;Master Card;Ahvaz;1768588.0
Success;SUCCESS;6/9/2025;11:59:00 ìì;Visa;Tehran;471227.0
success;SUCCESS;23/9/2025;1:01:00 ðì;Master Card;Ahvaz;343679.0
fail;FAIL;23/9/2025;2:11:00 ìì;Master Card;Tehran;976246.0
success;SUCCESS;24/9/2025;7:32:00 ðì;Master Card;Shiraz;250000.0
fail;FAIL;27/9/2025;5:56:00 ðì;Amex;Isfahan;545116.0
fail;FAIL;17/9/2025;10:05:00 ðì;Amex;Mashhad;1463119.0
fail;FAIL;6/9/2025;7:40:00 ìì;Visa;Tabriz;250000.0
success;SUCCESS;24/9/2025;3:45:00 ìì;Master Card;Tehran;100000.0
fail;FAIL;5/9/2025;2:11:00 ìì;Visa;Qom;63489.0
success;SUCCESS;20/9/2025;12:34:00 ìì;Master Card;Ahvaz;1578078.0
fail;FAIL;2/9/2025;11:11:00 ðì;Visa;Tabriz;177050.0
success;SUCCESS;6/9/2025;6:30:00 ðì;Discover;Isfahan;976246.0
success;SUCCESS;11/9/2025;2:55:00 ìì;Visa;Tehran;1782689.0
success;SUCCESS;16/9/2025;9:21:00 ìì;Discover;Tehran;333333.0
fail;FAIL;1/9/2025;11:11:00 ðì;Visa;Tehran;1782689.0
fail;FAIL;9/9/2025;2:54:00 ðì;Amex;Tehran;650000.0
fail;FAIL;28/9/2025;9:00:00 ðì;visa;Shiraz;177050.0
fail;FAIL;27/9/2025;9:23:00 ìì;VISA;Shiraz;412308.0
success;SUCCESS;6/9/2025;6:06:00 ðì;Visa;Isfahan;452545.0
fail;FAIL;16/9/2025;12:00:00 ðì;Discover;Mashhad;1427657.0
fail;FAIL;29/9/2025;11:59:00 ìì;Visa;Tehran;100000.0
success;SUCCESS;20/9/2025;12:44:00 ìì;Visa;Tabriz;914282.0
fail;FAIL;28/9/2025;7:29:00 ìì;Visa;Mashhad;914465.0
fail;FAIL;4/9/2025;2:11:00 ìì;Visa;Qom;1472823.0
success;SUCCESS;3/9/2025;3:27:00 ðì;Master Card;Tabriz;419089.0
fail;FAIL;19/9/2025;2:55:00 ìì;Visa;Tabriz;12345.0
success;SUCCESS;20/9/2025;7:51:00 ìì;Visa;Tehran;555555.0
FAIL;FAIL;7/9/2025;7:08:00 ðì;Master Card;Tehran;471227.0
fail;FAIL;9/9/2025;3:00:00 ðì;Master Card;Mashhad;200000.0
success;SUCCESS;8/9/2025;7:51:00 ìì;Master Card;Mashhad;100.5
fail;FAIL;7/9/2025;5:17:00 ìì;VISA;Tehran;63489.0
fail;FAIL;18/9/2025;10:48:00 ðì;Visa;Isfahan;914282.0
Success;SUCCESS;8/9/2025;11:11:00 ðì;Visa;Shiraz;443463.0
Success;SUCCESS;1/9/2025;2:37:00 ðì;Visa;Karaj;850000.0
fail;FAIL;11/9/2025;1:10:00 ìì;Master Card;Shiraz;123456.0
success;SUCCESS;28/9/2025;2:30:00 ðì;Discover;Tehran;100.5
fail;FAIL;25/9/2025;11:11:00 ðì;Visa;Tabriz;1578078.0
fail;FAIL;23/9/2025;11:11:00 ðì;Master Card;Tehran;976246.0
success;SUCCESS;3/9/2025;6:12:00 ìì;Master Card;Qom;1768588.0
fail;FAIL;7/9/2025;1:01:00 ðì;Visa;Tehran;1463119.0
fail;FAIL;28/9/2025;9:10:00 ìì;Visa;Qom;914282.0
success;SUCCESS;16/9/2025;1:13:00 ìì;Visa;Tehran ;900000.0
Success;SUCCESS;26/9/2025;10:48:00 ðì;Visa;Shiraz;99999.0
success;SUCCESS;16/9/2025;12:44:00 ìì;Discover;Mashhad;1.0
fail;FAIL;25/9/2025;4:40:00 ðì;Discover;karaj;1158713.0
fail;FAIL;28/9/2025;8:33:00 ìì;Visa;Isfahan;1578078.0
fail;FAIL;2/9/2025;7:08:00 ðì;Amex;Mashhad;100.5
success;SUCCESS;1/9/2025;8:33:00 ìì;Discover;Tehran;100000.0
fail;FAIL;16/9/2025;7:51:00 ìì;Master Card;Tabriz;1578078.0
success;SUCCESS;30/9/2025;9:10:00 ìì;Amex;Tehran;471227.0
fail;FAIL;5/9/2025;7:40:00 ìì;Visa;Isfahan;1883871.0
fail;FAIL;27/9/2025;4:15:00 ðì;Amex;Mashhad;585954.0
fail;FAIL;23/9/2025;11:17:00 ìì;Master Card;Tehran ;1.0
fail;FAIL;9/9/2025;7:51:00 ìì;Visa;Mashhad;419089.0
success;SUCCESS;9/9/2025;11:17:00 ìì;Visa;Mashhad;914465.0
fail;FAIL;3/9/2025;4:16:00 ìì;Amex;Qom;1050805.0
success;SUCCESS;19/9/2025;2:11:00 ìì;Discover;Tehran ;583952.0
fail;FAIL;16/9/2025;12:44:00 ìì;Master Card;Tehran;1782689.0
success;SUCCESS;3/9/2025;1:13:00 ìì;Visa;Ahvaz;200000.0
fail;FAIL;24/9/2025;7:08:00 ðì;Discover;Karaj;343679.0
success;SUCCESS;24/9/2025;3:00:00 ðì;Master Card;Isfahan;1502601.0
fail;FAIL;20/9/2025;12:44:00 ìì;Visa;Tehran;343679.0
success;SUCCESS;11/9/2025;3:27:00 ðì;Master Card;Tabriz;900000.0
fail;FAIL;17/9/2025;9:00:00 ðì;Visa;Tehran;914465.0
fail;FAIL;8/9/2025;7:07:00 ðì;Discover;karaj;99999.0
success;SUCCESS;6/9/2025;1:01:00 ðì;Discover;Mashhad;343679.0
fail;FAIL;8/9/2025;4:40:00 ìì;Discover;karaj;914465.0
fail;FAIL;30/9/2025;12:44:00 ìì;Visa;Tehran;120000.0
success;SUCCESS;16/9/2025;12:34:00 ìì;Visa;Mashhad;1463119.0
success;SUCCESS;30/9/2025;10:05:00 ðì;Discover;Karaj;914465.0
success;SUCCESS;25/9/2025;9:45:00 ðì;Visa;Tabriz;555555.0
fail;FAIL;3/9/2025;8:59:00 ðì;Discover;Tabriz;1387769.0
success;SUCCESS;25/9/2025;7:08:00 ðì;Visa;Isfahan;450000.0
success;SUCCESS;18/9/2025;10:48:00 ðì;Visa;Mashhad;5000.0
fail;FAIL;14/9/2025;8:59:00 ðì;Master Card;Mashhad;100.5
success;SUCCESS;2/9/2025;7:51:00 ìì;Master Card;Tabriz;774681.0
fail;FAIL;22/9/2025;11:17:00 ìì;Visa;Tehran;471227.0
fail;FAIL;3/9/2025;7:08:00 ðì;Amex;Tabriz;177050.0
success;SUCCESS;16/9/2025;2:24:00 ðì;Master Card;Qom;914282.0
fail;FAIL;29/9/2025;12:44:00 ìì;Discover;Tehran;450000.0
fail;FAIL;4/9/2025;7:32:00 ðì;Amex;Tehran;63489.0
success;SUCCESS;14/9/2025;8:08:00 ðì;Discover;Tabriz;1578078.0
success;SUCCESS;21/9/2025;2:00:00 ìì;Master Card;Tabriz;583952.0
success;SUCCESS;16/9/2025;10:05:00 ðì;Amex;Shiraz;63489.0
FAIL;FAIL;20/9/2025;10:05:00 ðì;Master Card;Mashhad;250000.0
fail;FAIL;24/9/2025;1:13:00 ìì;Amex;Ahvaz;583952.0
success;SUCCESS;8/9/2025;3:27:00 ðì;Visa;Karaj;1768588.0
success;SUCCESS;7/9/2025;3:45:00 ìì;Visa;Tabriz;5000.0
fail;FAIL;3/9/2025;4:15:00 ðì;VISA;Ahvaz;1472823.0
fail;FAIL;17/9/2025;10:48:00 ðì;Visa;karaj;1000.0
FAIL;FAIL;1/9/2025;11:59:00 ìì;Master Card;Qom;1463119.0
fail;FAIL;12/9/2025;1:13:00 ìì;Discover;Ahvaz;1782689.0
success;SUCCESS;27/9/2025;3:45:00 ìì;Visa;Qom;250000.0
success;SUCCESS;19/9/2025;9:09:00 ðì;Master Card;Tehran;1782689.0
fail;FAIL;22/9/2025;7:07:00 ðì;Master Card;Qom;1502601.0
fail;FAIL;23/9/2025;4:40:00 ðì;Master Card;Mashhad;200000.0
success;SUCCESS;22/9/2025;4:15:00 ðì;Amex;Isfahan;452545.0
fail;FAIL;30/9/2025;7:32:00 ðì;visa;Tehran;1768588.0
FAIL;FAIL;13/9/2025;6:30:00 ðì;Visa;Qom;1.0
fail;FAIL;19/9/2025;4:16:00 ìì;Visa;Shiraz;333333.0
fail;FAIL;22/9/2025;2:54:00 ðì;Visa;Mashhad;452545.0
success;SUCCESS;8/9/2025;2:30:00 ðì;Visa;Tabriz;1883871.0
fail;FAIL;30/9/2025;9:23:00 ìì;Master Card;Shiraz;1502601.0
Success;SUCCESS;1/9/2025;8:59:00 ðì;Discover;Karaj;650000.0
success;SUCCESS;15/9/2025;9:21:00 ìì;Discover;karaj;914465.0
fail;FAIL;1/9/2025;2:30:00 ìì;Amex;Tehran;443463.0
success;SUCCESS;5/9/2025;5:17:00 ìì;Discover;Qom;123456.0
success;SUCCESS;28/9/2025;9:23:00 ìì;Amex;Shiraz;1305967.0
fail;FAIL;19/9/2025;4:40:00 ìì;Visa;Tehran;200000.0
success;SUCCESS;4/9/2025;2:20:00 ðì;Visa;Karaj;99999.0
fail;FAIL;3/9/2025;4:15:00 ðì;Master Card;Isfahan;100000.0
fail;FAIL;17/9/2025;4:40:00 ðì;Visa;Tabriz;900000.0
fail;FAIL;12/9/2025;9:45:00 ðì;Master Card;Mashhad;177050.0
fail;FAIL;30/9/2025;5:56:00 ðì;Visa;karaj;976246.0
fail;FAIL;29/9/2025;4:40:00 ìì;Discover;Mashhad;343679.0
fail;FAIL;14/9/2025;4:40:00 ðì;Visa;Tabriz;333333.0
Success;SUCCESS;21/9/2025;12:00:00 ðì;Master Card;Mashhad;1387769.0
fail;FAIL;6/9/2025;8:33:00 ìì;Visa;Karaj;471227.0
fail;FAIL;9/9/2025;1:13:00 ìì;Visa;Qom;333333.0
success;SUCCESS;5/9/2025;8:33:00 ìì;Visa;Tabriz;450000.0
success;SUCCESS;14/9/2025;10:48:00 ðì;Discover;Tehran;1387769.0
success;SUCCESS;21/9/2025;12:44:00 ìì;Discover;Qom;900000.0
FAIL;FAIL;28/9/2025;4:15:00 ðì;Amex;Isfahan;5000.0
fail;FAIL;1/9/2025;2:55:00 ìì;Discover;Tabriz;1782689.0
fail;FAIL;20/9/2025;10:48:00 ðì;Discover;Shiraz;583952.0
success;SUCCESS;29/9/2025;12:12:00 ìì;Master Card;Tehran;1883871.0
fail;FAIL;21/9/2025;9:45:00 ðì;Discover;Shiraz;914282.0
success;SUCCESS;23/9/2025;12:44:00 ìì;Master Card;Qom;1.0
fail;FAIL;1/9/2025;9:00:00 ðì;Amex;Shiraz;1472823.0
fail;FAIL;18/9/2025;12:12:00 ìì;Master Card;Tehran;123456.0
success;SUCCESS;25/9/2025;11:11:00 ðì;Discover;Tehran;1463119.0
fail;FAIL;10/9/2025;7:51:00 ìì;Discover;Tehran;177050.0
fail;FAIL;26/9/2025;7:29:00 ìì;Discover;Mashhad;1578078.0
fail;FAIL;3/9/2025;5:07:00 ìì;Discover;Tehran;471227.0
success;SUCCESS;8/9/2025;2:00:00 ìì;Amex;Tehran;545116.0
fail;FAIL;14/9/2025;2:02:00 ìì;Visa;Tehran;850000.0
fail;FAIL;24/9/2025;7:40:00 ìì;Master Card;Tehran ;1782689.0
fail;FAIL;18/9/2025;7:51:00 ìì;Master Card;Tehran;123456.0
fail;FAIL;15/9/2025;5:56:00 ðì;Visa;Tehran;100.5
success;SUCCESS;22/9/2025;2:54:00 ðì;visa;Ahvaz;419089.0
fail;FAIL;23/9/2025;8:20:00 ìì;Master Card;Tehran;100000.0
fail;FAIL;2/9/2025;4:40:00 ðì;Amex;Mashhad;5000.0
success;SUCCESS;27/9/2025;1:13:00 ìì;Amex;Ahvaz;100.5
fail;FAIL;2/9/2025;7:40:00 ìì;Master Card;Tehran;1463119.0
Success;SUCCESS;26/9/2025;8:08:00 ðì;Amex;Tehran;419089.0
fail;FAIL;17/9/2025;2:37:00 ðì;Master Card;Tehran;177050.0
fail;FAIL;11/9/2025;2:20:00 ðì;Master Card;Tehran;1782689.0
success;SUCCESS;22/9/2025;7:19:00 ìì;Master Card;Tehran;471227.0
fail;FAIL;29/9/2025;5:56:00 ðì;Visa;Tehran;333333.0
success;SUCCESS;10/9/2025;9:23:00 ìì;Visa;Mashhad;471227.0
success;SUCCESS;26/9/2025;2:24:00 ðì;Discover;Tehran;452545.0
fail;FAIL;18/9/2025;2:37:00 ðì;Visa;Isfahan;1158713.0
success;SUCCESS;24/9/2025;8:33:00 ìì;Master Card;Karaj;1463119.0
success;SUCCESS;13/9/2025;1:13:00 ìì;Amex;Isfahan;99999.0
success;SUCCESS;28/9/2025;2:30:00 ðì;Master Card;Tehran;900000.0
success;SUCCESS;7/9/2025;8:33:00 ìì;Amex;Mashhad;120000.0
success;SUCCESS;25/9/2025;12:34:00 ìì;Discover;Tehran;774681.0
fail;FAIL;13/9/2025;6:06:00 ðì;Visa;Qom;99999.0
fail;FAIL;1/9/2025;7:51:00 ìì;Visa;Shiraz;471227.0
success;SUCCESS;8/9/2025;12:00:00 ðì;Amex;Mashhad;200000.0
success;SUCCESS;16/9/2025;1:13:00 ìì;Discover;Tehran;650000.0
fail;FAIL;14/9/2025;12:34:00 ìì;Master Card;Shiraz;774681.0
success;SUCCESS;12/9/2025;11:17:00 ìì;Amex;Shiraz;200000.0
fail;FAIL;19/9/2025;10:27:00 ìì;VISA;Shiraz;914282.0
success;SUCCESS;15/9/2025;7:08:00 ðì;Master Card;Tehran;900000.0
fail;FAIL;28/9/2025;2:55:00 ìì;Master Card;Isfahan;250000.0
success;SUCCESS;2/9/2025;10:05:00 ðì;Visa;Isfahan;120000.0
success;SUCCESS;23/9/2025;7:19:00 ìì;Discover;Isfahan;900000.0
success;SUCCESS;22/9/2025;6:12:00 ìì;Visa;Ahvaz;555555.0
success;SUCCESS;19/9/2025;7:51:00 ìì;Discover;Tehran;471227.0
success;SUCCESS;25/9/2025;9:09:00 ðì;Master Card;Karaj;63489.0
fail;FAIL;26/9/2025;6:06:00 ðì;Discover;Mashhad;1000.0
fail;FAIL;30/9/2025;11:59:00 ìì;Discover;Isfahan;412308.0
fail;FAIL;26/9/2025;11:11:00 ðì;Amex;Isfahan;177050.0
success;SUCCESS;22/9/2025;9:23:00 ìì;Amex;Isfahan;1387769.0
fail;FAIL;17/9/2025;8:33:00 ìì;Visa;Shiraz;1387769.0
fail;FAIL;20/9/2025;12:00:00 ðì;Master Card;Mashhad;976246.0
success;SUCCESS;6/9/2025;2:02:00 ìì;Master Card;Shiraz;914282.0
success;SUCCESS;15/9/2025;1:01:00 ðì;Discover;Tehran;1502601.0
success;SUCCESS;11/9/2025;7:29:00 ìì;Visa;Tehran;1305967.0
success;SUCCESS;28/9/2025;1:10:00 ìì;Visa;Tehran;914465.0
Success;SUCCESS;5/9/2025;6:45:00 ìì;Master Card;Tehran;419089.0
success;SUCCESS;1/9/2025;11:17:00 ìì;Amex;Tehran;1578078.0
fail;FAIL;21/9/2025;10:27:00 ìì;Master Card;Tehran ;976246.0
success;SUCCESS;28/9/2025;12:44:00 ìì;Amex;Karaj;1.0
success;SUCCESS;12/9/2025;9:00:00 ðì;Master Card;Mashhad;177050.0
fail;FAIL;12/9/2025;4:15:00 ðì;Master Card;Tabriz;1387769.0
success;SUCCESS;7/9/2025;3:27:00 ðì;Visa;Karaj;200000.0
success;SUCCESS;13/9/2025;5:23:00 ðì;Master Card;Tehran;100.5
Success;SUCCESS;20/9/2025;9:23:00 ìì;Amex;Tehran;123456.0
success;SUCCESS;15/9/2025;7:51:00 ìì;Amex;Tehran;100.5
fail;FAIL;3/9/2025;11:11:00 ðì;Amex;Tehran;976246.0
success;SUCCESS;23/9/2025;8:08:00 ðì;Discover;Qom;200000.0
FAIL;FAIL;16/9/2025;2:30:00 ìì;Amex;Tehran;1883871.0
fail;FAIL;13/9/2025;2:37:00 ðì;Master Card;Tehran;343679.0
fail;FAIL;18/9/2025;7:08:00 ðì;Master Card;karaj;1387769.0
success;SUCCESS;19/9/2025;7:07:00 ðì;Master Card;Tabriz;471227.0
fail;FAIL;17/9/2025;4:40:00 ðì;Discover;Tehran;1578078.0
fail;FAIL;24/9/2025;8:20:00 ìì;Visa;Qom;443463.0
fail;FAIL;19/9/2025;2:00:00 ìì;Visa;Tehran;1472823.0
success;SUCCESS;28/9/2025;6:12:00 ìì;Master Card;Mashhad;914465.0
fail;FAIL;26/9/2025;7:08:00 ðì;Master Card;Mashhad;555555.0
success;SUCCESS;23/9/2025;1:01:00 ðì;Master Card;Tabriz;850000.0
success;SUCCESS;5/9/2025;2:11:00 ìì;Discover;Qom;471227.0
fail;FAIL;26/9/2025;8:59:00 ðì;Amex;Tehran;471227.0
fail;FAIL;21/9/2025;6:00:00 ìì;Amex;Qom;100.5
fail;FAIL;30/9/2025;12:12:00 ìì;VISA;Tehran;343679.0
success;SUCCESS;23/9/2025;5:07:00 ìì;Discover;Tehran;1502601.0
success;SUCCESS;9/9/2025;10:05:00 ðì;Master Card;Tehran;1000.0
success;SUCCESS;12/9/2025;11:59:00 ìì;Visa;Isfahan;1158713.0
fail;FAIL;21/9/2025;2:02:00 ìì;Master Card;Tabriz;1782689.0
success;SUCCESS;1/9/2025;5:17:00 ìì;Amex;Ahvaz;1.0
success;SUCCESS;26/9/2025;1:51:00 ðì;Visa;Tehran;177050.0
fail;FAIL;26/9/2025;6:30:00 ðì;Visa;Ahvaz;419089.0
success;SUCCESS;15/9/2025;12:00:00 ðì;Visa;Isfahan;63489.0
success;SUCCESS;2/9/2025;2:37:00 ðì;Amex;Ahvaz;471227.0
fail;FAIL;30/9/2025;5:17:00 ìì;Amex;Tehran;585954.0
fail;FAIL;25/9/2025;11:11:00 ðì;Visa;karaj;1463119.0
fail;FAIL;8/9/2025;9:10:00 ìì;Visa;Tehran;585954.0
fail;FAIL;13/9/2025;6:12:00 ìì;Visa;Tabriz;100.5
success;SUCCESS;21/9/2025;7:08:00 ðì;Visa;Isfahan;177050.0
fail;FAIL;16/9/2025;10:27:00 ìì;visa;Tehran;583952.0
fail;FAIL;29/9/2025;12:12:00 ìì;Master Card;Tabriz;50200.0
fail;FAIL;5/9/2025;12:12:00 ìì;Discover;Tabriz;205000.0
fail;FAIL;22/9/2025;2:20:00 ðì;Amex;Tabriz;200000.0
fail;FAIL;29/9/2025;5:56:00 ðì;VISA;Karaj;1463119.0
fail;FAIL;23/9/2025;7:51:00 ìì;Visa;Karaj;1305967.0
success;SUCCESS;3/9/2025;11:17:00 ìì;Visa;Mashhad;976246.0
fail;FAIL;12/9/2025;3:27:00 ðì;Master Card;Tehran;123456.0
fail;FAIL;26/9/2025;6:06:00 ðì;Master Card;Tabriz;900000.0
fail;FAIL;19/9/2025;4:40:00 ìì;Visa;Ahvaz;1387769.0
fail;FAIL;5/9/2025;11:59:00 ìì;Visa;Isfahan;1578078.0
fail;FAIL;25/9/2025;4:16:00 ìì;Visa;Tehran;412308.0
fail;FAIL;29/9/2025;3:27:00 ðì;Visa;Tehran;419089.0
fail;FAIL;28/9/2025;6:30:00 ðì;Visa;Tehran;1463119.0
success;SUCCESS;15/9/2025;2:30:00 ðì;Master Card;Isfahan;1463119.0
success;SUCCESS;17/9/2025;10:27:00 ìì;Master Card;Tehran;650000.0
fail;FAIL;14/9/2025;4:15:00 ðì;Discover;Tehran;555555.0
fail;FAIL;30/9/2025;11:59:00 ìì;Visa;Mashhad;300000.0
success;SUCCESS;20/9/2025;2:30:00 ðì;VISA;Isfahan;123456.0
success;SUCCESS;5/9/2025;5:07:00 ìì;Visa;Qom;850000.0
fail;FAIL;12/9/2025;9:00:00 ðì;Visa;Tabriz;1427657.0
fail;FAIL;16/9/2025;5:56:00 ðì;Master Card;Tabriz;412308.0
fail;FAIL;26/9/2025;1:01:00 ðì;Amex;Tehran;120000.0
fail;FAIL;16/9/2025;7:29:00 ìì;Amex;Shiraz;12345.0
fail;FAIL;21/9/2025;2:11:00 ìì;Master Card;Tehran;1578078.0
success;SUCCESS;7/9/2025;3:27:00 ðì;Visa;Karaj;343679.0
fail;FAIL;1/9/2025;2:30:00 ìì;Master Card;Tabriz;200000.0
fail;FAIL;23/9/2025;3:27:00 ðì;Master Card;Tehran;123456.0
success;SUCCESS;26/9/2025;7:08:00 ðì;Discover;Qom;583952.0
fail;FAIL;10/9/2025;10:48:00 ðì;Master Card;Shiraz;5000.0
fail;FAIL;4/9/2025;3:27:00 ðì;Master Card;Tabriz;850000.0
Success;SUCCESS;2/9/2025;5:07:00 ìì;Master Card;Tabriz;1782689.0
success;SUCCESS;20/9/2025;7:07:00 ðì;Visa;Mashhad;63489.0
Success;SUCCESS;10/9/2025;2:24:00 ðì;Master Card;Tabriz;419089.0
fail;FAIL;26/9/2025;8:59:00 ðì;Amex;Tehran;100.5
fail;FAIL;19/9/2025;6:00:00 ìì;Master Card;Isfahan;100.5
fail;FAIL;26/9/2025;5:56:00 ðì;Amex;Isfahan;900000.0
success;SUCCESS;1/9/2025;5:56:00 ðì;Amex;Shiraz;900000.0
Success;SUCCESS;5/9/2025;4:16:00 ìì;Master Card;Ahvaz;177050.0
fail;FAIL;13/9/2025;6:12:00 ìì;Master Card;Ahvaz;63489.0
success;SUCCESS;4/9/2025;12:12:00 ìì;Visa;Mashhad;850000.0
fail;FAIL;24/9/2025;3:45:00 ìì;Master Card;Qom;555555.0
fail;FAIL;2/9/2025;12:44:00 ìì;Visa;Shiraz;1768588.0
success;SUCCESS;28/9/2025;2:24:00 ðì;Visa;Tehran;1158713.0
success;SUCCESS;27/9/2025;2:24:00 ðì;Amex;Karaj;100.5
fail;FAIL;20/9/2025;6:00:00 ìì;Visa;Tehran ;1768588.0
fail;FAIL;24/9/2025;2:55:00 ìì;Visa;Mashhad;452545.0
fail;FAIL;12/9/2025;10:48:00 ðì;Discover;Isfahan;976246.0
FAIL;FAIL;18/9/2025;10:48:00 ðì;Master Card;Mashhad;585954.0
Success;SUCCESS;3/9/2025;2:37:00 ðì;Master Card;Karaj;200000.0
success;SUCCESS;28/9/2025;11:59:00 ìì;Visa;Tehran;471227.0
success;SUCCESS;1/9/2025;8:08:00 ðì;Visa;Tehran;976246.0
success;SUCCESS;1/9/2025;1:13:00 ìì;Amex;Tehran;1578078.0
fail;FAIL;29/9/2025;3:27:00 ðì;Visa;Qom;976246.0
fail;FAIL;19/9/2025;8:33:00 ìì;Discover;Tehran;583952.0
Success;SUCCESS;11/9/2025;11:11:00 ðì;Visa;Shiraz;1782689.0
success;SUCCESS;5/9/2025;5:07:00 ìì;Master Card;Tehran;177050.0
fail;FAIL;12/9/2025;11:11:00 ðì;Visa;Mashhad;1427657.0
fail;FAIL;3/9/2025;1:13:00 ìì;Master Card;Tehran;583952.0
success;SUCCESS;1/9/2025;3:00:00 ðì;Visa;Qom;177050.0
fail;FAIL;10/9/2025;11:17:00 ìì;Discover;Ahvaz;850000.0
success;SUCCESS;12/9/2025;4:15:00 ðì;Amex;Tabriz;1883871.0
success;SUCCESS;2/9/2025;2:37:00 ðì;Visa;Qom;1782689.0
success;SUCCESS;19/9/2025;6:30:00 ðì;Discover;Tehran;555555.0
fail;FAIL;3/9/2025;6:00:00 ìì;Master Card;Mashhad;1782689.0
fail;FAIL;23/9/2025;7:08:00 ðì;Master Card;Tabriz;12345.0
fail;FAIL;17/9/2025;2:11:00 ìì;VISA;Tehran;123456.0
success;SUCCESS;26/9/2025;1:13:00 ìì;Discover;Tehran;914465.0
success;SUCCESS;8/9/2025;6:30:00 ðì;Master Card;Tabriz;100.5
fail;FAIL;29/9/2025;9:23:00 ìì;Master Card;Tehran;1502601.0
fail;FAIL;26/9/2025;11:17:00 ìì;Discover;Tehran;177050.0
success;SUCCESS;26/9/2025;10:48:00 ðì;Discover;Tabriz;976246.0
fail;FAIL;30/9/2025;1:01:00 ðì;Master Card;Karaj;555555.0
fail;FAIL;2/9/2025;6:00:00 ìì;Visa;Isfahan;900000.0
success;SUCCESS;9/9/2025;8:08:00 ðì;Master Card;Tehran;900000.0
fail;FAIL;7/9/2025;7:32:00 ðì;Visa;karaj;976246.0
fail;FAIL;26/9/2025;7:29:00 ìì;Master Card;karaj;177050.0
success;SUCCESS;18/9/2025;6:00:00 ìì;Visa;Isfahan;850000.0
success;SUCCESS;11/9/2025;10:27:00 ìì;Master Card;Tehran;650000.0
fail;FAIL;24/9/2025;2:02:00 ìì;Visa;Ahvaz;1387769.0
success;SUCCESS;4/9/2025;7:19:00 ìì;Master Card;Tabriz;12345.0
Success;SUCCESS;25/9/2025;1:10:00 ìì;Visa;Isfahan;452545.0
fail;FAIL;21/9/2025;2:30:00 ìì;Visa;Tehran;1578078.0
success;SUCCESS;29/9/2025;8:08:00 ðì;Master Card;Qom;5000.0
fail;FAIL;25/9/2025;12:34:00 ìì;Amex;Tehran;976246.0
success;SUCCESS;4/9/2025;9:00:00 ðì;Master Card;Mashhad;583952.0
fail;FAIL;10/9/2025;5:56:00 ðì;Master Card;Ahvaz;585954.0
fail;FAIL;5/9/2025;9:09:00 ðì;Amex;Mashhad;177050.0
fail;FAIL;9/9/2025;2:55:00 ìì;Master Card;Tehran;914282.0
success;SUCCESS;24/9/2025;5:56:00 ðì;Master Card;Mashhad;205000.0
success;SUCCESS;3/9/2025;4:40:00 ðì;Visa;Tehran;1000.0
fail;FAIL;3/9/2025;2:30:00 ðì;Amex;Karaj;1502601.0
fail;FAIL;18/9/2025;2:02:00 ìì;Discover;Qom;205000.0
success;SUCCESS;17/9/2025;4:16:00 ìì;Visa;Isfahan;583952.0
fail;FAIL;7/9/2025;5:23:00 ðì;Master Card;Tehran;1.0
fail;FAIL;24/9/2025;1:13:00 ìì;Discover;Tabriz;63489.0
success;SUCCESS;23/9/2025;11:11:00 ðì;Visa;Ahvaz;177050.0
fail;FAIL;30/9/2025;4:04:00 ðì;Master Card;Tehran;1502601.0
fail;FAIL;17/9/2025;6:30:00 ðì;Discover;Tehran;774681.0
fail;FAIL;13/9/2025;12:00:00 ðì;Discover;Ahvaz;443463.0
success;SUCCESS;3/9/2025;2:37:00 ðì;Visa;Karaj;1305967.0
success;SUCCESS;9/9/2025;10:05:00 ðì;Visa;Qom;471227.0
fail;FAIL;30/9/2025;12:12:00 ìì;Visa;Karaj;583952.0
fail;FAIL;17/9/2025;3:00:00 ðì;Master Card;Tabriz;63489.0
success;SUCCESS;17/9/2025;11:11:00 ðì;visa;Ahvaz;1768588.0
fail;FAIL;30/9/2025;2:37:00 ðì;Master Card;Mashhad;850000.0
success;SUCCESS;20/9/2025;2:37:00 ðì;Master Card;Shiraz;12345.0
success;SUCCESS;25/9/2025;4:40:00 ìì;Amex;Tabriz;5000.0
fail;FAIL;22/9/2025;4:40:00 ìì;Visa;Ahvaz;1578078.0
fail;FAIL;13/9/2025;9:21:00 ìì;Visa;Tabriz;63489.0
Success;SUCCESS;27/9/2025;9:10:00 ìì;Discover;Tehran;585954.0
fail;FAIL;19/9/2025;7:40:00 ìì;Amex;Qom;555555.0
FAIL;FAIL;17/9/2025;10:27:00 ìì;Master Card;Qom;177050.0
success;SUCCESS;4/9/2025;6:45:00 ìì;Amex;Shiraz;1578078.0
success;SUCCESS;12/9/2025;1:13:00 ìì;Visa;Shiraz;900000.0
success;SUCCESS;29/9/2025;9:23:00 ìì;Master Card;Mashhad;12345.0
fail;FAIL;9/9/2025;9:21:00 ìì;Master Card;Mashhad;200000.0
fail;FAIL;19/9/2025;6:12:00 ìì;visa;Tehran;50200.0
fail;FAIL;12/9/2025;2:11:00 ìì;Visa;Mashhad;471227.0
fail;FAIL;7/9/2025;6:12:00 ìì;Master Card;Tabriz;250000.0
Success;SUCCESS;28/9/2025;3:27:00 ðì;Amex;Tehran;205000.0
success;SUCCESS;14/9/2025;4:40:00 ìì;Master Card;Tehran;471227.0
success;SUCCESS;20/9/2025;9:00:00 ðì;Master Card;Qom;250000.0
fail;FAIL;19/9/2025;2:11:00 ìì;Master Card;Isfahan;1305967.0
fail;FAIL;26/9/2025;5:23:00 ðì;Master Card;Qom;914282.0
Success;SUCCESS;15/9/2025;6:30:00 ðì;Visa;Isfahan;443463.0
fail;FAIL;16/9/2025;3:27:00 ðì;Master Card;Karaj;1502601.0
fail;FAIL;21/9/2025;6:06:00 ðì;Discover;Tehran;1.0
success;SUCCESS;25/9/2025;6:30:00 ðì;Master Card;Tehran;250000.0
success;SUCCESS;20/9/2025;2:30:00 ðì;Master Card;Mashhad;471227.0
success;SUCCESS;27/9/2025;8:33:00 ìì;Master Card;Tehran ;583952.0
fail;FAIL;21/9/2025;12:00:00 ðì;Amex;Tehran;900000.0
fail;FAIL;4/9/2025;4:15:00 ðì;Discover;Tehran;1782689.0
fail;FAIL;23/9/2025;11:17:00 ìì;Visa;Tabriz;1000.0
fail;FAIL;16/9/2025;7:29:00 ìì;Visa;Isfahan;120000.0
fail;FAIL;25/9/2025;2:30:00 ìì;Discover;karaj;343679.0
success;SUCCESS;13/9/2025;2:20:00 ðì;Discover;Karaj;1427657.0
fail;FAIL;10/9/2025;10:27:00 ìì;Amex;Tehran;650000.0
fail;FAIL;7/9/2025;6:12:00 ìì;Visa;Mashhad;12345.0
fail;FAIL;14/9/2025;8:08:00 ðì;Master Card;Qom;412308.0
fail;FAIL;5/9/2025;5:07:00 ìì;Visa;Tabriz;100.5
success;SUCCESS;3/9/2025;9:45:00 ðì;Amex;Tabriz;914282.0
success;SUCCESS;23/9/2025;8:59:00 ðì;Visa;Tehran ;205000.0
fail;FAIL;29/9/2025;9:09:00 ðì;Visa;Isfahan;1387769.0
Success;SUCCESS;15/9/2025;7:32:00 ðì;Visa;Tehran;774681.0
success;SUCCESS;12/9/2025;11:59:00 ìì;Visa;Tehran;1050805.0
fail;FAIL;9/9/2025;7:08:00 ðì;Master Card;Tabriz;452545.0
success;SUCCESS;10/9/2025;7:51:00 ìì;Master Card;Tehran;914465.0
success;SUCCESS;12/9/2025;7:40:00 ìì;Visa;Tabriz;333333.0
success;SUCCESS;29/9/2025;9:21:00 ìì;Master Card;Isfahan;471227.0
success;SUCCESS;6/9/2025;7:19:00 ìì;Master Card;Shiraz;99999.0
fail;FAIL;7/9/2025;2:00:00 ìì;Visa;Isfahan;200000.0
success;SUCCESS;14/9/2025;5:17:00 ìì;Discover;Mashhad;585954.0
FAIL;FAIL;13/9/2025;7:08:00 ðì;Visa;Tabriz;1.0
fail;FAIL;8/9/2025;4:40:00 ìì;Master Card;Tehran;99999.0
fail;FAIL;10/9/2025;11:11:00 ðì;Visa;Tehran;177050.0
fail;FAIL;18/9/2025;7:40:00 ìì;Master Card;Tehran ;300000.0
fail;FAIL;2/9/2025;11:17:00 ìì;Visa;Tabriz;343679.0
fail;FAIL;5/9/2025;1:13:00 ìì;Discover;Isfahan;583952.0
success;SUCCESS;29/9/2025;2:30:00 ìì;Visa;Isfahan;850000.0
success;SUCCESS;5/9/2025;3:00:00 ðì;Master Card;Isfahan;177050.0
Success;SUCCESS;16/9/2025;1:51:00 ðì;Visa;Ahvaz;545116.0
fail;FAIL;13/9/2025;7:29:00 ìì;Master Card;Karaj;1158713.0
success;SUCCESS;1/9/2025;11:11:00 ðì;Master Card;Isfahan;1.0
success;SUCCESS;22/9/2025;12:12:00 ìì;Master Card;Shiraz;585954.0
fail;FAIL;20/9/2025;2:00:00 ìì;visa;Tabriz;1768588.0
success;SUCCESS;17/9/2025;2:20:00 ðì;Master Card;Tabriz;333333.0
fail;FAIL;7/9/2025;5:07:00 ìì;Visa;Tabriz;452545.0
fail;FAIL;13/9/2025;4:40:00 ìì;Master Card;Tabriz;1578078.0
success;SUCCESS;4/9/2025;2:24:00 ðì;Visa;Qom;1782689.0
fail;FAIL;4/9/2025;11:11:00 ðì;Discover;Tehran;1.0
fail;FAIL;6/9/2025;2:02:00 ìì;Visa;Tabriz;452545.0
success;SUCCESS;28/9/2025;1:13:00 ìì;Master Card;Tabriz;412308.0
FAIL;FAIL;29/9/2025;12:34:00 ìì;Visa;Mashhad;443463.0
fail;FAIL;12/9/2025;7:29:00 ìì;Master Card;Karaj;100.5
fail;FAIL;22/9/2025;11:59:00 ìì;Discover;Tabriz;177050.0
success;SUCCESS;7/9/2025;3:27:00 ðì;Master Card;Tehran;545116.0
success;SUCCESS;27/9/2025;7:19:00 ìì;Master Card;Karaj;1427657.0
fail;FAIL;10/9/2025;9:45:00 ðì;Visa;Tehran;205000.0
success;SUCCESS;26/9/2025;7:08:00 ðì;Visa;Tabriz;1.0
fail;FAIL;7/9/2025;2:55:00 ìì;Master Card;Karaj;177050.0
fail;FAIL;30/9/2025;5:56:00 ðì;Amex;Shiraz;343679.0
success;SUCCESS;3/9/2025;2:11:00 ìì;Master Card;Tehran;177050.0
success;SUCCESS;13/9/2025;12:12:00 ìì;Amex;Qom;1.0
success;SUCCESS;13/9/2025;3:27:00 ðì;Visa;Karaj;419089.0
success;SUCCESS;18/9/2025;12:34:00 ìì;Master Card;Isfahan;1387769.0
fail;FAIL;28/9/2025;3:27:00 ðì;Master Card;Tabriz;100000.0
Success;SUCCESS;30/9/2025;2:37:00 ðì;Master Card;Karaj;63489.0
fail;FAIL;28/9/2025;2:54:00 ðì;Visa;Shiraz;300000.0
success;SUCCESS;8/9/2025;3:27:00 ðì;Master Card;Mashhad;100000.0
success;SUCCESS;29/9/2025;3:27:00 ðì;Amex;Ahvaz;419089.0
success;SUCCESS;9/9/2025;11:11:00 ðì;Visa;Tehran;1427657.0
success;SUCCESS;7/9/2025;2:30:00 ìì;Master Card;Tabriz;99999.0
fail;FAIL;1/9/2025;1:10:00 ìì;Amex;Qom;850000.0
fail;FAIL;3/9/2025;7:07:00 ðì;Discover;Mashhad;333333.0
success;SUCCESS;28/9/2025;2:37:00 ðì;Amex;Karaj;200000.0
success;SUCCESS;25/9/2025;7:07:00 ðì;Master Card;Karaj;177050.0
success;SUCCESS;17/9/2025;9:00:00 ðì;Visa;Karaj;900000.0
fail;FAIL;25/9/2025;2:37:00 ðì;Master Card;Mashhad;250000.0
fail;FAIL;24/9/2025;9:10:00 ìì;VISA;Tehran;850000.0
fail;FAIL;1/9/2025;10:05:00 ðì;Visa;Tabriz;412308.0
fail;FAIL;21/9/2025;2:11:00 ìì;Visa;Mashhad;1.0
fail;FAIL;6/9/2025;8:59:00 ðì;Master Card;Tabriz;343679.0
fail;FAIL;26/9/2025;5:07:00 ìì;Master Card;Tehran;1768588.0
success;SUCCESS;12/9/2025;7:19:00 ìì;Visa;Tehran;100.5
fail;FAIL;13/9/2025;4:40:00 ðì;Discover;karaj;412308.0
Success;SUCCESS;29/9/2025;1:01:00 ðì;Visa;Ahvaz;545116.0
fail;FAIL;15/9/2025;10:48:00 ðì;Visa;Tabriz;419089.0
fail;FAIL;21/9/2025;6:00:00 ìì;Visa;Qom;471227.0
success;SUCCESS;16/9/2025;1:10:00 ìì;Discover;Isfahan;300000.0
success;SUCCESS;22/9/2025;7:07:00 ðì;Master Card;Tehran;976246.0
success;SUCCESS;21/9/2025;5:23:00 ðì;Visa;Tehran;443463.0
success;SUCCESS;28/9/2025;7:07:00 ðì;Master Card;Tehran;1472823.0
fail;FAIL;5/9/2025;1:01:00 ðì;Visa;Karaj;1305967.0
fail;FAIL;4/9/2025;2:30:00 ðì;Amex;Tehran;583952.0
success;SUCCESS;19/9/2025;7:32:00 ðì;Master Card;Mashhad;650000.0
Success;SUCCESS;20/9/2025;2:37:00 ðì;Discover;Karaj;63489.0
success;SUCCESS;25/9/2025;9:23:00 ìì;Master Card;Tabriz;774681.0
fail;FAIL;18/9/2025;9:23:00 ìì;Amex;Tehran;443463.0
success;SUCCESS;9/9/2025;3:45:00 ìì;Discover;Tehran;900000.0
FAIL;FAIL;17/9/2025;2:37:00 ðì;Discover;Tehran;250000.0
success;SUCCESS;15/9/2025;12:00:00 ðì;Visa;Tehran;1502601.0
success;SUCCESS;1/9/2025;1:51:00 ðì;Visa;Isfahan;100.5
success;SUCCESS;21/9/2025;7:19:00 ìì;Amex;Tehran;250000.0
success;SUCCESS;22/9/2025;6:12:00 ìì;Visa;Shiraz;419089.0
fail;FAIL;3/9/2025;9:45:00 ðì;Amex;Tehran;1050805.0
success;SUCCESS;16/9/2025;1:01:00 ðì;Amex;Ahvaz;914282.0
success;SUCCESS;23/9/2025;8:20:00 ìì;Visa;Shiraz;555555.0
fail;FAIL;11/9/2025;4:40:00 ðì;Visa;Karaj;1000.0
fail;FAIL;12/9/2025;4:40:00 ìì;visa;Tabriz;452545.0
Success;SUCCESS;10/9/2025;11:11:00 ðì;Visa;Tehran;914282.0
fail;FAIL;16/9/2025;3:45:00 ìì;Amex;Mashhad;343679.0
success;SUCCESS;8/9/2025;2:30:00 ðì;Master Card;Mashhad;914282.0
fail;FAIL;12/9/2025;2:20:00 ðì;Amex;Tehran;1578078.0
success;SUCCESS;28/9/2025;6:45:00 ìì;Discover;Mashhad;1463119.0
success;SUCCESS;8/9/2025;3:27:00 ðì;Discover;Tabriz;450000.0
success;SUCCESS;28/9/2025;1:13:00 ìì;Discover;Mashhad;555555.0
success;SUCCESS;4/9/2025;4:04:00 ðì;Amex;Tehran;1768588.0
fail;FAIL;26/9/2025;1:51:00 ðì;Discover;Shiraz;177050.0
fail;FAIL;8/9/2025;9:45:00 ðì;Amex;Tabriz;850000.0
fail;FAIL;26/9/2025;11:17:00 ìì;Master Card;Tehran;63489.0
fail;FAIL;18/9/2025;11:11:00 ðì;Master Card;Isfahan;976246.0
success;SUCCESS;28/9/2025;9:23:00 ìì;Amex;Isfahan;123456.0
fail;FAIL;28/9/2025;2:30:00 ðì;Amex;Tehran;419089.0
fail;FAIL;9/9/2025;11:17:00 ìì;Amex;Tehran;412308.0
FAIL;FAIL;4/9/2025;7:08:00 ðì;Visa;Shiraz;343679.0
fail;FAIL;27/9/2025;2:30:00 ðì;Discover;Tehran;900000.0
success;SUCCESS;1/9/2025;11:11:00 ðì;Amex;Mashhad;1883871.0
FAIL;FAIL;21/9/2025;1:01:00 ðì;Master Card;Qom;583952.0
fail;FAIL;20/9/2025;7:51:00 ìì;Visa;Qom;914465.0
fail;FAIL;28/9/2025;7:40:00 ìì;Amex;karaj;471227.0
Success;SUCCESS;16/9/2025;10:48:00 ðì;Discover;Tehran;123456.0
fail;FAIL;29/9/2025;9:00:00 ðì;Discover;Karaj;200000.0
success;SUCCESS;13/9/2025;6:30:00 ðì;Amex;Tehran;1782689.0
fail;FAIL;3/9/2025;2:00:00 ìì;Master Card;Tehran;585954.0
fail;FAIL;6/9/2025;2:55:00 ìì;Discover;Mashhad;63489.0
fail;FAIL;19/9/2025;7:32:00 ðì;Discover;Ahvaz;471227.0
success;SUCCESS;5/9/2025;2:54:00 ðì;Master Card;Tehran;120000.0
FAIL;FAIL;15/9/2025;4:16:00 ìì;Discover;Shiraz;100000.0
success;SUCCESS;25/9/2025;5:56:00 ðì;Visa;Shiraz;5000.0
success;SUCCESS;2/9/2025;3:45:00 ìì;Discover;Tehran;1.0
success;SUCCESS;24/9/2025;3:27:00 ðì;Master Card;Karaj;914282.0
fail;FAIL;30/9/2025;2:30:00 ðì;Discover;Tehran;850000.0
success;SUCCESS;18/9/2025;9:21:00 ìì;Master Card;Shiraz;774681.0
fail;FAIL;27/9/2025;2:55:00 ìì;Visa;Ahvaz;419089.0
success;SUCCESS;13/9/2025;9:23:00 ìì;Visa;Isfahan;1387769.0
success;SUCCESS;23/9/2025;2:37:00 ðì;Visa;karaj;914282.0
success;SUCCESS;1/9/2025;5:17:00 ìì;Amex;Isfahan;1427657.0
success;SUCCESS;22/9/2025;7:07:00 ðì;Amex;Karaj;583952.0
success;SUCCESS;1/9/2025;7:08:00 ðì;Amex;karaj;100000.0
fail;FAIL;18/9/2025;3:00:00 ðì;Master Card;Tehran;471227.0
fail;FAIL;17/9/2025;8:08:00 ðì;Visa;Mashhad;1387769.0
fail;FAIL;21/9/2025;9:23:00 ìì;Amex;Qom;99999.0
fail;FAIL;26/9/2025;5:17:00 ìì;Master Card;Qom;250000.0
success;SUCCESS;25/9/2025;12:00:00 ðì;Discover;Isfahan;12345.0
fail;FAIL;22/9/2025;7:08:00 ðì;Visa;Isfahan;100.5
fail;FAIL;27/9/2025;1:13:00 ìì;Amex;Mashhad;976246.0
fail;FAIL;17/9/2025;9:23:00 ìì;Discover;Isfahan;200000.0
success;SUCCESS;1/9/2025;4:40:00 ðì;Visa;Isfahan;1000.0
success;SUCCESS;2/9/2025;3:27:00 ðì;VISA;Tabriz;1000.0
fail;FAIL;9/9/2025;6:00:00 ìì;Visa;Isfahan;120000.0
Success;SUCCESS;1/9/2025;11:59:00 ìì;Visa;Tehran;1578078.0
fail;FAIL;21/9/2025;12:12:00 ìì;Master Card;Ahvaz;471227.0
success;SUCCESS;16/9/2025;7:07:00 ðì;Visa;karaj;205000.0
fail;FAIL;23/9/2025;5:17:00 ìì;Master Card;Tehran;1578078.0
fail;FAIL;6/9/2025;6:06:00 ðì;Master Card;Tehran;583952.0
fail;FAIL;17/9/2025;12:44:00 ìì;Amex;Mashhad;343679.0
success;SUCCESS;5/9/2025;1:13:00 ìì;Visa;Isfahan;1578078.0
success;SUCCESS;5/9/2025;8:33:00 ìì;Discover;Isfahan;1463119.0
success;SUCCESS;6/9/2025;2:02:00 ìì;Discover;Shiraz;120000.0
success;SUCCESS;3/9/2025;11:17:00 ìì;Visa;Isfahan;419089.0
success;SUCCESS;21/9/2025;1:01:00 ðì;Amex;Shiraz;5000.0
fail;FAIL;23/9/2025;2:11:00 ìì;Visa;Isfahan;177050.0
success;SUCCESS;5/9/2025;7:19:00 ìì;Master Card;Tabriz;343679.0
success;SUCCESS;21/9/2025;3:27:00 ðì;Amex;Isfahan;914282.0
fail;FAIL;19/9/2025;5:23:00 ðì;Amex;karaj;583952.0
fail;FAIL;17/9/2025;7:07:00 ðì;Master Card;Mashhad;5000.0
success;SUCCESS;21/9/2025;9:10:00 ìì;Discover;Tabriz;343679.0
success;SUCCESS;14/9/2025;10:27:00 ìì;Master Card;Shiraz;471227.0
success;SUCCESS;9/9/2025;11:59:00 ìì;Master Card;Karaj;63489.0
fail;FAIL;1/9/2025;4:16:00 ìì;Discover;Tabriz;63489.0
fail;FAIL;13/9/2025;11:59:00 ìì;Discover;Tabriz;900000.0
success;SUCCESS;13/9/2025;8:08:00 ðì;Visa;Tehran;452545.0
success;SUCCESS;4/9/2025;2:54:00 ðì;Visa;Shiraz;650000.0
success;SUCCESS;30/9/2025;5:23:00 ðì;Master Card;Tabriz;976246.0
success;SUCCESS;17/9/2025;9:00:00 ðì;Visa;Karaj;1782689.0
fail;FAIL;2/9/2025;12:00:00 ðì;Master Card;Qom;1768588.0
success;SUCCESS;28/9/2025;3:27:00 ðì;Visa;Shiraz;100000.0
success;SUCCESS;7/9/2025;10:48:00 ðì;Master Card;Isfahan;774681.0
success;SUCCESS;26/9/2025;3:27:00 ðì;VISA;Tehran;63489.0
success;SUCCESS;26/9/2025;5:23:00 ðì;Master Card;Mashhad;585954.0
fail;FAIL;2/9/2025;4:16:00 ìì;Master Card;Tehran;1.0
fail;FAIL;22/9/2025;2:00:00 ìì;Discover;Isfahan;250000.0
fail;FAIL;22/9/2025;11:59:00 ìì;visa;Tehran;850000.0
success;SUCCESS;3/9/2025;8:20:00 ìì;Discover;Isfahan;914282.0
fail;FAIL;12/9/2025;2:20:00 ðì;Discover;Tehran;452545.0
success;SUCCESS;1/9/2025;2:30:00 ðì;Visa;Shiraz;443463.0
fail;FAIL;22/9/2025;7:29:00 ìì;Master Card;Tabriz;1050805.0
success;SUCCESS;12/9/2025;9:10:00 ìì;Amex;Tabriz;1768588.0
success;SUCCESS;5/9/2025;2:11:00 ìì;Amex;Mashhad;419089.0
fail;FAIL;30/9/2025;2:54:00 ðì;Discover;Tabriz;774681.0
success;SUCCESS;25/9/2025;9:45:00 ðì;Discover;Isfahan;1000.0
Success;SUCCESS;17/9/2025;8:33:00 ìì;Amex;Tehran;914282.0
success;SUCCESS;16/9/2025;8:33:00 ìì;Master Card;Tehran;452545.0
fail;FAIL;15/9/2025;9:23:00 ìì;Discover;Tehran;412308.0
fail;FAIL;23/9/2025;7:07:00 ðì;Master Card;Tabriz;177050.0
success;SUCCESS;5/9/2025;7:32:00 ðì;Master Card;Tehran;1578078.0
fail;FAIL;21/9/2025;11:17:00 ìì;Visa;Tehran;200000.0
success;SUCCESS;14/9/2025;1:01:00 ðì;Master Card;Karaj;1502601.0
success;SUCCESS;11/9/2025;12:00:00 ðì;Visa;Tehran;177050.0
Success;SUCCESS;19/9/2025;1:51:00 ðì;Visa;Qom;5000.0
fail;FAIL;7/9/2025;7:32:00 ðì;VISA;Tehran;1578078.0
fail;FAIL;6/9/2025;10:48:00 ðì;Visa;Isfahan;419089.0
success;SUCCESS;2/9/2025;12:00:00 ðì;Visa;Tabriz;333333.0
success;SUCCESS;18/9/2025;2:20:00 ðì;Amex;Tehran ;300000.0
fail;FAIL;2/9/2025;7:19:00 ìì;Visa;Mashhad;177050.0
fail;FAIL;30/9/2025;12:12:00 ìì;Discover;Shiraz;1000.0
success;SUCCESS;15/9/2025;9:09:00 ðì;Discover;Ahvaz;177050.0
success;SUCCESS;27/9/2025;9:21:00 ìì;Master Card;Shiraz;343679.0
fail;FAIL;19/9/2025;12:12:00 ìì;Master Card;Ahvaz;976246.0
fail;FAIL;20/9/2025;7:29:00 ìì;Visa;Isfahan;585954.0
success;SUCCESS;25/9/2025;7:40:00 ìì;Discover;karaj;419089.0
fail;FAIL;24/9/2025;2:55:00 ìì;Visa;Qom;583952.0
fail;FAIL;15/9/2025;7:51:00 ìì;Visa;Karaj;471227.0
fail;FAIL;28/9/2025;3:00:00 ðì;Master Card;Tehran;300000.0
success;SUCCESS;30/9/2025;2:24:00 ðì;Amex;Tehran;177050.0
success;SUCCESS;23/9/2025;6:30:00 ðì;Discover;Mashhad;583952.0
fail;FAIL;10/9/2025;7:51:00 ìì;Discover;Shiraz;585954.0
success;SUCCESS;19/9/2025;7:07:00 ðì;Master Card;Tehran;1883871.0
fail;FAIL;17/9/2025;2:20:00 ðì;Amex;Tabriz;1463119.0
fail;FAIL;5/9/2025;2:37:00 ðì;Visa;Tehran;450000.0
fail;FAIL;29/9/2025;2:02:00 ìì;Master Card;Tabriz;1578078.0
fail;FAIL;4/9/2025;11:11:00 ðì;Master Card;Mashhad;1578078.0
fail;FAIL;10/9/2025;4:04:00 ðì;Discover;karaj;123456.0
fail;FAIL;24/9/2025;7:19:00 ìì;Master Card;Mashhad;850000.0
success;SUCCESS;17/9/2025;4:16:00 ìì;Visa;Tabriz;200000.0
success;SUCCESS;17/9/2025;2:20:00 ðì;Visa;Shiraz;555555.0
fail;FAIL;28/9/2025;2:55:00 ìì;Visa;Isfahan;1782689.0
fail;FAIL;20/9/2025;2:37:00 ðì;Discover;Tehran;1427657.0
fail;FAIL;24/9/2025;9:00:00 ðì;Visa;Ahvaz;1158713.0
success;SUCCESS;6/9/2025;1:13:00 ìì;Visa;Ahvaz;1578078.0
fail;FAIL;21/9/2025;4:15:00 ðì;Visa;Tehran;583952.0
FAIL;FAIL;2/9/2025;12:12:00 ìì;Visa;Qom;1305967.0
fail;FAIL;11/9/2025;6:06:00 ðì;Master Card;Tehran;555555.0
fail;FAIL;16/9/2025;6:30:00 ðì;Visa;Tehran;545116.0
fail;FAIL;11/9/2025;4:40:00 ìì;Master Card;Tehran;100.5
fail;FAIL;15/9/2025;2:30:00 ìì;Master Card;Tehran;1782689.0
fail;FAIL;25/9/2025;7:32:00 ðì;Discover;Ahvaz;177050.0
fail;FAIL;23/9/2025;2:30:00 ðì;Visa;Mashhad;774681.0
fail;FAIL;11/9/2025;12:12:00 ìì;Visa;Tehran;545116.0
FAIL;FAIL;16/9/2025;6:30:00 ðì;Visa;Isfahan;976246.0
fail;FAIL;8/9/2025;7:07:00 ðì;Master Card;karaj;900000.0
success;SUCCESS;4/9/2025;11:11:00 ðì;Amex;Karaj;100.5
fail;FAIL;8/9/2025;1:51:00 ðì;Master Card;Qom;1782689.0
success;SUCCESS;24/9/2025;1:51:00 ðì;Master Card;Tabriz;205000.0
fail;FAIL;25/9/2025;9:23:00 ìì;Amex;Mashhad;1050805.0
fail;FAIL;3/9/2025;12:34:00 ìì;Visa;Qom;50200.0
fail;FAIL;27/9/2025;2:30:00 ðì;Master Card;Tabriz;177050.0
fail;FAIL;29/9/2025;9:10:00 ìì;Discover;Tabriz;555555.0
Success;SUCCESS;18/9/2025;9:21:00 ìì;Discover;Ahvaz;545116.0
success;SUCCESS;29/9/2025;3:00:00 ðì;Master Card;Tehran;177050.0
success;SUCCESS;26/9/2025;7:08:00 ðì;Visa;Tehran;177050.0
fail;FAIL;19/9/2025;6:00:00 ìì;Visa;Tehran;1427657.0
success;SUCCESS;21/9/2025;9:23:00 ìì;Master Card;Qom;177050.0
fail;FAIL;5/9/2025;12:00:00 ðì;Master Card;Qom;585954.0
fail;FAIL;18/9/2025;4:40:00 ìì;Master Card;Mashhad;1768588.0
fail;FAIL;28/9/2025;7:51:00 ìì;Discover;Tehran;200000.0
fail;FAIL;29/9/2025;2:11:00 ìì;Master Card;Ahvaz;1050805.0
FAIL;FAIL;22/9/2025;7:51:00 ìì;visa;Tehran;1463119.0
success;SUCCESS;21/9/2025;7:51:00 ìì;Amex;Tehran;250000.0
success;SUCCESS;6/9/2025;1:13:00 ìì;Visa;Tehran;250000.0
fail;FAIL;1/9/2025;5:56:00 ðì;Visa;Tehran;177050.0
success;SUCCESS;5/9/2025;11:17:00 ìì;Master Card;Shiraz;774681.0
success;SUCCESS;12/9/2025;3:45:00 ìì;Amex;Ahvaz;200000.0
success;SUCCESS;26/9/2025;11:11:00 ðì;Master Card;Tehran;200000.0
fail;FAIL;14/9/2025;2:55:00 ìì;Master Card;Isfahan;419089.0
fail;FAIL;17/9/2025;2:00:00 ìì;Master Card;Tehran;343679.0
success;SUCCESS;14/9/2025;10:27:00 ìì;Amex;Tehran;1463119.0
success;SUCCESS;27/9/2025;4:15:00 ðì;Master Card;Tehran;1768588.0
fail;FAIL;9/9/2025;8:33:00 ìì;Master Card;Karaj;914282.0
success;SUCCESS;26/9/2025;9:09:00 ðì;Visa;Tehran;123456.0
success;SUCCESS;25/9/2025;12:00:00 ðì;Master Card;Tehran;1158713.0
success;SUCCESS;15/9/2025;9:00:00 ðì;Visa;Tabriz;1768588.0
fail;FAIL;11/9/2025;4:15:00 ðì;Discover;Tehran;300000.0
fail;FAIL;16/9/2025;4:40:00 ìì;Amex;Tehran;471227.0
success;SUCCESS;17/9/2025;11:11:00 ðì;Visa;Tabriz;585954.0
success;SUCCESS;26/9/2025;2:37:00 ðì;Master Card;Mashhad;850000.0
fail;FAIL;1/9/2025;2:55:00 ìì;Master Card;Shiraz;419089.0
fail;FAIL;8/9/2025;4:15:00 ðì;Master Card;Tehran;99999.0
success;SUCCESS;3/9/2025;12:00:00 ðì;Master Card;Tehran;774681.0
fail;FAIL;29/9/2025;6:30:00 ðì;Master Card;Tehran;120000.0
fail;FAIL;20/9/2025;6:30:00 ðì;Discover;Tabriz;583952.0
success;SUCCESS;24/9/2025;8:59:00 ðì;Visa;Tehran;1768588.0
success;SUCCESS;22/9/2025;12:44:00 ìì;Master Card;Tehran;100000.0
fail;FAIL;14/9/2025;9:23:00 ìì;Visa;Tehran;1502601.0
success;SUCCESS;26/9/2025;5:56:00 ðì;Visa;Karaj;177050.0
success;SUCCESS;28/9/2025;9:45:00 ðì;Visa;Tehran ;250000.0
fail;FAIL;23/9/2025;6:30:00 ðì;Amex;Shiraz;1305967.0
success;SUCCESS;24/9/2025;7:29:00 ìì;VISA;Mashhad;250000.0
Success;SUCCESS;2/9/2025;2:54:00 ðì;Master Card;Tehran ;976246.0
success;SUCCESS;13/9/2025;7:40:00 ìì;Visa;Mashhad;1578078.0
fail;FAIL;14/9/2025;3:27:00 ðì;Master Card;Isfahan;1.0
success;SUCCESS;27/9/2025;12:00:00 ðì;Visa;Tehran ;100.5
fail;FAIL;24/9/2025;12:34:00 ìì;Visa;Karaj;200000.0
fail;FAIL;19/9/2025;2:02:00 ìì;Master Card;Karaj;471227.0
fail;FAIL;3/9/2025;5:56:00 ðì;Visa;Qom;5000.0
fail;FAIL;15/9/2025;7:29:00 ìì;Master Card;Isfahan;419089.0
fail;FAIL;23/9/2025;6:45:00 ìì;Master Card;Tabriz;100.5
fail;FAIL;14/9/2025;9:21:00 ìì;Visa;Tehran;914465.0
success;SUCCESS;15/9/2025;6:06:00 ðì;Discover;Tabriz;585954.0
success;SUCCESS;13/9/2025;2:20:00 ðì;Visa;Tehran;100.5
success;SUCCESS;18/9/2025;3:45:00 ìì;Discover;Karaj;1463119.0
FAIL;FAIL;26/9/2025;1:13:00 ìì;visa;Shiraz;900000.0
success;SUCCESS;3/9/2025;12:34:00 ìì;Amex;karaj;450000.0
success;SUCCESS;19/9/2025;1:10:00 ìì;Master Card;Karaj;1463119.0
fail;FAIL;15/9/2025;2:24:00 ðì;Amex;Tabriz;774681.0
success;SUCCESS;25/9/2025;2:55:00 ìì;Master Card;Mashhad;100.5
fail;FAIL;23/9/2025;4:40:00 ðì;Amex;Tehran;585954.0
fail;FAIL;5/9/2025;10:05:00 ðì;Visa;Tehran;555555.0
fail;FAIL;28/9/2025;12:44:00 ìì;Master Card;Ahvaz;1427657.0
success;SUCCESS;7/9/2025;2:11:00 ìì;Discover;Tehran;1.0
success;SUCCESS;25/9/2025;9:10:00 ìì;Amex;Tabriz;583952.0
fail;FAIL;26/9/2025;4:40:00 ðì;Discover;Mashhad;200000.0
fail;FAIL;30/9/2025;4:40:00 ðì;Discover;Karaj;1578078.0
success;SUCCESS;25/9/2025;11:59:00 ìì;VISA;karaj;205000.0
fail;FAIL;20/9/2025;7:07:00 ðì;Discover;Mashhad;450000.0
fail;FAIL;25/9/2025;4:40:00 ìì;Master Card;Shiraz;343679.0
fail;FAIL;4/9/2025;4:40:00 ìì;visa;Tehran ;5000.0
success;SUCCESS;10/9/2025;9:00:00 ðì;Discover;Karaj;1782689.0
success;SUCCESS;3/9/2025;12:44:00 ìì;Visa;Tehran;914282.0
success;SUCCESS;9/9/2025;6:00:00 ìì;Visa;karaj;471227.0
success;SUCCESS;13/9/2025;8:59:00 ðì;Master Card;Qom;1050805.0
success;SUCCESS;18/9/2025;12:12:00 ìì;Visa;Tehran;1768588.0
fail;FAIL;15/9/2025;2:55:00 ìì;Discover;Isfahan;1883871.0
fail;FAIL;4/9/2025;5:07:00 ìì;Visa;Isfahan;5000.0
success;SUCCESS;15/9/2025;11:59:00 ìì;Discover;Ahvaz;471227.0
fail;FAIL;8/9/2025;7:29:00 ìì;Master Card;Isfahan;1.0
fail;FAIL;8/9/2025;12:12:00 ìì;Amex;Tehran;63489.0
success;SUCCESS;17/9/2025;2:30:00 ðì;Amex;Tehran;177050.0
success;SUCCESS;12/9/2025;2:02:00 ìì;Master Card;Mashhad;1883871.0
fail;FAIL;10/9/2025;2:20:00 ðì;Master Card;Karaj;1578078.0
fail;FAIL;9/9/2025;2:55:00 ìì;Amex;Mashhad;300000.0
fail;FAIL;5/9/2025;2:11:00 ìì;Master Card;Tehran;100000.0
success;SUCCESS;6/9/2025;11:59:00 ìì;Discover;Karaj;545116.0
fail;FAIL;20/9/2025;12:12:00 ìì;Discover;Karaj;100.5
fail;FAIL;2/9/2025;1:10:00 ìì;Amex;karaj;914465.0
fail;FAIL;27/9/2025;5:17:00 ìì;Discover;Shiraz;100.5
fail;FAIL;24/9/2025;2:30:00 ðì;Master Card;Tabriz;120000.0
success;SUCCESS;27/9/2025;4:15:00 ðì;Master Card;Shiraz;1387769.0
fail;FAIL;6/9/2025;2:20:00 ðì;Visa;Tabriz;343679.0
fail;FAIL;5/9/2025;1:13:00 ìì;Amex;karaj;1427657.0
fail;FAIL;25/9/2025;3:45:00 ìì;Amex;Tehran;1305967.0
fail;FAIL;1/9/2025;2:37:00 ðì;Discover;Tabriz;300000.0
fail;FAIL;21/9/2025;12:34:00 ìì;Master Card;Tehran;100.5
success;SUCCESS;22/9/2025;6:00:00 ìì;Visa;Tabriz;200000.0
success;SUCCESS;21/9/2025;7:08:00 ðì;Discover;Tehran;583952.0
success;SUCCESS;6/9/2025;8:20:00 ìì;Master Card;Tehran;343679.0
success;SUCCESS;6/9/2025;1:51:00 ðì;Master Card;Tabriz;450000.0
fail;FAIL;23/9/2025;4:40:00 ìì;Amex;Isfahan;1000.0
Success;SUCCESS;16/9/2025;2:55:00 ìì;Visa;Tehran;914282.0
success;SUCCESS;30/9/2025;10:48:00 ðì;Master Card;Isfahan;343679.0
success;SUCCESS;11/9/2025;2:24:00 ðì;VISA;Karaj;850000.0
fail;FAIL;30/9/2025;12:00:00 ðì;Discover;Tabriz;50200.0
fail;FAIL;30/9/2025;3:27:00 ðì;Visa;Karaj;100.5
success;SUCCESS;30/9/2025;12:00:00 ðì;Discover;Isfahan;914465.0
fail;FAIL;24/9/2025;7:08:00 ðì;Amex;Tehran;343679.0
fail;FAIL;23/9/2025;2:30:00 ðì;Visa;Karaj;774681.0
success;SUCCESS;23/9/2025;4:04:00 ðì;Master Card;Tabriz;1472823.0
success;SUCCESS;3/9/2025;10:27:00 ìì;Master Card;Isfahan;471227.0
success;SUCCESS;19/9/2025;6:12:00 ìì;Discover;Mashhad;1883871.0
fail;FAIL;5/9/2025;5:07:00 ìì;Visa;Mashhad;419089.0
fail;FAIL;4/9/2025;2:30:00 ðì;Discover;Qom;1578078.0
fail;FAIL;6/9/2025;5:17:00 ìì;Master Card;Isfahan;583952.0
fail;FAIL;2/9/2025;7:40:00 ìì;Discover;Tehran;585954.0
success;SUCCESS;20/9/2025;12:00:00 ðì;Amex;Tehran;300000.0
success;SUCCESS;28/9/2025;1:13:00 ìì;Master Card;Qom;545116.0
fail;FAIL;11/9/2025;2:00:00 ìì;Visa;Tehran;443463.0
success;SUCCESS;4/9/2025;8:08:00 ðì;Master Card;Mashhad;1578078.0
fail;FAIL;22/9/2025;10:27:00 ìì;Master Card;Tehran;850000.0
fail;FAIL;17/9/2025;11:59:00 ìì;Discover;Karaj;333333.0
success;SUCCESS;30/9/2025;4:40:00 ðì;Amex;Tehran;583952.0
fail;FAIL;19/9/2025;7:29:00 ìì;Visa;Shiraz;900000.0
fail;FAIL;30/9/2025;1:51:00 ðì;Visa;Tehran;1427657.0
success;SUCCESS;25/9/2025;6:00:00 ìì;Discover;Tabriz;333333.0
success;SUCCESS;2/9/2025;10:48:00 ðì;Discover;Tehran;976246.0
success;SUCCESS;15/9/2025;7:07:00 ðì;Master Card;Isfahan;471227.0
fail;FAIL;11/9/2025;7:40:00 ìì;VISA;Tehran ;914465.0
fail;FAIL;26/9/2025;2:55:00 ìì;Discover;Tehran;1578078.0
fail;FAIL;19/9/2025;11:11:00 ðì;Visa;karaj;850000.0
success;SUCCESS;12/9/2025;1:13:00 ìì;Discover;Tabriz;1768588.0
success;SUCCESS;5/9/2025;2:55:00 ìì;Visa;Tehran;1768588.0
fail;FAIL;6/9/2025;5:07:00 ìì;Discover;Tehran;120000.0
success;SUCCESS;26/9/2025;1:51:00 ðì;Discover;Shiraz;63489.0
success;SUCCESS;22/9/2025;12:00:00 ðì;Visa;Mashhad;1883871.0
success;SUCCESS;4/9/2025;7:19:00 ìì;Master Card;Ahvaz;545116.0
Success;SUCCESS;20/9/2025;5:07:00 ìì;Master Card;Tehran ;976246.0
fail;FAIL;1/9/2025;2:11:00 ìì;Visa;Tehran;585954.0
fail;FAIL;20/9/2025;2:02:00 ìì;Discover;Tehran;1158713.0
success;SUCCESS;17/9/2025;2:37:00 ðì;Amex;Karaj;914282.0
Success;SUCCESS;12/9/2025;2:20:00 ðì;Amex;Tehran;100.5
fail;FAIL;15/9/2025;11:11:00 ðì;Amex;Ahvaz;100.5
success;SUCCESS;1/9/2025;2:11:00 ìì;Visa;Mashhad;12345.0
success;SUCCESS;26/9/2025;8:08:00 ðì;Master Card;Tabriz;205000.0
fail;FAIL;6/9/2025;1:13:00 ìì;Master Card;Mashhad;585954.0
fail;FAIL;5/9/2025;6:06:00 ðì;Master Card;Mashhad;250000.0
fail;FAIL;4/9/2025;10:48:00 ðì;Master Card;Karaj;99999.0
success;SUCCESS;13/9/2025;6:00:00 ìì;Master Card;Karaj;555555.0
success;SUCCESS;11/9/2025;1:13:00 ìì;Discover;Tabriz;419089.0
success;SUCCESS;1/9/2025;10:05:00 ðì;Visa;Tehran;250000.0
success;SUCCESS;6/9/2025;6:12:00 ìì;Discover;Tehran;200000.0
fail;FAIL;18/9/2025;8:33:00 ìì;Master Card;Ahvaz;1578078.0
success;SUCCESS;10/9/2025;12:00:00 ðì;Master Card;Ahvaz;914465.0
success;SUCCESS;5/9/2025;12:00:00 ðì;Amex;Tehran;1578078.0
success;SUCCESS;10/9/2025;4:04:00 ðì;Visa;Tehran;1387769.0
FAIL;FAIL;12/9/2025;4:40:00 ðì;Master Card;Tehran;1427657.0
success;SUCCESS;2/9/2025;6:06:00 ðì;Master Card;Isfahan;12345.0
fail;FAIL;13/9/2025;12:12:00 ìì;Master Card;Tehran;1000.0
fail;FAIL;2/9/2025;7:08:00 ðì;visa;Tehran;100.5
success;SUCCESS;20/9/2025;2:37:00 ðì;Visa;Mashhad;471227.0
fail;FAIL;1/9/2025;7:19:00 ìì;Master Card;Tehran;545116.0
success;SUCCESS;9/9/2025;2:54:00 ðì;Visa;Shiraz;250000.0
fail;FAIL;17/9/2025;5:07:00 ìì;Amex;Tehran;343679.0
Success;SUCCESS;6/9/2025;11:11:00 ðì;Amex;Mashhad;100.5
fail;FAIL;23/9/2025;8:59:00 ðì;Master Card;Ahvaz;555555.0
success;SUCCESS;3/9/2025;11:59:00 ìì;Visa;Tehran;850000.0
fail;FAIL;30/9/2025;12:12:00 ìì;Visa;Karaj;555555.0
fail;FAIL;30/9/2025;6:45:00 ìì;Master Card;Tabriz;1387769.0
fail;FAIL;12/9/2025;4:15:00 ðì;Visa;Tehran;333333.0
success;SUCCESS;14/9/2025;2:11:00 ìì;Visa;Tehran;1463119.0
success;SUCCESS;21/9/2025;4:40:00 ðì;Amex;Isfahan;452545.0
success;SUCCESS;24/9/2025;8:20:00 ìì;visa;Qom;1782689.0
success;SUCCESS;11/9/2025;2:37:00 ðì;Discover;Tehran;205000.0
success;SUCCESS;9/9/2025;5:56:00 ðì;Discover;Tehran ;333333.0
success;SUCCESS;2/9/2025;11:11:00 ðì;Visa;Ahvaz;450000.0
fail;FAIL;12/9/2025;2:30:00 ìì;Master Card;Qom;1578078.0
success;SUCCESS;3/9/2025;2:00:00 ìì;Amex;Tehran;1.0
success;SUCCESS;8/9/2025;9:23:00 ìì;Master Card;Qom;1158713.0
fail;FAIL;22/9/2025;7:08:00 ðì;Master Card;karaj;200000.0
fail;FAIL;29/9/2025;11:11:00 ðì;Visa;Tehran;343679.0
success;SUCCESS;8/9/2025;2:20:00 ðì;Master Card;Isfahan;177050.0
fail;FAIL;9/9/2025;2:30:00 ðì;Master Card;Ahvaz;850000.0
success;SUCCESS;28/9/2025;2:30:00 ìì;Visa;Mashhad;555555.0
FAIL;FAIL;30/9/2025;5:56:00 ðì;Visa;Isfahan;774681.0
success;SUCCESS;3/9/2025;4:15:00 ðì;Visa;Isfahan;1158713.0
fail;FAIL;5/9/2025;5:56:00 ðì;Visa;Mashhad;1578078.0
success;SUCCESS;19/9/2025;11:59:00 ìì;Amex;Qom;914465.0
fail;FAIL;26/9/2025;7:29:00 ìì;visa;karaj;343679.0
success;SUCCESS;30/9/2025;2:30:00 ìì;Visa;Shiraz;914282.0
success;SUCCESS;4/9/2025;1:01:00 ðì;Discover;Mashhad;471227.0
fail;FAIL;25/9/2025;7:07:00 ðì;Visa;Tehran;1158713.0
success;SUCCESS;13/9/2025;9:23:00 ìì;Master Card;Tehran;545116.0
FAIL;FAIL;10/9/2025;10:48:00 ðì;Master Card;Tabriz;1768588.0
fail;FAIL;25/9/2025;2:54:00 ðì;Master Card;Tehran;471227.0
fail;FAIL;18/9/2025;7:07:00 ðì;Master Card;Mashhad;250000.0
fail;FAIL;8/9/2025;1:51:00 ðì;Master Card;karaj;1050805.0
fail;FAIL;8/9/2025;10:05:00 ðì;Amex;Tabriz;900000.0
fail;FAIL;7/9/2025;6:12:00 ìì;Amex;karaj;583952.0
fail;FAIL;8/9/2025;11:59:00 ìì;Master Card;Karaj;419089.0
success;SUCCESS;14/9/2025;3:27:00 ðì;Master Card;Tehran;555555.0
fail;FAIL;19/9/2025;7:51:00 ìì;Visa;Shiraz;850000.0
fail;FAIL;29/9/2025;6:30:00 ðì;Visa;Tehran;419089.0
Success;SUCCESS;6/9/2025;8:20:00 ìì;Visa;Shiraz;976246.0
fail;FAIL;1/9/2025;7:07:00 ðì;Discover;Tehran;774681.0
success;SUCCESS;23/9/2025;2:24:00 ðì;Master Card;Isfahan;850000.0
success;SUCCESS;15/9/2025;4:40:00 ðì;Amex;Qom;774681.0
success;SUCCESS;1/9/2025;12:34:00 ìì;Master Card;Tehran;1050805.0
fail;FAIL;25/9/2025;1:10:00 ìì;Discover;Tehran;343679.0
fail;FAIL;1/9/2025;7:07:00 ðì;Master Card;Mashhad;123456.0
success;SUCCESS;15/9/2025;11:59:00 ìì;Visa;Tehran;99999.0
fail;FAIL;23/9/2025;7:32:00 ðì;Amex;Tehran;200000.0
success;SUCCESS;2/9/2025;1:01:00 ðì;VISA;Isfahan;450000.0
fail;FAIL;21/9/2025;2:37:00 ðì;Master Card;Tabriz;1050805.0
success;SUCCESS;8/9/2025;10:48:00 ðì;Visa;Shiraz;100.5
success;SUCCESS;19/9/2025;11:11:00 ðì;Amex;Ahvaz;850000.0
fail;FAIL;7/9/2025;1:01:00 ðì;Visa;Mashhad;177050.0
fail;FAIL;19/9/2025;12:00:00 ðì;Master Card;Tehran;1472823.0
success;SUCCESS;3/9/2025;9:00:00 ðì;Discover;Isfahan;412308.0
success;SUCCESS;7/9/2025;7:08:00 ðì;Master Card;Tehran;1502601.0
fail;FAIL;19/9/2025;10:27:00 ìì;Master Card;Tehran;555555.0
success;SUCCESS;8/9/2025;11:17:00 ìì;Master Card;Isfahan;914465.0
fail;FAIL;10/9/2025;7:51:00 ìì;Visa;Tehran;419089.0
success;SUCCESS;20/9/2025;7:19:00 ìì;Master Card;Qom;63489.0
fail;FAIL;15/9/2025;1:10:00 ìì;Visa;Karaj;1000.0
fail;FAIL;15/9/2025;4:16:00 ìì;Master Card;Tehran;200000.0
Success;SUCCESS;1/9/2025;2:00:00 ìì;Master Card;Karaj;200000.0
fail;FAIL;20/9/2025;2:30:00 ìì;Master Card;Shiraz;1782689.0
success;SUCCESS;30/9/2025;2:55:00 ìì;Visa;Tehran;914282.0
success;SUCCESS;7/9/2025;9:21:00 ìì;Discover;Tabriz;63489.0
success;SUCCESS;4/9/2025;2:02:00 ìì;Master Card;Tehran;63489.0
success;SUCCESS;29/9/2025;1:10:00 ìì;Visa;Mashhad;1782689.0
fail;FAIL;6/9/2025;2:37:00 ðì;Visa;Tehran;200000.0
success;SUCCESS;25/9/2025;3:27:00 ðì;Master Card;Tabriz;1305967.0
success;SUCCESS;1/9/2025;11:11:00 ðì;Visa;Mashhad;333333.0
fail;FAIL;29/9/2025;8:20:00 ìì;Master Card;Tehran;583952.0
fail;FAIL;27/9/2025;12:12:00 ìì;Master Card;Karaj;1050805.0
fail;FAIL;23/9/2025;5:23:00 ðì;Master Card;Isfahan;585954.0
success;SUCCESS;1/9/2025;2:37:00 ðì;Discover;Tehran;99999.0
success;SUCCESS;4/9/2025;8:08:00 ðì;Visa;Tehran;177050.0
Success;SUCCESS;22/9/2025;9:23:00 ìì;Discover;Shiraz;200000.0
fail;FAIL;2/9/2025;10:27:00 ìì;Discover;Tehran;585954.0
fail;FAIL;10/9/2025;2:30:00 ìì;Discover;Tehran;1578078.0
fail;FAIL;27/9/2025;12:12:00 ìì;Master Card;Tehran;1387769.0
success;SUCCESS;22/9/2025;10:27:00 ìì;Visa;Tehran;583952.0
success;SUCCESS;6/9/2025;12:00:00 ðì;Discover;Tehran;471227.0
fail;FAIL;15/9/2025;1:10:00 ìì;Discover;Tehran;471227.0
fail;FAIL;24/9/2025;5:56:00 ðì;Discover;Tehran;200000.0
success;SUCCESS;24/9/2025;7:19:00 ìì;Discover;Shiraz;774681.0
FAIL;FAIL;15/9/2025;2:11:00 ìì;Master Card;Tabriz;914282.0
fail;FAIL;29/9/2025;11:11:00 ðì;Discover;Mashhad;177050.0
fail;FAIL;8/9/2025;7:08:00 ðì;Discover;Tabriz;1305967.0
fail;FAIL;4/9/2025;2:30:00 ìì;Master Card;Tehran;412308.0
success;SUCCESS;12/9/2025;3:27:00 ðì;Master Card;Mashhad;343679.0
success;SUCCESS;13/9/2025;11:11:00 ðì;Master Card;Qom;419089.0
success;SUCCESS;2/9/2025;2:02:00 ìì;Master Card;Shiraz;1387769.0
fail;FAIL;27/9/2025;2:30:00 ìì;Discover;Tehran;343679.0
fail;FAIL;19/9/2025;11:59:00 ìì;Discover;Tehran;1782689.0
fail;FAIL;4/9/2025;6:06:00 ðì;Visa;Isfahan;100000.0
fail;FAIL;26/9/2025;10:05:00 ðì;Visa;Karaj;1387769.0
fail;FAIL;11/9/2025;4:04:00 ðì;Discover;Tabriz;200000.0
fail;FAIL;5/9/2025;1:51:00 ðì;Discover;Mashhad;1463119.0
success;SUCCESS;11/9/2025;4:04:00 ðì;Visa;Tabriz;200000.0
fail;FAIL;30/9/2025;5:56:00 ðì;Discover;Tabriz;250000.0
fail;FAIL;10/9/2025;8:20:00 ìì;Visa;karaj;585954.0
Success;SUCCESS;6/9/2025;12:00:00 ðì;Master Card;Ahvaz;177050.0
success;SUCCESS;8/9/2025;10:05:00 ðì;Discover;Shiraz;1578078.0
success;SUCCESS;23/9/2025;1:13:00 ìì;Discover;Isfahan;650000.0
Success;SUCCESS;15/9/2025;11:59:00 ìì;Visa;Tabriz;123456.0
fail;FAIL;26/9/2025;7:32:00 ðì;Visa;Ahvaz;1782689.0
success;SUCCESS;14/9/2025;10:05:00 ðì;Discover;Tehran;583952.0
success;SUCCESS;11/9/2025;12:12:00 ìì;visa;Tehran;177050.0
success;SUCCESS;12/9/2025;10:05:00 ðì;Visa;Tehran;583952.0
fail;FAIL;26/9/2025;6:30:00 ðì;Visa;Ahvaz;1782689.0
success;SUCCESS;13/9/2025;3:00:00 ðì;Amex;Isfahan;177050.0
success;SUCCESS;30/9/2025;7:19:00 ìì;Visa;Isfahan;900000.0
fail;FAIL;25/9/2025;1:10:00 ìì;Visa;Tehran;1578078.0
fail;FAIL;1/9/2025;9:09:00 ðì;Master Card;Tabriz;1472823.0
fail;FAIL;8/9/2025;1:13:00 ìì;Amex;Tehran;443463.0
fail;FAIL;28/9/2025;10:48:00 ðì;VISA;Tehran ;1387769.0
fail;FAIL;4/9/2025;7:51:00 ìì;Visa;Tehran;1387769.0
Success;SUCCESS;16/9/2025;11:59:00 ìì;Master Card;Tehran;1472823.0
success;SUCCESS;5/9/2025;5:23:00 ðì;Master Card;Tehran;914282.0
fail;FAIL;24/9/2025;3:27:00 ðì;visa;Isfahan;343679.0
success;SUCCESS;5/9/2025;8:08:00 ðì;Visa;Karaj;1768588.0
success;SUCCESS;8/9/2025;4:40:00 ìì;Discover;Isfahan;1472823.0
success;SUCCESS;10/9/2025;4:40:00 ìì;Visa;Tabriz;774681.0
success;SUCCESS;17/9/2025;2:54:00 ðì;Master Card;Tehran;1782689.0
success;SUCCESS;28/9/2025;2:24:00 ðì;Visa;Tehran;1782689.0
fail;FAIL;26/9/2025;6:12:00 ìì;Discover;Tehran;976246.0
fail;FAIL;9/9/2025;7:51:00 ìì;Master Card;Tehran;343679.0
fail;FAIL;22/9/2025;3:00:00 ðì;Master Card;Tehran;177050.0
success;SUCCESS;19/9/2025;6:30:00 ðì;Master Card;Karaj;1463119.0
fail;FAIL;29/9/2025;10:27:00 ìì;Visa;Ahvaz;343679.0
fail;FAIL;9/9/2025;7:29:00 ìì;Discover;Shiraz;850000.0
success;SUCCESS;22/9/2025;4:15:00 ðì;Discover;Mashhad;50200.0
fail;FAIL;23/9/2025;4:40:00 ðì;Master Card;Tehran;50200.0
fail;FAIL;14/9/2025;6:06:00 ðì;Amex;Shiraz;205000.0
fail;FAIL;5/9/2025;8:33:00 ìì;Visa;Tehran;1768588.0
fail;FAIL;26/9/2025;6:06:00 ðì;Visa;Mashhad;177050.0
success;SUCCESS;14/9/2025;5:23:00 ðì;Master Card;Ahvaz;650000.0
fail;FAIL;4/9/2025;12:12:00 ìì;Visa;Shiraz;5000.0
success;SUCCESS;22/9/2025;9:10:00 ìì;Discover;Mashhad;471227.0
success;SUCCESS;25/9/2025;3:27:00 ðì;Visa;Tehran;650000.0
success;SUCCESS;1/9/2025;9:09:00 ðì;Discover;Ahvaz;123456.0
fail;FAIL;22/9/2025;2:37:00 ðì;Visa;Tabriz;1158713.0
success;SUCCESS;23/9/2025;2:02:00 ìì;Master Card;Shiraz;412308.0
fail;FAIL;19/9/2025;3:00:00 ðì;Amex;Tehran;1782689.0
fail;FAIL;8/9/2025;2:20:00 ðì;Amex;Tehran;914465.0
fail;FAIL;15/9/2025;6:00:00 ìì;Discover;Tehran;50200.0
fail;FAIL;21/9/2025;12:00:00 ðì;Visa;Tehran;900000.0
fail;FAIL;15/9/2025;10:27:00 ìì;Visa;Qom;1782689.0
fail;FAIL;21/9/2025;2:00:00 ìì;Discover;Ahvaz;1768588.0
fail;FAIL;9/9/2025;1:13:00 ìì;Master Card;Shiraz;1158713.0
fail;FAIL;10/9/2025;2:30:00 ðì;Discover;Shiraz;1305967.0
success;SUCCESS;20/9/2025;7:08:00 ðì;Visa;Mashhad;177050.0
success;SUCCESS;26/9/2025;6:45:00 ìì;Visa;Tehran;177050.0
Success;SUCCESS;9/9/2025;7:51:00 ìì;Discover;Shiraz;1305967.0
fail;FAIL;20/9/2025;9:21:00 ìì;Master Card;Mashhad;976246.0
fail;FAIL;26/9/2025;2:20:00 ðì;Discover;Tehran;12345.0
success;SUCCESS;2/9/2025;11:11:00 ðì;Amex;Tehran;443463.0
fail;FAIL;7/9/2025;9:21:00 ìì;Visa;karaj;5000.0
fail;FAIL;18/9/2025;8:08:00 ðì;Master Card;Mashhad;1782689.0
fail;FAIL;2/9/2025;3:27:00 ðì;Master Card;Tehran;583952.0
fail;FAIL;27/9/2025;9:23:00 ìì;Visa;Tehran;99999.0
fail;FAIL;17/9/2025;2:11:00 ìì;Master Card;Tehran;1883871.0
fail;FAIL;11/9/2025;4:16:00 ìì;Visa;Tehran;914465.0
FAIL;FAIL;12/9/2025;6:12:00 ìì;Visa;Tehran;177050.0
success;SUCCESS;22/9/2025;7:51:00 ìì;Visa;Tabriz;1768588.0
fail;FAIL;25/9/2025;10:27:00 ìì;Visa;Ahvaz;545116.0
success;SUCCESS;20/9/2025;1:13:00 ìì;Master Card;Qom;585954.0
success;SUCCESS;6/9/2025;11:11:00 ðì;Visa;Shiraz;100.5
Success;SUCCESS;21/9/2025;1:10:00 ìì;Discover;Karaj;1463119.0
success;SUCCESS;24/9/2025;6:30:00 ðì;Discover;Tabriz;774681.0
success;SUCCESS;1/9/2025;5:23:00 ðì;Visa;Isfahan;177050.0
success;SUCCESS;29/9/2025;9:09:00 ðì;Master Card;Qom;5000.0
success;SUCCESS;11/9/2025;7:29:00 ìì;Visa;Tehran;200000.0
success;SUCCESS;26/9/2025;2:20:00 ðì;Visa;Mashhad;443463.0
success;SUCCESS;28/9/2025;7:08:00 ðì;Amex;Ahvaz;100.5
success;SUCCESS;18/9/2025;7:19:00 ìì;Visa;Tehran;471227.0
fail;FAIL;21/9/2025;4:04:00 ðì;Visa;Mashhad;976246.0
success;SUCCESS;17/9/2025;4:40:00 ìì;Visa;Tehran;1578078.0
fail;FAIL;7/9/2025;11:11:00 ðì;Amex;Qom;471227.0
fail;FAIL;17/9/2025;7:29:00 ìì;Amex;Ahvaz;100000.0
fail;FAIL;20/9/2025;7:32:00 ðì;Visa;Tabriz;585954.0
success;SUCCESS;9/9/2025;2:37:00 ðì;Discover;Tehran;914282.0
fail;FAIL;17/9/2025;5:56:00 ðì;Master Card;Isfahan;177050.0
success;SUCCESS;20/9/2025;8:08:00 ðì;Visa;Tehran;343679.0
fail;FAIL;22/9/2025;2:00:00 ìì;Master Card;Tehran;1578078.0
fail;FAIL;28/9/2025;5:07:00 ìì;Visa;Tehran;1387769.0
success;SUCCESS;29/9/2025;11:59:00 ìì;Discover;Tabriz;976246.0
fail;FAIL;8/9/2025;1:13:00 ìì;visa;Shiraz;650000.0
success;SUCCESS;17/9/2025;6:00:00 ìì;Discover;Isfahan;1463119.0
fail;FAIL;7/9/2025;9:23:00 ìì;Discover;Tehran;177050.0
fail;FAIL;1/9/2025;6:06:00 ðì;Visa;Tabriz;976246.0
fail;FAIL;30/9/2025;1:01:00 ðì;Discover;Tehran ;1000.0
success;SUCCESS;23/9/2025;6:45:00 ìì;Amex;Tehran;99999.0
fail;FAIL;19/9/2025;1:51:00 ðì;Visa;Qom;1387769.0
success;SUCCESS;27/9/2025;8:59:00 ðì;Discover;Tehran;545116.0
fail;FAIL;19/9/2025;7:29:00 ìì;Master Card;Tehran;1782689.0
fail;FAIL;17/9/2025;12:00:00 ðì;Visa;Tabriz;123456.0
fail;FAIL;13/9/2025;5:23:00 ðì;Master Card;Tehran;1050805.0
Success;SUCCESS;29/9/2025;3:45:00 ìì;Discover;Tehran;1387769.0
success;SUCCESS;30/9/2025;11:17:00 ìì;Master Card;Tehran;100000.0
success;SUCCESS;16/9/2025;9:00:00 ðì;Visa;Qom;100000.0
success;SUCCESS;19/9/2025;8:08:00 ðì;Visa;Mashhad;1782689.0
fail;FAIL;1/9/2025;1:01:00 ðì;Master Card;Ahvaz;5000.0
fail;FAIL;14/9/2025;2:20:00 ðì;Master Card;Ahvaz;12345.0
fail;FAIL;19/9/2025;5:17:00 ìì;Visa;Tabriz;583952.0
success;SUCCESS;15/9/2025;9:09:00 ðì;Master Card;Isfahan;1000.0
fail;FAIL;28/9/2025;1:13:00 ìì;VISA;Tehran;343679.0
success;SUCCESS;18/9/2025;7:32:00 ðì;Amex;Tabriz;419089.0
success;SUCCESS;30/9/2025;7:51:00 ìì;Master Card;Tabriz;1768588.0
FAIL;FAIL;6/9/2025;2:20:00 ðì;Visa;Tabriz;585954.0
fail;FAIL;19/9/2025;12:00:00 ðì;Master Card;Mashhad;976246.0
success;SUCCESS;4/9/2025;6:30:00 ðì;Master Card;Mashhad;1427657.0
success;SUCCESS;8/9/2025;11:17:00 ìì;Master Card;Tehran;585954.0
fail;FAIL;23/9/2025;2:37:00 ðì;Master Card;Ahvaz;471227.0
fail;FAIL;3/9/2025;7:08:00 ðì;Discover;Tehran;200000.0
fail;FAIL;10/9/2025;10:05:00 ðì;Visa;Isfahan;177050.0
success;SUCCESS;10/9/2025;3:27:00 ðì;Visa;Isfahan;1578078.0
FAIL;FAIL;19/9/2025;4:15:00 ðì;Visa;Isfahan;555555.0
fail;FAIL;2/9/2025;12:12:00 ìì;Discover;karaj;1387769.0
fail;FAIL;28/9/2025;3:45:00 ìì;Master Card;Tehran;976246.0
success;SUCCESS;23/9/2025;9:00:00 ðì;Master Card;Qom;1578078.0
success;SUCCESS;28/9/2025;12:34:00 ìì;Master Card;Tehran;5000.0
fail;FAIL;18/9/2025;6:00:00 ìì;Master Card;Mashhad;1472823.0
fail;FAIL;7/9/2025;3:45:00 ìì;Visa;Tabriz;50200.0
fail;FAIL;29/9/2025;8:08:00 ðì;Visa;Tabriz;1000.0
fail;FAIL;1/9/2025;9:09:00 ðì;Visa;Isfahan;250000.0
fail;FAIL;23/9/2025;9:45:00 ðì;Visa;karaj;452545.0
success;SUCCESS;3/9/2025;6:06:00 ðì;VISA;Tehran;545116.0
fail;FAIL;24/9/2025;10:48:00 ðì;Amex;Qom;583952.0
fail;FAIL;23/9/2025;8:08:00 ðì;visa;Qom;900000.0
fail;FAIL;27/9/2025;5:23:00 ðì;Discover;Isfahan;100.5
success;SUCCESS;29/9/2025;11:17:00 ìì;VISA;karaj;1782689.0
fail;FAIL;8/9/2025;5:23:00 ðì;Visa;Tehran;123456.0
fail;FAIL;22/9/2025;7:07:00 ðì;Visa;Mashhad;200000.0
fail;FAIL;15/9/2025;1:01:00 ðì;Master Card;Mashhad;412308.0
success;SUCCESS;3/9/2025;11:59:00 ìì;Master Card;Shiraz;1387769.0
fail;FAIL;28/9/2025;12:12:00 ìì;Amex;Tehran;850000.0
fail;FAIL;15/9/2025;5:56:00 ðì;Visa;Tabriz;343679.0
success;SUCCESS;2/9/2025;5:23:00 ðì;Amex;karaj;300000.0
fail;FAIL;24/9/2025;3:27:00 ðì;Discover;Shiraz;914465.0
success;SUCCESS;14/9/2025;8:20:00 ìì;visa;Tehran;177050.0
success;SUCCESS;24/9/2025;2:30:00 ðì;Amex;Tehran ;5000.0
success;SUCCESS;14/9/2025;10:05:00 ðì;VISA;Tehran;200000.0
success;SUCCESS;11/9/2025;11:17:00 ìì;Visa;Isfahan;12345.0
FAIL;FAIL;16/9/2025;8:33:00 ìì;Master Card;Qom;250000.0
fail;FAIL;4/9/2025;6:45:00 ìì;Visa;Ahvaz;471227.0
fail;FAIL;20/9/2025;7:29:00 ìì;Visa;Tehran;177050.0
Success;SUCCESS;5/9/2025;12:12:00 ìì;Amex;Isfahan;545116.0
success;SUCCESS;21/9/2025;7:08:00 ðì;Amex;Tabriz;50200.0
success;SUCCESS;14/9/2025;4:40:00 ìì;Visa;Ahvaz;1158713.0
success;SUCCESS;23/9/2025;2:11:00 ìì;Master Card;Tehran;976246.0
success;SUCCESS;16/9/2025;2:30:00 ìì;Visa;Ahvaz;1768588.0
Success;SUCCESS;18/9/2025;2:37:00 ðì;Visa;karaj;1502601.0
success;SUCCESS;7/9/2025;7:08:00 ðì;Visa;Tehran;100000.0
fail;FAIL;10/9/2025;7:51:00 ìì;Visa;Shiraz;177050.0
success;SUCCESS;7/9/2025;10:05:00 ðì;Discover;Isfahan;250000.0
success;SUCCESS;1/9/2025;4:04:00 ðì;Amex;Isfahan;12345.0
success;SUCCESS;23/9/2025;2:11:00 ìì;VISA;Tehran ;205000.0
fail;FAIL;19/9/2025;7:51:00 ìì;Visa;Mashhad;100.5
success;SUCCESS;16/9/2025;6:45:00 ìì;Discover;Tehran;1472823.0
success;SUCCESS;29/9/2025;2:30:00 ðì;Visa;karaj;177050.0
fail;FAIL;19/9/2025;2:24:00 ðì;Master Card;Tehran;1427657.0
success;SUCCESS;4/9/2025;8:33:00 ìì;Discover;Karaj;976246.0
fail;FAIL;29/9/2025;2:37:00 ðì;Amex;Tehran;1463119.0
success;SUCCESS;28/9/2025;4:40:00 ðì;Discover;Tehran;100.5
success;SUCCESS;18/9/2025;9:45:00 ðì;Master Card;Tehran;177050.0
success;SUCCESS;2/9/2025;11:17:00 ìì;Discover;Tehran ;100.5
success;SUCCESS;1/9/2025;2:30:00 ðì;Visa;Isfahan;1782689.0
fail;FAIL;5/9/2025;1:10:00 ìì;Master Card;Ahvaz;471227.0
fail;FAIL;20/9/2025;11:59:00 ìì;Master Card;Shiraz;585954.0
fail;FAIL;11/9/2025;9:23:00 ìì;Master Card;Tehran;1472823.0
success;SUCCESS;10/9/2025;1:10:00 ìì;Visa;Isfahan;343679.0
fail;FAIL;2/9/2025;11:11:00 ðì;Master Card;Isfahan;250000.0
fail;FAIL;3/9/2025;8:33:00 ìì;Amex;Tehran;177050.0
success;SUCCESS;23/9/2025;11:11:00 ðì;Master Card;Mashhad;1578078.0
success;SUCCESS;23/9/2025;10:05:00 ðì;Visa;Karaj;250000.0
success;SUCCESS;20/9/2025;2:00:00 ìì;Master Card;Mashhad;200000.0
success;SUCCESS;5/9/2025;9:09:00 ðì;Discover;Tabriz;1000.0
success;SUCCESS;9/9/2025;8:20:00 ìì;Master Card;Isfahan;914282.0
success;SUCCESS;2/9/2025;7:40:00 ìì;Visa;Tehran;555555.0
fail;FAIL;20/9/2025;2:11:00 ìì;Visa;Karaj;1578078.0
success;SUCCESS;12/9/2025;8:08:00 ðì;Master Card;Ahvaz;333333.0
fail;FAIL;24/9/2025;6:30:00 ðì;Discover;Qom;1427657.0
fail;FAIL;17/9/2025;2:55:00 ìì;Visa;Isfahan;650000.0
fail;FAIL;10/9/2025;4:15:00 ðì;Master Card;Tabriz;419089.0
success;SUCCESS;30/9/2025;5:07:00 ìì;Master Card;Tehran;471227.0
success;SUCCESS;24/9/2025;2:11:00 ìì;Visa;Tehran ;343679.0
Success;SUCCESS;27/9/2025;2:20:00 ðì;Visa;Isfahan;1782689.0
fail;FAIL;14/9/2025;9:09:00 ðì;Visa;Tehran;1768588.0
success;SUCCESS;23/9/2025;1:10:00 ìì;Master Card;Tabriz;1472823.0
success;SUCCESS;17/9/2025;3:45:00 ìì;Visa;Shiraz;471227.0
success;SUCCESS;18/9/2025;2:11:00 ìì;Amex;Tehran;1305967.0
fail;FAIL;17/9/2025;8:20:00 ìì;Visa;Tehran;1782689.0
success;SUCCESS;14/9/2025;3:45:00 ìì;Discover;Tehran ;1463119.0
Success;SUCCESS;13/9/2025;1:10:00 ìì;Discover;Tehran;1305967.0
FAIL;FAIL;25/9/2025;2:55:00 ìì;Master Card;Isfahan;774681.0
success;SUCCESS;7/9/2025;9:23:00 ìì;Visa;Karaj;1158713.0
success;SUCCESS;9/9/2025;3:27:00 ðì;Master Card;Tehran;976246.0
fail;FAIL;22/9/2025;1:10:00 ìì;Visa;Tehran;1782689.0
success;SUCCESS;22/9/2025;2:30:00 ðì;Master Card;Tehran;914282.0
fail;FAIL;11/9/2025;11:11:00 ðì;Discover;Mashhad;471227.0
fail;FAIL;14/9/2025;4:40:00 ðì;Visa;Tehran ;471227.0
fail;FAIL;26/9/2025;4:16:00 ìì;Visa;Tabriz;343679.0
fail;FAIL;18/9/2025;9:23:00 ìì;Master Card;karaj;545116.0
fail;FAIL;10/9/2025;2:02:00 ìì;Master Card;Tehran;343679.0
success;SUCCESS;4/9/2025;7:32:00 ðì;Discover;Tehran ;419089.0
success;SUCCESS;9/9/2025;5:17:00 ìì;Master Card;Tehran;123456.0
success;SUCCESS;6/9/2025;2:24:00 ðì;Master Card;Tehran;1768588.0
success;SUCCESS;2/9/2025;2:54:00 ðì;Discover;Mashhad;250000.0
Success;SUCCESS;17/9/2025;12:34:00 ìì;Master Card;Tehran;471227.0
fail;FAIL;5/9/2025;4:40:00 ðì;Visa;karaj;914465.0
success;SUCCESS;25/9/2025;6:45:00 ìì;Master Card;Tehran ;5000.0
fail;FAIL;6/9/2025;9:23:00 ìì;Visa;Shiraz;1782689.0
fail;FAIL;26/9/2025;7:08:00 ðì;Discover;Tabriz;177050.0
fail;FAIL;12/9/2025;6:00:00 ìì;Discover;Tehran;443463.0
fail;FAIL;23/9/2025;11:11:00 ðì;Visa;Tabriz;5000.0
success;SUCCESS;21/9/2025;1:13:00 ìì;Visa;Shiraz;63489.0
fail;FAIL;10/9/2025;11:11:00 ðì;Visa;Tehran;1883871.0
success;SUCCESS;21/9/2025;9:23:00 ìì;Master Card;Tehran;914465.0
success;SUCCESS;27/9/2025;2:30:00 ðì;Discover;Isfahan;250000.0
fail;FAIL;6/9/2025;2:30:00 ðì;Master Card;Mashhad;914465.0
Success;SUCCESS;8/9/2025;9:09:00 ðì;Master Card;Tehran;120000.0
success;SUCCESS;12/9/2025;1:01:00 ðì;Visa;Tabriz;343679.0
fail;FAIL;13/9/2025;4:40:00 ðì;Amex;karaj;177050.0
success;SUCCESS;21/9/2025;11:11:00 ðì;Master Card;Shiraz;976246.0
success;SUCCESS;10/9/2025;6:30:00 ðì;Visa;Tabriz;12345.0
fail;FAIL;13/9/2025;7:40:00 ìì;Discover;Tehran;1050805.0
success;SUCCESS;17/9/2025;1:10:00 ìì;Master Card;Tehran;471227.0
fail;FAIL;26/9/2025;8:59:00 ðì;Master Card;Tehran;1387769.0
fail;FAIL;21/9/2025;11:11:00 ðì;Master Card;Tehran;177050.0
fail;FAIL;28/9/2025;3:27:00 ðì;Discover;Mashhad;120000.0
fail;FAIL;30/9/2025;9:21:00 ìì;Master Card;Karaj;850000.0
fail;FAIL;26/9/2025;5:17:00 ìì;Discover;Tehran;914465.0
fail;FAIL;14/9/2025;6:30:00 ðì;Visa;Tehran;419089.0
fail;FAIL;2/9/2025;2:20:00 ðì;Amex;Isfahan;250000.0
fail;FAIL;28/9/2025;2:30:00 ðì;Amex;Tabriz;1768588.0
fail;FAIL;22/9/2025;8:08:00 ðì;Master Card;Tabriz;1.0
Success;SUCCESS;11/9/2025;9:21:00 ìì;Visa;Tabriz;471227.0
Success;SUCCESS;19/9/2025;11:11:00 ðì;Visa;Tehran;250000.0
success;SUCCESS;4/9/2025;2:02:00 ìì;Amex;Tehran;120000.0
fail;FAIL;19/9/2025;8:33:00 ìì;Master Card;Tehran ;1050805.0
fail;FAIL;29/9/2025;9:10:00 ìì;Discover;Tehran;900000.0
success;SUCCESS;21/9/2025;7:08:00 ðì;Visa;Tehran;250000.0
success;SUCCESS;11/9/2025;10:05:00 ðì;Visa;Tehran;1768588.0
success;SUCCESS;17/9/2025;3:00:00 ðì;Master Card;Ahvaz;205000.0
success;SUCCESS;8/9/2025;1:10:00 ìì;Master Card;Tehran;774681.0
fail;FAIL;3/9/2025;2:00:00 ìì;Master Card;Tabriz;1387769.0
Success;SUCCESS;2/9/2025;11:59:00 ìì;Visa;Tehran;1427657.0
success;SUCCESS;24/9/2025;7:51:00 ìì;Master Card;Tehran;343679.0
fail;FAIL;22/9/2025;9:00:00 ðì;Amex;Qom;1387769.0
fail;FAIL;22/9/2025;2:55:00 ìì;Master Card;Mashhad;177050.0
fail;FAIL;5/9/2025;7:32:00 ðì;Visa;Tehran;177050.0
success;SUCCESS;24/9/2025;2:30:00 ìì;Amex;Tehran;1387769.0
success;SUCCESS;1/9/2025;2:00:00 ìì;Visa;Tehran;650000.0
fail;FAIL;4/9/2025;2:02:00 ìì;Amex;Isfahan;555555.0
fail;FAIL;15/9/2025;10:48:00 ðì;Visa;karaj;850000.0
fail;FAIL;20/9/2025;11:11:00 ðì;Discover;Shiraz;5000.0
fail;FAIL;19/9/2025;12:34:00 ìì;Master Card;Tehran;1463119.0
fail;FAIL;20/9/2025;9:21:00 ìì;Master Card;Qom;1305967.0
fail;FAIL;11/9/2025;11:11:00 ðì;Visa;Isfahan;1782689.0
success;SUCCESS;17/9/2025;8:20:00 ìì;Visa;Qom;1463119.0
success;SUCCESS;30/9/2025;8:33:00 ìì;Visa;Tabriz;1.0
fail;FAIL;11/9/2025;11:59:00 ìì;Master Card;Tehran;1578078.0
fail;FAIL;2/9/2025;12:34:00 ìì;Amex;Karaj;774681.0
success;SUCCESS;9/9/2025;9:23:00 ìì;Master Card;Karaj;63489.0
fail;FAIL;26/9/2025;9:23:00 ìì;Visa;Tehran;1578078.0
success;SUCCESS;2/9/2025;10:27:00 ìì;Master Card;Isfahan;452545.0
fail;FAIL;9/9/2025;5:23:00 ðì;Master Card;Mashhad;1463119.0
success;SUCCESS;17/9/2025;2:30:00 ðì;Visa;Tehran;177050.0
success;SUCCESS;1/9/2025;4:40:00 ðì;Master Card;Isfahan;976246.0
fail;FAIL;25/9/2025;5:17:00 ìì;Master Card;Tehran;1.0
fail;FAIL;29/9/2025;11:11:00 ðì;Visa;Tehran;1305967.0
success;SUCCESS;11/9/2025;7:32:00 ðì;Master Card;Tehran ;343679.0
fail;FAIL;10/9/2025;5:07:00 ìì;Visa;Qom;177050.0
fail;FAIL;25/9/2025;9:09:00 ðì;Master Card;Tabriz;100.5
fail;FAIL;7/9/2025;2:37:00 ðì;Discover;Tehran;50200.0
fail;FAIL;3/9/2025;11:59:00 ìì;Visa;Tehran;976246.0
success;SUCCESS;12/9/2025;10:48:00 ðì;VISA;Tehran;177050.0
success;SUCCESS;6/9/2025;10:27:00 ìì;Master Card;Tabriz;1387769.0
fail;FAIL;2/9/2025;2:37:00 ðì;Discover;Shiraz;419089.0
fail;FAIL;12/9/2025;7:32:00 ðì;Visa;Ahvaz;1502601.0
fail;FAIL;19/9/2025;9:09:00 ðì;Amex;Karaj;976246.0
fail;FAIL;5/9/2025;7:32:00 ðì;Master Card;Shiraz;1050805.0
fail;FAIL;12/9/2025;2:00:00 ìì;Visa;Tabriz;120000.0
fail;FAIL;27/9/2025;5:23:00 ðì;Amex;Karaj;1578078.0
success;SUCCESS;17/9/2025;3:00:00 ðì;Master Card;Ahvaz;200000.0
success;SUCCESS;29/9/2025;9:09:00 ðì;Amex;Tehran;555555.0
fail;FAIL;17/9/2025;7:51:00 ìì;Amex;Tehran;412308.0
success;SUCCESS;25/9/2025;7:08:00 ðì;Master Card;Isfahan;1463119.0
success;SUCCESS;23/9/2025;6:45:00 ìì;Master Card;Qom;443463.0
fail;FAIL;17/9/2025;1:01:00 ðì;Visa;Shiraz;177050.0
fail;FAIL;15/9/2025;9:10:00 ìì;Master Card;Ahvaz;452545.0
Success;SUCCESS;30/9/2025;12:12:00 ìì;Master Card;Tabriz;177050.0
fail;FAIL;16/9/2025;9:10:00 ìì;Discover;Qom;99999.0
fail;FAIL;24/9/2025;12:44:00 ìì;Discover;Tehran;850000.0
fail;FAIL;8/9/2025;5:56:00 ðì;Discover;karaj;914282.0
success;SUCCESS;21/9/2025;12:44:00 ìì;Master Card;Tabriz;450000.0
fail;FAIL;17/9/2025;4:15:00 ðì;Master Card;Tehran;914282.0
success;SUCCESS;23/9/2025;5:23:00 ðì;Discover;Tehran;419089.0
fail;FAIL;5/9/2025;10:27:00 ìì;Discover;Qom;450000.0
success;SUCCESS;22/9/2025;12:44:00 ìì;Visa;Tehran;850000.0
success;SUCCESS;16/9/2025;12:12:00 ìì;Master Card;Karaj;1768588.0
success;SUCCESS;6/9/2025;9:45:00 ðì;Master Card;Karaj;100.5
fail;FAIL;8/9/2025;5:07:00 ìì;visa;Shiraz;12345.0
fail;FAIL;25/9/2025;11:59:00 ìì;Discover;Tehran;1782689.0
fail;FAIL;18/9/2025;12:12:00 ìì;Visa;Isfahan;471227.0
fail;FAIL;12/9/2025;2:37:00 ðì;Visa;Tehran;200000.0
fail;FAIL;15/9/2025;3:00:00 ðì;Visa;Tehran;1782689.0
fail;FAIL;9/9/2025;10:05:00 ðì;Master Card;Tehran;471227.0
fail;FAIL;13/9/2025;12:44:00 ìì;Visa;Qom;177050.0
fail;FAIL;15/9/2025;7:29:00 ìì;Discover;Tehran;914465.0
success;SUCCESS;16/9/2025;9:45:00 ðì;Master Card;Qom;200000.0
fail;FAIL;7/9/2025;2:11:00 ìì;Visa;Tehran;200000.0
success;SUCCESS;17/9/2025;7:32:00 ðì;Discover;Ahvaz;250000.0
fail;FAIL;23/9/2025;7:51:00 ìì;Master Card;Isfahan;419089.0
success;SUCCESS;26/9/2025;11:59:00 ìì;Visa;Mashhad;1000.0
fail;FAIL;22/9/2025;10:48:00 ðì;Master Card;Tehran;545116.0
fail;FAIL;26/9/2025;4:40:00 ìì;visa;Tehran;99999.0
success;SUCCESS;7/9/2025;9:45:00 ðì;Master Card;Tabriz;900000.0
fail;FAIL;21/9/2025;9:10:00 ìì;Master Card;Tehran;1387769.0
fail;FAIL;9/9/2025;2:00:00 ìì;Visa;Karaj;300000.0
success;SUCCESS;19/9/2025;3:00:00 ðì;Visa;Shiraz;412308.0
fail;FAIL;16/9/2025;3:45:00 ìì;Discover;Karaj;419089.0
success;SUCCESS;8/9/2025;1:10:00 ìì;Visa;Tabriz;774681.0
fail;FAIL;23/9/2025;5:17:00 ìì;visa;Mashhad;333333.0
fail;FAIL;18/9/2025;7:19:00 ìì;Discover;Tehran ;419089.0
fail;FAIL;30/9/2025;6:06:00 ðì;Amex;Shiraz;419089.0
fail;FAIL;20/9/2025;2:00:00 ìì;Visa;Tehran;250000.0
fail;FAIL;7/9/2025;12:12:00 ìì;Visa;Qom;1387769.0
Success;SUCCESS;3/9/2025;12:12:00 ìì;Amex;Tabriz;583952.0
fail;FAIL;27/9/2025;10:48:00 ðì;Master Card;Qom;1463119.0
success;SUCCESS;10/9/2025;2:54:00 ðì;Discover;Qom;900000.0
success;SUCCESS;7/9/2025;10:48:00 ðì;Discover;Isfahan;1000.0
fail;FAIL;17/9/2025;7:29:00 ìì;Master Card;Tehran;100000.0
success;SUCCESS;24/9/2025;1:10:00 ìì;Master Card;Tabriz;1768588.0
fail;FAIL;12/9/2025;2:00:00 ìì;Amex;Tehran ;343679.0
fail;FAIL;28/9/2025;2:11:00 ìì;Visa;karaj;471227.0
fail;FAIL;13/9/2025;7:32:00 ðì;Discover;Shiraz;343679.0
fail;FAIL;2/9/2025;2:00:00 ìì;Master Card;karaj;1463119.0
fail;FAIL;3/9/2025;12:00:00 ðì;Amex;karaj;650000.0
success;SUCCESS;5/9/2025;8:59:00 ðì;visa;Tehran;5000.0
success;SUCCESS;11/9/2025;2:55:00 ìì;Visa;Isfahan;177050.0
success;SUCCESS;8/9/2025;2:11:00 ìì;Discover;Qom;443463.0
fail;FAIL;26/9/2025;2:55:00 ìì;Discover;Tehran;1427657.0
success;SUCCESS;23/9/2025;2:30:00 ðì;Discover;Tehran ;850000.0
success;SUCCESS;23/9/2025;10:05:00 ðì;Discover;Tehran;900000.0
fail;FAIL;12/9/2025;9:23:00 ìì;Master Card;Ahvaz;50200.0
success;SUCCESS;24/9/2025;2:30:00 ðì;Visa;Isfahan;5000.0
fail;FAIL;17/9/2025;10:48:00 ðì;Master Card;Tabriz;1305967.0
success;SUCCESS;4/9/2025;10:27:00 ìì;Master Card;Mashhad;1472823.0
FAIL;FAIL;29/9/2025;4:04:00 ðì;Amex;Tehran;583952.0
fail;FAIL;25/9/2025;2:55:00 ìì;Master Card;Isfahan;1883871.0
success;SUCCESS;13/9/2025;4:40:00 ðì;Amex;Tehran;1502601.0
fail;FAIL;1/9/2025;11:11:00 ðì;Master Card;Tabriz;5000.0
success;SUCCESS;16/9/2025;2:30:00 ðì;Discover;Tabriz;250000.0
fail;FAIL;10/9/2025;2:30:00 ðì;Master Card;Ahvaz;50200.0
Success;SUCCESS;12/9/2025;6:06:00 ðì;Master Card;Tabriz;450000.0
success;SUCCESS;30/9/2025;11:11:00 ðì;Master Card;Tehran;914465.0
fail;FAIL;2/9/2025;4:15:00 ðì;Visa;Karaj;1883871.0
fail;FAIL;3/9/2025;4:40:00 ðì;Visa;Tabriz;1472823.0
success;SUCCESS;10/9/2025;6:45:00 ìì;Master Card;Karaj;100000.0
Success;SUCCESS;2/9/2025;12:00:00 ðì;Master Card;Karaj;1578078.0
success;SUCCESS;27/9/2025;11:11:00 ðì;Master Card;Tehran;300000.0
fail;FAIL;23/9/2025;7:08:00 ðì;Visa;Karaj;471227.0
success;SUCCESS;13/9/2025;6:12:00 ìì;Visa;Tehran;1883871.0
fail;FAIL;13/9/2025;11:59:00 ìì;Visa;Tehran;1427657.0
success;SUCCESS;18/9/2025;3:45:00 ìì;Master Card;Tabriz;555555.0
fail;FAIL;3/9/2025;7:32:00 ðì;Visa;Tehran;419089.0
fail;FAIL;27/9/2025;11:11:00 ðì;Visa;Tabriz;63489.0
success;SUCCESS;7/9/2025;9:45:00 ðì;Visa;Tehran ;177050.0
fail;FAIL;14/9/2025;6:45:00 ìì;Discover;Tehran ;471227.0
success;SUCCESS;20/9/2025;5:07:00 ìì;Visa;Ahvaz;1.0
Success;SUCCESS;29/9/2025;4:16:00 ìì;Visa;Mashhad;471227.0
success;SUCCESS;30/9/2025;8:59:00 ðì;Master Card;Ahvaz;100000.0
fail;FAIL;17/9/2025;7:32:00 ðì;Visa;Qom;914282.0
fail;FAIL;30/9/2025;8:08:00 ðì;Visa;Mashhad;452545.0
success;SUCCESS;21/9/2025;6:45:00 ìì;Master Card;Qom;343679.0
fail;FAIL;12/9/2025;6:00:00 ìì;Master Card;Tabriz;1387769.0
success;SUCCESS;25/9/2025;7:51:00 ìì;Master Card;Tabriz;250000.0
success;SUCCESS;12/9/2025;7:51:00 ìì;Visa;Tehran;63489.0
fail;FAIL;10/9/2025;2:54:00 ðì;Visa;Isfahan;1768588.0
success;SUCCESS;30/9/2025;12:44:00 ìì;Visa;Ahvaz;471227.0
fail;FAIL;7/9/2025;2:24:00 ðì;Master Card;Isfahan;419089.0
success;SUCCESS;5/9/2025;5:56:00 ðì;Discover;Isfahan;1768588.0
fail;FAIL;1/9/2025;10:48:00 ðì;Discover;Tehran;412308.0
success;SUCCESS;17/9/2025;9:23:00 ìì;Visa;Tabriz;555555.0
fail;FAIL;24/9/2025;7:08:00 ðì;Master Card;Tehran;100.5
fail;FAIL;30/9/2025;4:40:00 ìì;Amex;Tabriz;1463119.0
fail;FAIL;18/9/2025;2:54:00 ðì;Master Card;Karaj;1578078.0
fail;FAIL;4/9/2025;2:37:00 ðì;Amex;karaj;914465.0
fail;FAIL;30/9/2025;9:23:00 ìì;Visa;Tabriz;583952.0
success;SUCCESS;5/9/2025;5:07:00 ìì;Amex;Shiraz;914465.0
fail;FAIL;25/9/2025;9:10:00 ìì;Amex;Tabriz;1305967.0
Success;SUCCESS;14/9/2025;11:11:00 ðì;Visa;Tehran;177050.0
success;SUCCESS;9/9/2025;7:51:00 ìì;Master Card;Ahvaz;200000.0
success;SUCCESS;15/9/2025;12:34:00 ìì;Visa;Karaj;1.0
Success;SUCCESS;17/9/2025;5:07:00 ìì;Visa;Ahvaz;120000.0
success;SUCCESS;24/9/2025;4:40:00 ðì;Amex;Ahvaz;100000.0
success;SUCCESS;4/9/2025;12:12:00 ìì;Amex;Isfahan;1387769.0
fail;FAIL;12/9/2025;6:06:00 ðì;Discover;Shiraz;914465.0
fail;FAIL;11/9/2025;11:11:00 ðì;Amex;Tehran;976246.0
Success;SUCCESS;28/9/2025;10:48:00 ðì;Visa;Tabriz;900000.0
fail;FAIL;6/9/2025;9:10:00 ìì;Visa;Qom;200000.0
fail;FAIL;7/9/2025;6:30:00 ðì;Master Card;Mashhad;343679.0
fail;FAIL;14/9/2025;4:16:00 ìì;Visa;Isfahan;100.5
success;SUCCESS;11/9/2025;10:48:00 ðì;Amex;Isfahan;471227.0
Success;SUCCESS;30/9/2025;7:07:00 ðì;Visa;Tehran;1502601.0
success;SUCCESS;13/9/2025;7:19:00 ìì;Amex;Tehran;1472823.0
success;SUCCESS;2/9/2025;11:11:00 ðì;VISA;Tehran;100.5
fail;FAIL;25/9/2025;11:11:00 ðì;Visa;Tehran;100.5
fail;FAIL;7/9/2025;11:11:00 ðì;Master Card;Mashhad;1000.0
fail;FAIL;20/9/2025;4:40:00 ðì;Visa;Shiraz;1578078.0
success;SUCCESS;27/9/2025;5:56:00 ðì;Visa;Shiraz;914282.0
success;SUCCESS;8/9/2025;7:40:00 ìì;Visa;Qom;585954.0
fail;FAIL;20/9/2025;4:04:00 ðì;Visa;Tehran;585954.0
success;SUCCESS;22/9/2025;7:32:00 ðì;Master Card;Ahvaz;585954.0
fail;FAIL;21/9/2025;11:11:00 ðì;Visa;Tehran;1.0
fail;FAIL;14/9/2025;8:59:00 ðì;Discover;Karaj;63489.0
fail;FAIL;10/9/2025;7:51:00 ìì;Amex;Mashhad;976246.0
fail;FAIL;11/9/2025;11:11:00 ðì;Master Card;Shiraz;205000.0
fail;FAIL;2/9/2025;11:11:00 ðì;Visa;karaj;471227.0
success;SUCCESS;25/9/2025;8:08:00 ðì;Discover;karaj;650000.0
fail;FAIL;26/9/2025;4:16:00 ìì;Visa;Tabriz;1463119.0
success;SUCCESS;9/9/2025;5:23:00 ðì;visa;Mashhad;583952.0
fail;FAIL;17/9/2025;12:00:00 ðì;Master Card;Shiraz;412308.0
fail;FAIL;26/9/2025;3:27:00 ðì;Master Card;Tehran;250000.0
success;SUCCESS;3/9/2025;5:17:00 ìì;Visa;Tehran;1782689.0
FAIL;FAIL;5/9/2025;6:06:00 ðì;Visa;Tehran;177050.0
success;SUCCESS;15/9/2025;9:09:00 ðì;Master Card;Karaj;200000.0
success;SUCCESS;23/9/2025;11:59:00 ìì;Discover;Isfahan;976246.0
success;SUCCESS;9/9/2025;3:27:00 ðì;Master Card;Tehran;583952.0
success;SUCCESS;20/9/2025;11:17:00 ìì;Master Card;Tabriz;1427657.0
success;SUCCESS;26/9/2025;3:27:00 ðì;Amex;Karaj;1000.0
fail;FAIL;17/9/2025;9:21:00 ìì;Visa;Tabriz;471227.0
fail;FAIL;29/9/2025;9:21:00 ìì;Visa;Mashhad;343679.0
fail;FAIL;18/9/2025;11:11:00 ðì;Visa;Isfahan;419089.0
fail;FAIL;18/9/2025;7:51:00 ìì;Visa;Qom;1158713.0
success;SUCCESS;30/9/2025;6:45:00 ìì;Discover;Karaj;123456.0
fail;FAIL;24/9/2025;7:51:00 ìì;Visa;karaj;976246.0
fail;FAIL;25/9/2025;5:23:00 ðì;Visa;Mashhad;1578078.0
fail;FAIL;9/9/2025;2:30:00 ìì;Master Card;Shiraz;177050.0
fail;FAIL;4/9/2025;8:59:00 ðì;Master Card;Tehran;333333.0
fail;FAIL;14/9/2025;7:19:00 ìì;Visa;Qom;1768588.0
fail;FAIL;5/9/2025;5:23:00 ðì;Master Card;Mashhad;177050.0
success;SUCCESS;2/9/2025;2:55:00 ìì;Visa;Tehran ;120000.0
fail;FAIL;11/9/2025;7:51:00 ìì;Master Card;Tehran;205000.0
fail;FAIL;24/9/2025;8:08:00 ðì;Master Card;Tehran;583952.0
success;SUCCESS;3/9/2025;10:48:00 ðì;Master Card;Isfahan;555555.0
success;SUCCESS;27/9/2025;5:17:00 ìì;Visa;Karaj;200000.0
success;SUCCESS;25/9/2025;8:59:00 ðì;Amex;Tehran;177050.0
success;SUCCESS;2/9/2025;11:11:00 ðì;Visa;Qom;976246.0
FAIL;FAIL;12/9/2025;9:23:00 ìì;Discover;Tehran;177050.0
success;SUCCESS;10/9/2025;4:15:00 ðì;Master Card;karaj;1427657.0
fail;FAIL;9/9/2025;7:32:00 ðì;Master Card;Tehran ;419089.0
success;SUCCESS;15/9/2025;4:40:00 ðì;Discover;Ahvaz;120000.0
fail;FAIL;8/9/2025;12:12:00 ìì;Discover;Isfahan;419089.0
success;SUCCESS;25/9/2025;11:59:00 ìì;VISA;Tehran;177050.0
success;SUCCESS;5/9/2025;12:44:00 ìì;Visa;Isfahan;900000.0
success;SUCCESS;2/9/2025;1:51:00 ðì;Visa;karaj;100.5
success;SUCCESS;28/9/2025;1:10:00 ìì;Visa;Isfahan;1472823.0
fail;FAIL;15/9/2025;5:56:00 ðì;Discover;Mashhad;1387769.0
fail;FAIL;27/9/2025;9:10:00 ìì;Discover;Ahvaz;583952.0
success;SUCCESS;5/9/2025;7:51:00 ìì;Master Card;Mashhad;583952.0
success;SUCCESS;16/9/2025;2:55:00 ìì;Visa;Isfahan;1883871.0
success;SUCCESS;18/9/2025;3:00:00 ðì;Master Card;Isfahan;1578078.0
success;SUCCESS;6/9/2025;12:12:00 ìì;Discover;Ahvaz;412308.0
Success;SUCCESS;28/9/2025;11:59:00 ìì;Master Card;Mashhad;850000.0
FAIL;FAIL;16/9/2025;3:27:00 ðì;Visa;karaj;471227.0
success;SUCCESS;13/9/2025;8:20:00 ìì;Visa;Karaj;471227.0
fail;FAIL;28/9/2025;11:11:00 ðì;Visa;Tabriz;50200.0
success;SUCCESS;5/9/2025;11:59:00 ìì;Master Card;Qom;545116.0
fail;FAIL;13/9/2025;12:34:00 ìì;Master Card;Shiraz;774681.0
success;SUCCESS;17/9/2025;4:15:00 ðì;Amex;Tehran;1463119.0
FAIL;FAIL;13/9/2025;11:11:00 ðì;Discover;Shiraz;450000.0
success;SUCCESS;30/9/2025;4:40:00 ðì;Discover;Isfahan;583952.0
Success;SUCCESS;29/9/2025;11:11:00 ðì;Amex;Tabriz;583952.0
success;SUCCESS;19/9/2025;5:23:00 ðì;Visa;Tabriz;1782689.0
success;SUCCESS;3/9/2025;2:54:00 ðì;Amex;Tehran;583952.0
success;SUCCESS;24/9/2025;9:45:00 ðì;Discover;Tehran;250000.0
success;SUCCESS;2/9/2025;3:00:00 ðì;VISA;Shiraz;5000.0
success;SUCCESS;8/9/2025;7:07:00 ðì;Visa;Tehran;850000.0
fail;FAIL;27/9/2025;4:40:00 ðì;Visa;Tehran;177050.0
fail;FAIL;13/9/2025;7:32:00 ðì;Master Card;Tehran;1782689.0
fail;FAIL;13/9/2025;7:07:00 ðì;Amex;Tabriz;900000.0
success;SUCCESS;1/9/2025;10:48:00 ðì;Visa;Tehran;100.5
fail;FAIL;24/9/2025;8:08:00 ðì;Amex;Mashhad;1463119.0
fail;FAIL;16/9/2025;9:09:00 ðì;Discover;karaj;1387769.0
success;SUCCESS;8/9/2025;3:00:00 ðì;Visa;Mashhad;1.0
success;SUCCESS;28/9/2025;3:45:00 ìì;Discover;Tehran;1463119.0
fail;FAIL;1/9/2025;2:20:00 ðì;Discover;Tabriz;419089.0
fail;FAIL;27/9/2025;6:00:00 ìì;Visa;Tehran ;100.5
success;SUCCESS;9/9/2025;7:08:00 ðì;Master Card;Tehran;177050.0
success;SUCCESS;13/9/2025;8:33:00 ìì;visa;Mashhad;123456.0
fail;FAIL;11/9/2025;9:45:00 ðì;Master Card;Mashhad;1578078.0
success;SUCCESS;13/9/2025;7:07:00 ðì;Master Card;Isfahan;1000.0
success;SUCCESS;25/9/2025;12:12:00 ìì;Visa;Mashhad;123456.0
fail;FAIL;27/9/2025;7:51:00 ìì;Visa;Tehran;555555.0
fail;FAIL;6/9/2025;12:44:00 ìì;Master Card;Tehran;1472823.0
fail;FAIL;28/9/2025;3:27:00 ðì;Master Card;Karaj;343679.0
fail;FAIL;7/9/2025;11:17:00 ìì;Visa;Isfahan;555555.0
fail;FAIL;11/9/2025;10:27:00 ìì;Visa;Tehran;343679.0
success;SUCCESS;26/9/2025;2:24:00 ðì;Master Card;Qom;1387769.0
success;SUCCESS;25/9/2025;2:30:00 ìì;VISA;Isfahan;1883871.0
fail;FAIL;23/9/2025;11:11:00 ðì;Amex;Qom;583952.0
fail;FAIL;10/9/2025;8:20:00 ìì;Master Card;Isfahan;1768588.0
fail;FAIL;11/9/2025;2:11:00 ìì;Master Card;Qom;1472823.0
fail;FAIL;21/9/2025;4:04:00 ðì;Master Card;Tehran;471227.0
success;SUCCESS;30/9/2025;4:40:00 ðì;Visa;Tabriz;250000.0
Success;SUCCESS;7/9/2025;7:40:00 ìì;Master Card;Ahvaz;419089.0
success;SUCCESS;18/9/2025;9:23:00 ìì;Visa;Tehran;177050.0
success;SUCCESS;4/9/2025;7:51:00 ìì;Visa;Shiraz;1768588.0
success;SUCCESS;2/9/2025;2:30:00 ðì;Visa;Tehran;1472823.0
success;SUCCESS;14/9/2025;4:15:00 ðì;Visa;Tehran;200000.0
success;SUCCESS;13/9/2025;7:29:00 ìì;Master Card;Isfahan;177050.0
fail;FAIL;29/9/2025;4:16:00 ìì;Master Card;Qom;1387769.0
fail;FAIL;12/9/2025;12:12:00 ìì;Master Card;Mashhad;177050.0
fail;FAIL;2/9/2025;12:44:00 ìì;VISA;Isfahan;452545.0
fail;FAIL;14/9/2025;6:00:00 ìì;Master Card;Tehran;1883871.0
fail;FAIL;27/9/2025;7:51:00 ìì;Master Card;Karaj;100.5
fail;FAIL;17/9/2025;2:24:00 ðì;Master Card;Tabriz;914465.0
fail;FAIL;9/9/2025;2:24:00 ðì;Visa;karaj;545116.0
success;SUCCESS;8/9/2025;8:59:00 ðì;Visa;Tehran;443463.0
fail;FAIL;2/9/2025;9:21:00 ìì;Discover;Tehran;100.5
success;SUCCESS;28/9/2025;6:30:00 ðì;Discover;Tabriz;343679.0
success;SUCCESS;24/9/2025;2:20:00 ðì;Visa;Qom;100.5
fail;FAIL;3/9/2025;11:11:00 ðì;Master Card;Tehran;585954.0
success;SUCCESS;16/9/2025;7:19:00 ìì;Amex;Tabriz;1768588.0
FAIL;FAIL;19/9/2025;2:24:00 ðì;Discover;Tehran;5000.0
FAIL;FAIL;30/9/2025;11:11:00 ðì;Visa;Qom;976246.0
FAIL;FAIL;9/9/2025;12:00:00 ðì;Visa;Mashhad;1387769.0
fail;FAIL;28/9/2025;9:23:00 ìì;Visa;Isfahan;177050.0
success;SUCCESS;28/9/2025;2:24:00 ðì;Amex;Tabriz;100.5
fail;FAIL;15/9/2025;7:29:00 ìì;Visa;Qom;300000.0
fail;FAIL;30/9/2025;10:27:00 ìì;Amex;Isfahan;1578078.0
fail;FAIL;5/9/2025;7:51:00 ìì;Master Card;Tehran;250000.0
success;SUCCESS;29/9/2025;9:10:00 ìì;Visa;Tehran;205000.0
fail;FAIL;20/9/2025;4:16:00 ìì;Visa;Isfahan;914465.0
fail;FAIL;18/9/2025;8:33:00 ìì;visa;Isfahan;419089.0
fail;FAIL;27/9/2025;11:11:00 ðì;Amex;Qom;63489.0
success;SUCCESS;17/9/2025;7:08:00 ðì;Amex;Tehran;200000.0
fail;FAIL;10/9/2025;3:00:00 ðì;Visa;Tabriz;774681.0
success;SUCCESS;22/9/2025;9:21:00 ìì;Master Card;Isfahan;1502601.0
success;SUCCESS;1/9/2025;12:12:00 ìì;Visa;Tehran;583952.0
fail;FAIL;22/9/2025;7:51:00 ìì;Master Card;Tabriz;1578078.0
fail;FAIL;26/9/2025;6:45:00 ìì;Master Card;Tehran;471227.0
Success;SUCCESS;24/9/2025;2:30:00 ìì;Amex;Tehran;1000.0
Success;SUCCESS;27/9/2025;8:33:00 ìì;Discover;Tehran;200000.0
Success;SUCCESS;18/9/2025;2:11:00 ìì;Master Card;Tehran;250000.0
Success;SUCCESS;18/9/2025;6:06:00 ðì;Master Card;karaj;471227.0
fail;FAIL;14/9/2025;9:10:00 ìì;Master Card;Tehran;200000.0
success;SUCCESS;15/9/2025;9:10:00 ìì;Amex;Tehran;914282.0
fail;FAIL;29/9/2025;2:02:00 ìì;Visa;Tehran;412308.0
success;SUCCESS;12/9/2025;7:08:00 ðì;Amex;Tehran;250000.0
fail;FAIL;4/9/2025;1:01:00 ðì;Amex;Tehran;63489.0
fail;FAIL;27/9/2025;9:00:00 ðì;Master Card;Tabriz;914282.0
FAIL;FAIL;3/9/2025;6:06:00 ðì;Master Card;karaj;120000.0
fail;FAIL;20/9/2025;10:05:00 ðì;Visa;Tabriz;585954.0
fail;FAIL;12/9/2025;2:37:00 ðì;Discover;Shiraz;1000.0
fail;FAIL;29/9/2025;12:00:00 ðì;Visa;Isfahan;333333.0
fail;FAIL;11/9/2025;1:01:00 ðì;Master Card;Tabriz;419089.0
fail;FAIL;1/9/2025;1:10:00 ìì;Amex;karaj;300000.0
fail;FAIL;6/9/2025;2:37:00 ðì;Amex;Mashhad;443463.0
fail;FAIL;15/9/2025;1:01:00 ðì;Visa;Shiraz;1883871.0
fail;FAIL;19/9/2025;12:44:00 ìì;Master Card;Tehran;12345.0
fail;FAIL;11/9/2025;7:08:00 ðì;Visa;Tabriz;1387769.0
success;SUCCESS;26/9/2025;1:13:00 ìì;Visa;Karaj;200000.0
success;SUCCESS;26/9/2025;8:08:00 ðì;Amex;Mashhad;1578078.0
fail;FAIL;2/9/2025;10:27:00 ìì;Master Card;Mashhad;1050805.0
fail;FAIL;14/9/2025;2:37:00 ðì;Discover;Tehran;100000.0
success;SUCCESS;2/9/2025;3:27:00 ðì;Discover;Isfahan;343679.0
fail;FAIL;29/9/2025;8:33:00 ìì;Visa;Tehran;471227.0
fail;FAIL;13/9/2025;6:30:00 ðì;Visa;Isfahan;555555.0
success;SUCCESS;7/9/2025;2:30:00 ìì;Visa;Tehran;300000.0
fail;FAIL;15/9/2025;2:20:00 ðì;Master Card;Tabriz;200000.0
fail;FAIL;23/9/2025;5:17:00 ìì;Visa;Tabriz;1.0
FAIL;FAIL;29/9/2025;11:11:00 ðì;Master Card;Isfahan;205000.0
fail;FAIL;11/9/2025;5:07:00 ìì;Visa;Isfahan;5000.0
fail;FAIL;15/9/2025;12:34:00 ìì;Discover;Karaj;1768588.0
fail;FAIL;14/9/2025;2:00:00 ìì;Discover;Qom;1768588.0
fail;FAIL;20/9/2025;11:17:00 ìì;Amex;Isfahan;250000.0
success;SUCCESS;22/9/2025;9:21:00 ìì;Visa;Tehran;850000.0
fail;FAIL;17/9/2025;2:30:00 ðì;visa;Qom;1050805.0
success;SUCCESS;12/9/2025;11:11:00 ðì;Master Card;Isfahan;250000.0
fail;FAIL;24/9/2025;11:11:00 ðì;Discover;Tehran;450000.0
fail;FAIL;29/9/2025;6:45:00 ìì;Visa;Tehran;914465.0
success;SUCCESS;21/9/2025;9:21:00 ìì;VISA;Tabriz;123456.0
success;SUCCESS;15/9/2025;9:23:00 ìì;Master Card;Tehran;205000.0
fail;FAIL;16/9/2025;12:12:00 ìì;Discover;Isfahan;774681.0
success;SUCCESS;5/9/2025;9:21:00 ìì;VISA;Tabriz;914465.0
fail;FAIL;6/9/2025;2:00:00 ìì;Visa;Tehran;50200.0
success;SUCCESS;19/9/2025;9:10:00 ìì;Master Card;Ahvaz;412308.0
fail;FAIL;25/9/2025;7:29:00 ìì;Discover;Tehran;976246.0
Success;SUCCESS;5/9/2025;8:59:00 ðì;Discover;Tehran;1050805.0
fail;FAIL;3/9/2025;12:44:00 ìì;Visa;Shiraz;5000.0
success;SUCCESS;27/9/2025;2:30:00 ðì;Master Card;Tehran;1.0
fail;FAIL;26/9/2025;9:09:00 ðì;Discover;Isfahan;850000.0
success;SUCCESS;6/9/2025;6:06:00 ðì;Visa;Tehran;1578078.0
success;SUCCESS;15/9/2025;6:00:00 ìì;Visa;Tabriz;443463.0
success;SUCCESS;2/9/2025;9:00:00 ðì;Amex;Mashhad;976246.0
fail;FAIL;29/9/2025;11:11:00 ðì;Master Card;Tehran;120000.0
fail;FAIL;3/9/2025;2:30:00 ðì;Master Card;Qom;120000.0
success;SUCCESS;24/9/2025;2:54:00 ðì;VISA;Mashhad;100.5
success;SUCCESS;12/9/2025;12:00:00 ðì;Amex;Tabriz;177050.0
fail;FAIL;16/9/2025;1:10:00 ìì;Master Card;Ahvaz;5000.0
fail;FAIL;8/9/2025;9:23:00 ìì;Visa;Tabriz;585954.0
success;SUCCESS;28/9/2025;11:11:00 ðì;Amex;Tehran;200000.0
success;SUCCESS;14/9/2025;11:11:00 ðì;Visa;Qom;333333.0
fail;FAIL;25/9/2025;6:30:00 ðì;Master Card;Tabriz;100.5
success;SUCCESS;17/9/2025;7:29:00 ìì;Visa;Tehran;850000.0
fail;FAIL;29/9/2025;9:00:00 ðì;Discover;Tabriz;120000.0
success;SUCCESS;21/9/2025;2:20:00 ðì;Discover;Tabriz;585954.0
fail;FAIL;8/9/2025;7:51:00 ìì;Master Card;Mashhad;200000.0
success;SUCCESS;15/9/2025;11:11:00 ðì;Master Card;Isfahan;200000.0
fail;FAIL;27/9/2025;7:08:00 ðì;Amex;Tehran;100.5
Success;SUCCESS;18/9/2025;2:20:00 ðì;Master Card;Ahvaz;1387769.0
fail;FAIL;20/9/2025;5:17:00 ìì;Visa;Qom;200000.0
fail;FAIL;7/9/2025;8:33:00 ìì;Visa;Tehran ;1305967.0
success;SUCCESS;29/9/2025;1:13:00 ìì;Amex;karaj;1472823.0
fail;FAIL;12/9/2025;4:04:00 ðì;Visa;Mashhad;1578078.0
success;SUCCESS;21/9/2025;10:05:00 ðì;Visa;Mashhad;914465.0
success;SUCCESS;24/9/2025;8:08:00 ðì;Amex;Mashhad;100.5
Success;SUCCESS;28/9/2025;2:30:00 ðì;Visa;Tabriz;100000.0
success;SUCCESS;26/9/2025;9:23:00 ìì;Visa;Tabriz;1768588.0
success;SUCCESS;3/9/2025;10:05:00 ðì;Master Card;Shiraz;976246.0
fail;FAIL;14/9/2025;1:13:00 ìì;Visa;Qom;123456.0
success;SUCCESS;25/9/2025;8:08:00 ðì;Master Card;Isfahan;120000.0
fail;FAIL;30/9/2025;7:51:00 ìì;Discover;Tabriz;914465.0
fail;FAIL;14/9/2025;3:45:00 ìì;Discover;Tabriz;850000.0
fail;FAIL;7/9/2025;4:04:00 ðì;Amex;Tehran;914282.0
success;SUCCESS;30/9/2025;5:17:00 ìì;Visa;Tehran;1427657.0
Success;SUCCESS;20/9/2025;2:37:00 ðì;Visa;Tabriz;100.5
success;SUCCESS;4/9/2025;2:37:00 ðì;Amex;Tabriz;250000.0
fail;FAIL;16/9/2025;7:32:00 ðì;Visa;Tehran;5000.0
fail;FAIL;25/9/2025;3:00:00 ðì;Visa;Tabriz;900000.0
fail;FAIL;22/9/2025;2:11:00 ìì;Visa;Tehran;900000.0
success;SUCCESS;22/9/2025;12:44:00 ìì;Discover;Mashhad;555555.0
fail;FAIL;21/9/2025;3:27:00 ðì;Master Card;Isfahan;205000.0
success;SUCCESS;21/9/2025;12:34:00 ìì;Amex;Tabriz;774681.0
success;SUCCESS;2/9/2025;1:13:00 ìì;Master Card;karaj;450000.0
success;SUCCESS;8/9/2025;11:11:00 ðì;Visa;Tehran;333333.0
fail;FAIL;13/9/2025;8:59:00 ðì;Master Card;Tehran;1387769.0
success;SUCCESS;17/9/2025;2:30:00 ìì;Visa;Qom;914465.0
fail;FAIL;8/9/2025;7:08:00 ðì;Master Card;Qom;1502601.0
fail;FAIL;21/9/2025;5:17:00 ìì;Visa;Tehran;914282.0
success;SUCCESS;18/9/2025;2:30:00 ìì;Visa;Tehran;1578078.0
success;SUCCESS;30/9/2025;11:59:00 ìì;Visa;Karaj;976246.0
Success;SUCCESS;15/9/2025;12:00:00 ðì;Discover;Shiraz;583952.0
fail;FAIL;6/9/2025;6:30:00 ðì;Discover;karaj;177050.0
success;SUCCESS;11/9/2025;2:30:00 ðì;Visa;Shiraz;914282.0
fail;FAIL;25/9/2025;7:29:00 ìì;Visa;Isfahan;1000.0
success;SUCCESS;28/9/2025;1:13:00 ìì;Discover;Tehran;585954.0
fail;FAIL;6/9/2025;7:51:00 ìì;Discover;Tehran;343679.0
success;SUCCESS;22/9/2025;2:11:00 ìì;Master Card;Ahvaz;1578078.0
success;SUCCESS;19/9/2025;2:55:00 ìì;Master Card;Ahvaz;914465.0
Success;SUCCESS;24/9/2025;10:27:00 ìì;Discover;Tehran;650000.0
fail;FAIL;9/9/2025;3:27:00 ðì;Visa;Isfahan;1387769.0
fail;FAIL;12/9/2025;11:11:00 ðì;Visa;Isfahan;99999.0
success;SUCCESS;25/9/2025;6:12:00 ìì;Visa;Qom;12345.0
success;SUCCESS;14/9/2025;12:34:00 ìì;Amex;Qom;200000.0
fail;FAIL;15/9/2025;10:48:00 ðì;Discover;Tehran;1578078.0
success;SUCCESS;16/9/2025;9:45:00 ðì;Visa;Isfahan;914282.0
success;SUCCESS;22/9/2025;8:08:00 ðì;visa;Tehran;12345.0
fail;FAIL;22/9/2025;3:45:00 ìì;Discover;Tehran;419089.0
fail;FAIL;28/9/2025;8:33:00 ìì;Master Card;Mashhad;1463119.0
success;SUCCESS;1/9/2025;3:27:00 ðì;Visa;Tehran;650000.0
success;SUCCESS;10/9/2025;1:51:00 ðì;Master Card;Ahvaz;177050.0
success;SUCCESS;18/9/2025;5:23:00 ðì;Master Card;Tehran;343679.0
success;SUCCESS;28/9/2025;9:21:00 ìì;Master Card;Isfahan;177050.0
success;SUCCESS;1/9/2025;3:27:00 ðì;Master Card;Qom;1000.0
success;SUCCESS;9/9/2025;7:40:00 ìì;Master Card;Isfahan;177050.0
fail;FAIL;13/9/2025;1:01:00 ðì;Visa;Tehran;419089.0
fail;FAIL;30/9/2025;1:10:00 ìì;Visa;Isfahan;1.0
fail;FAIL;1/9/2025;2:11:00 ìì;Master Card;Tehran;177050.0
fail;FAIL;26/9/2025;2:37:00 ðì;Amex;Ahvaz;900000.0
success;SUCCESS;22/9/2025;4:15:00 ðì;Visa;Tehran;1050805.0
success;SUCCESS;7/9/2025;7:32:00 ðì;Master Card;Tehran;419089.0
success;SUCCESS;6/9/2025;10:27:00 ìì;Master Card;Tehran;177050.0
success;SUCCESS;7/9/2025;10:27:00 ìì;Master Card;Ahvaz;177050.0
fail;FAIL;26/9/2025;2:37:00 ðì;Visa;Tabriz;900000.0
fail;FAIL;14/9/2025;1:13:00 ìì;Discover;Tabriz;100.5
fail;FAIL;26/9/2025;10:05:00 ðì;visa;Tehran;120000.0
success;SUCCESS;18/9/2025;11:17:00 ìì;Visa;Mashhad;1472823.0
success;SUCCESS;15/9/2025;5:23:00 ðì;Master Card;Tehran;1578078.0
fail;FAIL;2/9/2025;11:59:00 ìì;Master Card;Ahvaz;177050.0
success;SUCCESS;10/9/2025;2:11:00 ìì;Master Card;Mashhad;900000.0
Success;SUCCESS;12/9/2025;2:37:00 ðì;Visa;Tehran;100.5
fail;FAIL;17/9/2025;8:33:00 ìì;Amex;karaj;177050.0
fail;FAIL;8/9/2025;11:59:00 ìì;Visa;Mashhad;1883871.0
success;SUCCESS;11/9/2025;7:40:00 ìì;Amex;Isfahan;585954.0
success;SUCCESS;29/9/2025;4:15:00 ðì;Master Card;Ahvaz;177050.0
fail;FAIL;6/9/2025;12:44:00 ìì;Master Card;Qom;205000.0
success;SUCCESS;9/9/2025;11:17:00 ìì;Master Card;Mashhad;177050.0
success;SUCCESS;6/9/2025;7:08:00 ðì;Amex;Tehran;443463.0
fail;FAIL;9/9/2025;11:11:00 ðì;Master Card;Tabriz;177050.0
success;SUCCESS;7/9/2025;12:12:00 ìì;Amex;Tabriz;1578078.0
success;SUCCESS;18/9/2025;4:16:00 ìì;Visa;Tabriz;120000.0
fail;FAIL;12/9/2025;2:24:00 ðì;Visa;Tabriz;976246.0
success;SUCCESS;8/9/2025;8:08:00 ðì;Discover;karaj;585954.0
fail;FAIL;8/9/2025;12:00:00 ðì;Visa;Isfahan;471227.0
fail;FAIL;18/9/2025;2:37:00 ðì;Master Card;Isfahan;1387769.0
success;SUCCESS;28/9/2025;7:08:00 ðì;Discover;Qom;1502601.0
success;SUCCESS;30/9/2025;2:55:00 ìì;Master Card;Qom;1768588.0
fail;FAIL;20/9/2025;10:27:00 ìì;Master Card;Qom;177050.0
fail;FAIL;15/9/2025;2:55:00 ìì;Master Card;karaj;850000.0
success;SUCCESS;27/9/2025;12:00:00 ðì;Visa;Tehran;123456.0
Success;SUCCESS;11/9/2025;6:30:00 ðì;Discover;Tehran;1782689.0
fail;FAIL;20/9/2025;5:07:00 ìì;Amex;Ahvaz;450000.0
fail;FAIL;16/9/2025;1:13:00 ìì;Visa;Qom;177050.0
success;SUCCESS;4/9/2025;7:40:00 ìì;Discover;Ahvaz;1782689.0
fail;FAIL;26/9/2025;6:12:00 ìì;Master Card;Tehran;177050.0
success;SUCCESS;22/9/2025;11:11:00 ðì;Visa;Tabriz;205000.0
fail;FAIL;26/9/2025;9:09:00 ðì;Master Card;Mashhad;100.5
FAIL;FAIL;3/9/2025;1:51:00 ðì;Visa;Tabriz;1000.0
Success;SUCCESS;9/9/2025;2:11:00 ìì;Visa;Tabriz;1883871.0
fail;FAIL;28/9/2025;1:01:00 ðì;Master Card;Tehran;555555.0
success;SUCCESS;14/9/2025;10:27:00 ìì;Visa;Isfahan;545116.0
fail;FAIL;11/9/2025;12:12:00 ìì;Amex;Ahvaz;850000.0
success;SUCCESS;18/9/2025;11:11:00 ðì;Master Card;Shiraz;914282.0
fail;FAIL;22/9/2025;8:08:00 ðì;Visa;Tehran;976246.0
success;SUCCESS;12/9/2025;4:40:00 ìì;Discover;Isfahan;177050.0
Success;SUCCESS;12/9/2025;2:00:00 ìì;Visa;Tabriz;471227.0
fail;FAIL;13/9/2025;10:48:00 ðì;Visa;Tabriz;1883871.0
fail;FAIL;26/9/2025;1:01:00 ðì;Discover;Tabriz;50200.0
success;SUCCESS;19/9/2025;7:51:00 ìì;Visa;Tehran;12345.0
success;SUCCESS;23/9/2025;9:00:00 ðì;Amex;Tehran;914465.0
fail;FAIL;4/9/2025;2:11:00 ìì;Master Card;Tehran;914465.0
success;SUCCESS;13/9/2025;3:00:00 ðì;Master Card;Tehran;177050.0
fail;FAIL;8/9/2025;5:56:00 ðì;Amex;Tehran;976246.0
fail;FAIL;29/9/2025;7:08:00 ðì;Discover;Isfahan;650000.0
Success;SUCCESS;23/9/2025;1:51:00 ðì;Master Card;Tehran;200000.0
fail;FAIL;21/9/2025;1:10:00 ìì;Discover;Karaj;419089.0
fail;FAIL;12/9/2025;12:44:00 ìì;Master Card;Tehran;120000.0
success;SUCCESS;18/9/2025;4:16:00 ìì;VISA;Karaj;412308.0
success;SUCCESS;18/9/2025;1:13:00 ìì;Discover;Tehran;177050.0
fail;FAIL;19/9/2025;8:08:00 ðì;Visa;Isfahan;333333.0
fail;FAIL;22/9/2025;1:01:00 ðì;Master Card;Tabriz;774681.0
fail;FAIL;27/9/2025;12:00:00 ðì;Discover;Isfahan;471227.0
fail;FAIL;3/9/2025;11:17:00 ìì;Amex;Tehran;452545.0
success;SUCCESS;28/9/2025;3:27:00 ðì;Master Card;Tehran;1305967.0
fail;FAIL;10/9/2025;7:08:00 ðì;Master Card;Tabriz;1768588.0
Success;SUCCESS;19/9/2025;10:48:00 ðì;Master Card;Tabriz;976246.0
fail;FAIL;3/9/2025;2:24:00 ðì;Master Card;Shiraz;1387769.0
fail;FAIL;29/9/2025;2:55:00 ìì;Visa;Tehran;419089.0
fail;FAIL;22/9/2025;1:01:00 ðì;Visa;Tehran ;1768588.0
fail;FAIL;15/9/2025;7:19:00 ìì;Visa;Tehran;1883871.0
success;SUCCESS;1/9/2025;1:10:00 ìì;Master Card;Isfahan;1387769.0
fail;FAIL;7/9/2025;7:08:00 ðì;Visa;Tehran;412308.0
fail;FAIL;12/9/2025;11:11:00 ðì;Discover;Qom;1502601.0
success;SUCCESS;17/9/2025;9:00:00 ðì;Amex;Tehran;200000.0
success;SUCCESS;30/9/2025;12:12:00 ìì;Master Card;Tehran;100.5
Success;SUCCESS;26/9/2025;7:29:00 ìì;Visa;Tehran;555555.0
success;SUCCESS;29/9/2025;5:56:00 ðì;Visa;Mashhad;555555.0
success;SUCCESS;24/9/2025;12:34:00 ìì;Master Card;Isfahan;914282.0
success;SUCCESS;20/9/2025;7:40:00 ìì;Visa;Isfahan;1472823.0
fail;FAIL;5/9/2025;6:12:00 ìì;Master Card;karaj;1782689.0
success;SUCCESS;4/9/2025;9:45:00 ðì;Visa;Shiraz;1387769.0
success;SUCCESS;28/9/2025;12:00:00 ðì;Amex;Tehran;1463119.0
fail;FAIL;30/9/2025;7:19:00 ìì;Visa;Tabriz;99999.0
success;SUCCESS;20/9/2025;7:29:00 ìì;Amex;Tehran;914465.0
success;SUCCESS;28/9/2025;3:27:00 ðì;Visa;Shiraz;452545.0
success;SUCCESS;24/9/2025;4:40:00 ìì;Master Card;karaj;471227.0
fail;FAIL;19/9/2025;12:12:00 ìì;visa;Mashhad;1782689.0
Success;SUCCESS;9/9/2025;2:55:00 ìì;Amex;Tehran;1883871.0
success;SUCCESS;4/9/2025;1:13:00 ìì;Master Card;Shiraz;1000.0
fail;FAIL;26/9/2025;7:29:00 ìì;Master Card;Mashhad;205000.0
fail;FAIL;4/9/2025;2:11:00 ìì;Amex;Ahvaz;1502601.0
fail;FAIL;15/9/2025;10:27:00 ìì;Master Card;Tabriz;850000.0
fail;FAIL;2/9/2025;11:11:00 ðì;Master Card;Tehran;343679.0
fail;FAIL;4/9/2025;8:33:00 ìì;Visa;Tabriz;1.0
success;SUCCESS;6/9/2025;7:51:00 ìì;Discover;Tabriz;63489.0
success;SUCCESS;7/9/2025;8:08:00 ðì;Master Card;Isfahan;545116.0
success;SUCCESS;10/9/2025;6:06:00 ðì;VISA;Tehran;545116.0
fail;FAIL;26/9/2025;7:51:00 ìì;Master Card;Tehran ;583952.0
fail;FAIL;22/9/2025;8:33:00 ìì;Visa;Ahvaz;443463.0
fail;FAIL;29/9/2025;1:01:00 ðì;Master Card;Tehran;100.5
fail;FAIL;12/9/2025;7:29:00 ìì;Discover;Ahvaz;99999.0
success;SUCCESS;18/9/2025;1:13:00 ìì;Discover;Tabriz;650000.0
fail;FAIL;8/9/2025;9:23:00 ìì;Amex;Karaj;976246.0
success;SUCCESS;21/9/2025;1:13:00 ìì;Visa;Tabriz;100000.0
success;SUCCESS;15/9/2025;12:12:00 ìì;Visa;Tabriz;1387769.0
fail;FAIL;1/9/2025;7:40:00 ìì;Visa;Karaj;1427657.0
success;SUCCESS;3/9/2025;2:30:00 ìì;Visa;Tehran;450000.0
fail;FAIL;8/9/2025;10:48:00 ðì;Discover;Mashhad;583952.0
fail;FAIL;4/9/2025;7:29:00 ìì;Visa;Shiraz;443463.0
FAIL;FAIL;16/9/2025;12:12:00 ìì;Master Card;Shiraz;200000.0
success;SUCCESS;10/9/2025;2:30:00 ðì;Discover;Shiraz;471227.0
success;SUCCESS;12/9/2025;2:30:00 ðì;Master Card;Tehran;12345.0
success;SUCCESS;14/9/2025;7:32:00 ðì;Visa;Tehran;177050.0
fail;FAIL;23/9/2025;9:10:00 ìì;Master Card;Isfahan;1463119.0
fail;FAIL;5/9/2025;12:44:00 ìì;Visa;Tehran;1472823.0
fail;FAIL;6/9/2025;2:11:00 ìì;Master Card;Shiraz;914465.0
Success;SUCCESS;13/9/2025;12:12:00 ìì;Master Card;Tehran;1768588.0
success;SUCCESS;9/9/2025;4:15:00 ðì;Visa;Tehran;177050.0
Success;SUCCESS;30/9/2025;2:00:00 ìì;Visa;Qom;1427657.0
fail;FAIL;22/9/2025;1:51:00 ðì;Visa;Tabriz;914282.0
success;SUCCESS;28/9/2025;2:30:00 ìì;Discover;Shiraz;450000.0
success;SUCCESS;29/9/2025;8:08:00 ðì;Discover;Qom;177050.0
success;SUCCESS;15/9/2025;11:11:00 ðì;Visa;Tehran;774681.0
success;SUCCESS;14/9/2025;7:08:00 ðì;Visa;Tehran;1768588.0
success;SUCCESS;7/9/2025;12:00:00 ðì;Discover;Tehran;774681.0
fail;FAIL;25/9/2025;10:48:00 ðì;Master Card;Qom;343679.0
fail;FAIL;7/9/2025;7:51:00 ìì;Master Card;Isfahan;300000.0
fail;FAIL;6/9/2025;1:13:00 ìì;Discover;karaj;177050.0
fail;FAIL;17/9/2025;7:40:00 ìì;Visa;Tabriz;976246.0
fail;FAIL;27/9/2025;2:30:00 ðì;Discover;Tehran;585954.0
fail;FAIL;25/9/2025;2:00:00 ìì;Master Card;Tehran;1782689.0
Success;SUCCESS;25/9/2025;11:59:00 ìì;Master Card;Tehran;100.5
fail;FAIL;2/9/2025;6:06:00 ðì;Visa;Isfahan;976246.0
success;SUCCESS;3/9/2025;1:01:00 ðì;Visa;Isfahan;774681.0
Success;SUCCESS;5/9/2025;1:13:00 ìì;Discover;Tehran;100.5
fail;FAIL;5/9/2025;2:30:00 ðì;Visa;karaj;333333.0
fail;FAIL;1/9/2025;8:20:00 ìì;Visa;Isfahan;1578078.0
success;SUCCESS;8/9/2025;1:01:00 ðì;Discover;Mashhad;452545.0
success;SUCCESS;12/9/2025;1:10:00 ìì;Master Card;Tabriz;1050805.0
success;SUCCESS;24/9/2025;8:33:00 ìì;Master Card;Mashhad;545116.0
success;SUCCESS;4/9/2025;6:30:00 ðì;Visa;Ahvaz;583952.0
fail;FAIL;13/9/2025;10:48:00 ðì;VISA;Tehran;914282.0
success;SUCCESS;23/9/2025;3:00:00 ðì;Visa;Tehran ;300000.0
fail;FAIL;10/9/2025;7:19:00 ìì;Master Card;Tabriz;63489.0
fail;FAIL;3/9/2025;12:00:00 ðì;Visa;Tehran;100.5
success;SUCCESS;10/9/2025;9:10:00 ìì;Discover;Tehran;976246.0
fail;FAIL;30/9/2025;3:00:00 ðì;Visa;karaj;1578078.0
success;SUCCESS;9/9/2025;6:06:00 ðì;Visa;Tehran;12345.0
Success;SUCCESS;1/9/2025;10:48:00 ðì;Amex;Qom;123456.0
fail;FAIL;5/9/2025;2:11:00 ìì;Discover;Karaj;100.5
fail;FAIL;20/9/2025;4:16:00 ìì;Master Card;Ahvaz;1782689.0
success;SUCCESS;11/9/2025;11:17:00 ìì;Visa;Shiraz;1305967.0
fail;FAIL;12/9/2025;3:27:00 ðì;Visa;Qom;1883871.0
fail;FAIL;22/9/2025;2:55:00 ìì;Discover;Isfahan;250000.0
fail;FAIL;20/9/2025;5:56:00 ðì;Amex;Tehran;63489.0
success;SUCCESS;28/9/2025;1:13:00 ìì;Visa;Ahvaz;99999.0
success;SUCCESS;25/9/2025;4:15:00 ðì;Master Card;Tabriz;200000.0
fail;FAIL;11/9/2025;6:12:00 ìì;Visa;Mashhad;471227.0
Success;SUCCESS;5/9/2025;2:37:00 ðì;Master Card;Tehran;333333.0
success;SUCCESS;5/9/2025;11:59:00 ìì;Discover;Tehran;545116.0
fail;FAIL;17/9/2025;7:29:00 ìì;Master Card;Tehran ;450000.0
fail;FAIL;17/9/2025;2:00:00 ìì;Master Card;Tabriz;1782689.0
fail;FAIL;24/9/2025;2:11:00 ìì;Visa;Isfahan;1387769.0
success;SUCCESS;28/9/2025;4:40:00 ðì;Master Card;Tehran;585954.0
fail;FAIL;6/9/2025;8:20:00 ìì;Master Card;Tehran;471227.0
fail;FAIL;27/9/2025;5:23:00 ðì;Master Card;Qom;585954.0
success;SUCCESS;20/9/2025;12:00:00 ðì;Amex;Tabriz;443463.0
fail;FAIL;18/9/2025;12:34:00 ìì;Discover;Ahvaz;120000.0
success;SUCCESS;14/9/2025;5:17:00 ìì;Visa;karaj;1050805.0
success;SUCCESS;9/9/2025;4:40:00 ìì;Master Card;Qom;419089.0
success;SUCCESS;5/9/2025;2:30:00 ðì;Visa;Tehran ;343679.0
success;SUCCESS;20/9/2025;7:40:00 ìì;VISA;karaj;100.5
success;SUCCESS;26/9/2025;2:20:00 ðì;Amex;Mashhad;1578078.0
fail;FAIL;29/9/2025;5:17:00 ìì;Visa;Shiraz;1883871.0
success;SUCCESS;1/9/2025;4:04:00 ðì;Master Card;Ahvaz;1472823.0
fail;FAIL;23/9/2025;5:56:00 ðì;Visa;Tehran;850000.0
success;SUCCESS;3/9/2025;11:11:00 ðì;Visa;Qom;99999.0
Success;SUCCESS;6/9/2025;3:27:00 ðì;Master Card;Tehran;583952.0
success;SUCCESS;21/9/2025;12:34:00 ìì;Visa;karaj;650000.0
fail;FAIL;27/9/2025;9:10:00 ìì;Discover;Tehran;100.5
success;SUCCESS;17/9/2025;4:40:00 ðì;Visa;Tabriz;914465.0
success;SUCCESS;19/9/2025;2:30:00 ìì;visa;Shiraz;12345.0
FAIL;FAIL;14/9/2025;1:51:00 ðì;Discover;Tehran;1472823.0
success;SUCCESS;12/9/2025;8:33:00 ìì;Master Card;Tehran;450000.0
fail;FAIL;10/9/2025;1:51:00 ðì;Visa;Tehran;1782689.0
fail;FAIL;20/9/2025;8:20:00 ìì;Amex;Tehran;555555.0
success;SUCCESS;21/9/2025;6:06:00 ðì;Discover;Tehran;1578078.0
success;SUCCESS;18/9/2025;11:17:00 ìì;VISA;Tehran;100000.0
fail;FAIL;24/9/2025;1:13:00 ìì;Master Card;Tehran;250000.0
fail;FAIL;27/9/2025;8:33:00 ìì;Amex;Tehran;1000.0
success;SUCCESS;30/9/2025;3:27:00 ðì;visa;Isfahan;850000.0
success;SUCCESS;2/9/2025;1:13:00 ìì;Visa;Isfahan;12345.0
fail;FAIL;25/9/2025;4:15:00 ðì;Visa;Ahvaz;200000.0
fail;FAIL;18/9/2025;1:13:00 ìì;Discover;Isfahan;200000.0
fail;FAIL;7/9/2025;7:08:00 ðì;Master Card;Tabriz;5000.0
fail;FAIL;24/9/2025;5:23:00 ðì;Visa;Mashhad;1158713.0
fail;FAIL;15/9/2025;2:55:00 ìì;Amex;Qom;900000.0
fail;FAIL;11/9/2025;8:20:00 ìì;Amex;Qom;1472823.0
fail;FAIL;18/9/2025;12:12:00 ìì;Visa;Isfahan;1472823.0
fail;FAIL;23/9/2025;1:01:00 ðì;Master Card;Tehran;343679.0
success;SUCCESS;12/9/2025;5:17:00 ìì;VISA;Tehran;100.5
fail;FAIL;6/9/2025;1:01:00 ðì;Master Card;Tehran;205000.0
fail;FAIL;30/9/2025;2:30:00 ðì;Amex;Tehran;471227.0
fail;FAIL;16/9/2025;8:33:00 ìì;Visa;Tehran;650000.0
fail;FAIL;18/9/2025;8:08:00 ðì;Master Card;Shiraz;50200.0
success;SUCCESS;10/9/2025;1:13:00 ìì;VISA;Qom;1000.0
success;SUCCESS;23/9/2025;4:04:00 ðì;Master Card;Mashhad;583952.0
success;SUCCESS;18/9/2025;7:32:00 ðì;Discover;Qom;545116.0
fail;FAIL;21/9/2025;7:08:00 ðì;Visa;Karaj;450000.0
fail;FAIL;1/9/2025;7:07:00 ðì;Amex;Tabriz;1768588.0
success;SUCCESS;23/9/2025;2:11:00 ìì;Visa;Isfahan;200000.0
Success;SUCCESS;8/9/2025;3:27:00 ðì;Visa;Ahvaz;12345.0
fail;FAIL;29/9/2025;8:59:00 ðì;Visa;Tehran;1578078.0
success;SUCCESS;15/9/2025;7:51:00 ìì;Amex;Mashhad;900000.0
success;SUCCESS;15/9/2025;8:08:00 ðì;Discover;Tehran;914282.0
fail;FAIL;2/9/2025;10:27:00 ìì;Visa;karaj;177050.0
success;SUCCESS;23/9/2025;2:37:00 ðì;Master Card;Tehran;412308.0
success;SUCCESS;11/9/2025;10:27:00 ìì;visa;Tehran;555555.0
success;SUCCESS;10/9/2025;12:44:00 ìì;Master Card;Tabriz;471227.0
success;SUCCESS;18/9/2025;7:32:00 ðì;Visa;Tehran;333333.0
Success;SUCCESS;18/9/2025;4:04:00 ðì;Visa;Tehran;250000.0
fail;FAIL;17/9/2025;4:15:00 ðì;Master Card;Tabriz;205000.0
success;SUCCESS;26/9/2025;2:00:00 ìì;Amex;Isfahan;545116.0
fail;FAIL;8/9/2025;11:59:00 ìì;Master Card;Qom;585954.0
fail;FAIL;15/9/2025;9:10:00 ìì;Visa;Tabriz;1578078.0
success;SUCCESS;17/9/2025;4:40:00 ìì;Discover;Tehran;583952.0
fail;FAIL;12/9/2025;5:17:00 ìì;Visa;Qom;5000.0
fail;FAIL;27/9/2025;2:55:00 ìì;Master Card;Isfahan;471227.0
success;SUCCESS;8/9/2025;9:45:00 ðì;Discover;Tehran;583952.0
success;SUCCESS;25/9/2025;9:21:00 ìì;Master Card;Isfahan;443463.0
fail;FAIL;14/9/2025;7:19:00 ìì;Master Card;Isfahan;900000.0
success;SUCCESS;4/9/2025;8:08:00 ðì;visa;Qom;1502601.0
fail;FAIL;16/9/2025;9:23:00 ìì;Master Card;Tabriz;914465.0
fail;FAIL;14/9/2025;6:06:00 ðì;Visa;Karaj;650000.0
fail;FAIL;21/9/2025;7:51:00 ìì;Discover;Tehran;250000.0
fail;FAIL;9/9/2025;11:11:00 ðì;VISA;Isfahan;1883871.0
success;SUCCESS;26/9/2025;11:59:00 ìì;Visa;Mashhad;585954.0
fail;FAIL;2/9/2025;8:08:00 ðì;Visa;Tehran;585954.0
FAIL;FAIL;18/9/2025;9:09:00 ðì;Master Card;Shiraz;650000.0
fail;FAIL;9/9/2025;7:08:00 ðì;Amex;Isfahan;100.5
fail;FAIL;1/9/2025;9:45:00 ðì;Master Card;Tabriz;914465.0
success;SUCCESS;13/9/2025;10:05:00 ðì;Visa;Qom;850000.0
success;SUCCESS;9/9/2025;9:21:00 ìì;Master Card;Tabriz;1050805.0
success;SUCCESS;21/9/2025;12:34:00 ìì;Visa;Tabriz;1883871.0
FAIL;FAIL;11/9/2025;8:08:00 ðì;Discover;Shiraz;177050.0
fail;FAIL;4/9/2025;2:20:00 ðì;Visa;Ahvaz;100000.0
success;SUCCESS;2/9/2025;2:54:00 ðì;Amex;Qom;1.0
Success;SUCCESS;29/9/2025;2:30:00 ðì;Visa;Karaj;555555.0
success;SUCCESS;6/9/2025;11:59:00 ìì;Visa;Qom;585954.0
success;SUCCESS;6/9/2025;12:00:00 ðì;Visa;Tabriz;50200.0
success;SUCCESS;2/9/2025;8:33:00 ìì;Amex;Tabriz;100.5
fail;FAIL;18/9/2025;7:07:00 ðì;Amex;Tehran;250000.0
fail;FAIL;13/9/2025;11:11:00 ðì;Discover;Karaj;850000.0
success;SUCCESS;23/9/2025;2:00:00 ìì;Master Card;Isfahan;900000.0
fail;FAIL;19/9/2025;3:45:00 ìì;Discover;Tehran;419089.0
success;SUCCESS;13/9/2025;1:51:00 ðì;Visa;Qom;443463.0
fail;FAIL;11/9/2025;5:17:00 ìì;Amex;Tehran;471227.0
success;SUCCESS;1/9/2025;7:19:00 ìì;Visa;Ahvaz;1000.0
fail;FAIL;30/9/2025;7:08:00 ðì;Master Card;Qom;1050805.0
Success;SUCCESS;7/9/2025;4:16:00 ìì;Discover;Tabriz;1463119.0
fail;FAIL;15/9/2025;11:59:00 ìì;Discover;Tehran;1.0
success;SUCCESS;1/9/2025;6:45:00 ìì;Visa;Tabriz;976246.0
fail;FAIL;26/9/2025;8:08:00 ðì;Master Card;Isfahan;555555.0
fail;FAIL;19/9/2025;10:48:00 ðì;Visa;Tehran;12345.0
fail;FAIL;28/9/2025;6:06:00 ðì;Amex;Tabriz;1768588.0
fail;FAIL;29/9/2025;2:24:00 ðì;Visa;Mashhad;1782689.0
fail;FAIL;1/9/2025;2:37:00 ðì;Master Card;Tehran;200000.0
fail;FAIL;17/9/2025;8:20:00 ìì;Master Card;Mashhad;774681.0
success;SUCCESS;17/9/2025;2:30:00 ìì;Visa;Tehran;914465.0
fail;FAIL;3/9/2025;3:27:00 ðì;VISA;Mashhad;914282.0
fail;FAIL;12/9/2025;8:08:00 ðì;Amex;Shiraz;63489.0
Success;SUCCESS;6/9/2025;6:12:00 ìì;Visa;Karaj;976246.0
fail;FAIL;26/9/2025;12:00:00 ðì;Discover;Tehran;1782689.0
fail;FAIL;11/9/2025;1:10:00 ìì;Visa;Tehran;250000.0
success;SUCCESS;3/9/2025;12:12:00 ìì;Amex;Mashhad;1.0
fail;FAIL;14/9/2025;2:20:00 ðì;Amex;Isfahan;99999.0
fail;FAIL;14/9/2025;11:11:00 ðì;Visa;Isfahan;976246.0
fail;FAIL;10/9/2025;2:00:00 ìì;Visa;Isfahan;1427657.0
success;SUCCESS;2/9/2025;6:12:00 ìì;Master Card;Tehran;200000.0
fail;FAIL;9/9/2025;2:02:00 ìì;Master Card;Tabriz;1768588.0
fail;FAIL;3/9/2025;7:51:00 ìì;Amex;Karaj;1502601.0
fail;FAIL;26/9/2025;12:00:00 ðì;visa;Shiraz;850000.0
fail;FAIL;2/9/2025;3:00:00 ðì;Visa;Tabriz;1883871.0
success;SUCCESS;6/9/2025;2:30:00 ðì;Discover;Shiraz;1387769.0
success;SUCCESS;28/9/2025;7:08:00 ðì;Master Card;Ahvaz;100000.0
fail;FAIL;29/9/2025;5:17:00 ìì;Master Card;Isfahan;50200.0
success;SUCCESS;26/9/2025;4:40:00 ðì;Master Card;Tehran ;1578078.0
success;SUCCESS;12/9/2025;12:12:00 ìì;Master Card;Tehran;1472823.0
fail;FAIL;5/9/2025;3:27:00 ðì;Visa;Tehran;850000.0
success;SUCCESS;2/9/2025;10:27:00 ìì;Visa;Isfahan;1782689.0
fail;FAIL;16/9/2025;11:11:00 ðì;Discover;Tehran;850000.0
success;SUCCESS;15/9/2025;3:27:00 ðì;Discover;Tabriz;205000.0
fail;FAIL;12/9/2025;8:20:00 ìì;Discover;Tehran;452545.0
fail;FAIL;4/9/2025;11:11:00 ðì;Discover;Tehran;914465.0
fail;FAIL;15/9/2025;9:09:00 ðì;Visa;Ahvaz;471227.0
fail;FAIL;16/9/2025;2:30:00 ðì;Master Card;Tabriz;5000.0
success;SUCCESS;23/9/2025;11:17:00 ìì;Visa;Shiraz;650000.0
fail;FAIL;6/9/2025;7:08:00 ðì;Master Card;Isfahan;419089.0
Success;SUCCESS;14/9/2025;9:21:00 ìì;Visa;karaj;545116.0
success;SUCCESS;18/9/2025;4:40:00 ðì;Discover;Mashhad;419089.0
fail;FAIL;12/9/2025;1:51:00 ðì;Discover;Shiraz;200000.0
success;SUCCESS;11/9/2025;5:56:00 ðì;Master Card;Shiraz;100000.0
success;SUCCESS;13/9/2025;9:21:00 ìì;Master Card;Tabriz;850000.0
fail;FAIL;21/9/2025;8:33:00 ìì;Amex;Isfahan;99999.0
success;SUCCESS;23/9/2025;2:20:00 ðì;Visa;Tehran;914465.0
fail;FAIL;11/9/2025;5:23:00 ðì;Master Card;Qom;1578078.0
success;SUCCESS;15/9/2025;5:56:00 ðì;Discover;Tabriz;471227.0
fail;FAIL;21/9/2025;9:23:00 ìì;Discover;Isfahan;1463119.0
fail;FAIL;28/9/2025;8:33:00 ìì;Visa;Tehran;1578078.0
fail;FAIL;25/9/2025;1:51:00 ðì;Discover;karaj;443463.0
fail;FAIL;4/9/2025;2:30:00 ðì;Amex;Ahvaz;343679.0
fail;FAIL;19/9/2025;1:01:00 ðì;visa;Tehran ;1578078.0
Success;SUCCESS;21/9/2025;1:51:00 ðì;Master Card;Tabriz;1782689.0
fail;FAIL;2/9/2025;4:04:00 ðì;Discover;Tehran;1427657.0
fail;FAIL;14/9/2025;8:20:00 ìì;Visa;Tehran;471227.0
fail;FAIL;29/9/2025;4:15:00 ðì;Master Card;Isfahan;123456.0
success;SUCCESS;4/9/2025;2:37:00 ðì;Master Card;Karaj;177050.0
fail;FAIL;16/9/2025;5:56:00 ðì;Master Card;Ahvaz;1782689.0
fail;FAIL;21/9/2025;8:33:00 ìì;Visa;karaj;1472823.0
fail;FAIL;14/9/2025;2:11:00 ìì;Visa;karaj;100.5
success;SUCCESS;27/9/2025;10:48:00 ðì;Discover;Shiraz;5000.0
FAIL;FAIL;29/9/2025;2:37:00 ðì;Visa;Isfahan;100.5
fail;FAIL;15/9/2025;9:10:00 ìì;Visa;Shiraz;583952.0
fail;FAIL;28/9/2025;10:05:00 ðì;Amex;karaj;1502601.0
Success;SUCCESS;3/9/2025;4:40:00 ìì;Master Card;Isfahan;1305967.0
fail;FAIL;8/9/2025;9:45:00 ðì;Master Card;Tabriz;100.5
fail;FAIL;16/9/2025;1:10:00 ìì;Amex;Isfahan;900000.0
success;SUCCESS;10/9/2025;2:37:00 ðì;Master Card;Qom;976246.0
fail;FAIL;4/9/2025;2:30:00 ìì;Master Card;Tehran;1883871.0
success;SUCCESS;30/9/2025;3:27:00 ðì;Master Card;Ahvaz;63489.0
success;SUCCESS;2/9/2025;3:27:00 ðì;Visa;Tehran;850000.0
fail;FAIL;13/9/2025;2:24:00 ðì;Discover;Qom;471227.0
success;SUCCESS;26/9/2025;2:00:00 ìì;Visa;Isfahan;99999.0
fail;FAIL;30/9/2025;7:51:00 ìì;visa;karaj;914282.0
success;SUCCESS;11/9/2025;3:27:00 ðì;Discover;Tehran;1463119.0
success;SUCCESS;7/9/2025;6:06:00 ðì;Visa;Qom;343679.0
fail;FAIL;12/9/2025;3:27:00 ðì;Master Card;Tehran;450000.0
fail;FAIL;7/9/2025;7:08:00 ðì;Discover;Tehran;1.0
success;SUCCESS;13/9/2025;7:19:00 ìì;Master Card;Tehran;1387769.0
Success;SUCCESS;10/9/2025;4:40:00 ðì;Master Card;Qom;300000.0
success;SUCCESS;29/9/2025;1:01:00 ðì;Visa;Isfahan;1578078.0
fail;FAIL;10/9/2025;1:13:00 ìì;Master Card;Mashhad;343679.0
fail;FAIL;24/9/2025;6:45:00 ìì;Master Card;karaj;200000.0
fail;FAIL;4/9/2025;3:00:00 ðì;Visa;Tehran;100.5
Success;SUCCESS;20/9/2025;3:45:00 ìì;Master Card;Karaj;177050.0
fail;FAIL;4/9/2025;10:48:00 ðì;Master Card;Ahvaz;976246.0
fail;FAIL;22/9/2025;2:30:00 ðì;VISA;Tabriz;1463119.0
fail;FAIL;7/9/2025;8:59:00 ðì;Master Card;Mashhad;50200.0
fail;FAIL;12/9/2025;11:11:00 ðì;Visa;Karaj;443463.0
success;SUCCESS;24/9/2025;2:11:00 ìì;Visa;Tehran;583952.0
success;SUCCESS;13/9/2025;4:04:00 ðì;Discover;Tehran;343679.0
success;SUCCESS;10/9/2025;9:21:00 ìì;Discover;Tehran;914465.0
success;SUCCESS;15/9/2025;2:00:00 ìì;Visa;Qom;250000.0
fail;FAIL;13/9/2025;12:12:00 ìì;Amex;Tehran;250000.0
fail;FAIL;23/9/2025;9:00:00 ðì;Visa;Karaj;177050.0
fail;FAIL;22/9/2025;1:01:00 ðì;Discover;Tabriz;1578078.0
fail;FAIL;22/9/2025;2:00:00 ìì;Master Card;Tehran;50200.0
fail;FAIL;21/9/2025;8:33:00 ìì;Discover;Tehran;5000.0
fail;FAIL;22/9/2025;5:23:00 ðì;Master Card;Mashhad;1578078.0
fail;FAIL;9/9/2025;9:23:00 ìì;Master Card;Qom;1578078.0
success;SUCCESS;26/9/2025;12:12:00 ìì;Visa;Tehran;1463119.0
fail;FAIL;9/9/2025;2:54:00 ðì;Master Card;Tehran;850000.0
success;SUCCESS;15/9/2025;10:48:00 ðì;Master Card;Isfahan;1578078.0
success;SUCCESS;10/9/2025;11:59:00 ìì;Discover;Isfahan;1578078.0
success;SUCCESS;24/9/2025;9:23:00 ìì;Master Card;Shiraz;900000.0
success;SUCCESS;26/9/2025;2:55:00 ìì;Master Card;Shiraz;1463119.0
fail;FAIL;25/9/2025;2:20:00 ðì;Amex;Tehran ;585954.0
success;SUCCESS;10/9/2025;1:10:00 ìì;Visa;Mashhad;471227.0
fail;FAIL;24/9/2025;4:40:00 ðì;Visa;Shiraz;419089.0
fail;FAIL;16/9/2025;5:23:00 ðì;Visa;Tehran;200000.0
FAIL;FAIL;26/9/2025;11:11:00 ðì;Visa;Mashhad;205000.0
success;SUCCESS;5/9/2025;11:17:00 ìì;Amex;Tehran ;583952.0
FAIL;FAIL;4/9/2025;9:23:00 ìì;Discover;Qom;443463.0
success;SUCCESS;24/9/2025;2:11:00 ìì;Amex;Qom;1387769.0
fail;FAIL;19/9/2025;7:08:00 ðì;Visa;Qom;177050.0
success;SUCCESS;4/9/2025;9:45:00 ðì;Master Card;Ahvaz;100000.0
fail;FAIL;28/9/2025;7:40:00 ìì;Visa;Tehran;774681.0
fail;FAIL;7/9/2025;4:16:00 ìì;Master Card;Mashhad;1.0
success;SUCCESS;10/9/2025;8:20:00 ìì;Visa;Tehran;177050.0
success;SUCCESS;19/9/2025;3:27:00 ðì;Visa;Tehran;177050.0
fail;FAIL;4/9/2025;10:27:00 ìì;Master Card;Tehran;850000.0
fail;FAIL;23/9/2025;6:06:00 ðì;Master Card;Tehran ;1782689.0
success;SUCCESS;18/9/2025;4:16:00 ìì;Visa;Karaj;419089.0
success;SUCCESS;5/9/2025;6:06:00 ðì;Visa;Isfahan;333333.0
success;SUCCESS;15/9/2025;1:13:00 ìì;Master Card;Tabriz;1782689.0
fail;FAIL;17/9/2025;12:44:00 ìì;Visa;Tabriz;1578078.0
success;SUCCESS;3/9/2025;2:11:00 ìì;Discover;Karaj;50200.0
fail;FAIL;12/9/2025;1:13:00 ìì;Visa;Tehran;1387769.0
success;SUCCESS;2/9/2025;5:56:00 ðì;Discover;Ahvaz;1768588.0
fail;FAIL;1/9/2025;4:16:00 ìì;Discover;karaj;1578078.0
success;SUCCESS;23/9/2025;12:44:00 ìì;Master Card;Ahvaz;419089.0
success;SUCCESS;17/9/2025;2:11:00 ìì;Master Card;Ahvaz;976246.0
Success;SUCCESS;22/9/2025;2:11:00 ìì;Master Card;Tabriz;1387769.0
fail;FAIL;16/9/2025;4:40:00 ðì;Master Card;Ahvaz;774681.0
success;SUCCESS;3/9/2025;4:16:00 ìì;Discover;Isfahan;1502601.0
success;SUCCESS;28/9/2025;12:34:00 ìì;Discover;Tabriz;1782689.0
fail;FAIL;7/9/2025;10:48:00 ðì;Master Card;Tabriz;1050805.0
fail;FAIL;11/9/2025;5:23:00 ðì;Visa;Shiraz;583952.0
fail;FAIL;9/9/2025;2:37:00 ðì;Master Card;Tehran;300000.0
fail;FAIL;14/9/2025;12:12:00 ìì;Discover;Tabriz;63489.0
success;SUCCESS;29/9/2025;11:59:00 ìì;Discover;Tehran;50200.0
success;SUCCESS;30/9/2025;12:12:00 ìì;visa;Isfahan;583952.0
success;SUCCESS;25/9/2025;12:12:00 ìì;Master Card;Isfahan;1463119.0
success;SUCCESS;2/9/2025;4:40:00 ðì;Visa;Tabriz;1768588.0
success;SUCCESS;7/9/2025;8:33:00 ìì;Master Card;Tabriz;1782689.0
fail;FAIL;21/9/2025;12:12:00 ìì;Master Card;Ahvaz;1000.0
fail;FAIL;18/9/2025;8:33:00 ìì;Visa;Isfahan;583952.0
success;SUCCESS;10/9/2025;2:55:00 ìì;Visa;Tabriz;300000.0
success;SUCCESS;22/9/2025;6:45:00 ìì;Master Card;Qom;1502601.0
fail;FAIL;29/9/2025;9:10:00 ìì;Master Card;Tabriz;471227.0
success;SUCCESS;9/9/2025;11:59:00 ìì;Visa;Tehran;300000.0
fail;FAIL;11/9/2025;8:59:00 ðì;Visa;Tehran;976246.0
success;SUCCESS;7/9/2025;3:27:00 ðì;Visa;Tehran;300000.0
fail;FAIL;19/9/2025;11:59:00 ìì;visa;Tehran;1883871.0
fail;FAIL;4/9/2025;7:29:00 ìì;visa;Tehran;177050.0
fail;FAIL;26/9/2025;8:08:00 ðì;Amex;Isfahan;123456.0
success;SUCCESS;6/9/2025;8:08:00 ðì;Master Card;Ahvaz;343679.0
fail;FAIL;14/9/2025;12:12:00 ìì;Master Card;Tehran;123456.0
fail;FAIL;4/9/2025;7:08:00 ðì;VISA;Ahvaz;914282.0
fail;FAIL;8/9/2025;2:24:00 ðì;Master Card;Tehran;1387769.0
fail;FAIL;5/9/2025;12:00:00 ðì;Visa;Mashhad;419089.0
success;SUCCESS;1/9/2025;5:23:00 ðì;Master Card;Karaj;419089.0
fail;FAIL;3/9/2025;6:45:00 ìì;Visa;Tehran;1578078.0
success;SUCCESS;9/9/2025;4:16:00 ìì;visa;Tehran;1000.0
success;SUCCESS;1/9/2025;9:00:00 ðì;Visa;Karaj;976246.0
success;SUCCESS;6/9/2025;2:02:00 ìì;Master Card;Karaj;1768588.0
fail;FAIL;9/9/2025;7:19:00 ìì;Visa;Karaj;1883871.0
success;SUCCESS;13/9/2025;4:04:00 ðì;Amex;Tehran;99999.0
Success;SUCCESS;17/9/2025;6:12:00 ìì;visa;Mashhad;1578078.0
fail;FAIL;28/9/2025;7:08:00 ðì;Visa;Tehran;200000.0
fail;FAIL;2/9/2025;9:09:00 ðì;Visa;Tehran;1768588.0
fail;FAIL;28/9/2025;2:30:00 ìì;Discover;Tehran;900000.0
success;SUCCESS;5/9/2025;7:07:00 ðì;Discover;Tehran;5000.0
success;SUCCESS;12/9/2025;8:08:00 ðì;Discover;karaj;1463119.0
fail;FAIL;27/9/2025;1:51:00 ðì;Master Card;Tabriz;1768588.0
fail;FAIL;8/9/2025;8:33:00 ìì;Master Card;Isfahan;5000.0
success;SUCCESS;6/9/2025;7:40:00 ìì;Visa;Tehran;585954.0
fail;FAIL;8/9/2025;2:37:00 ðì;Visa;Tehran;585954.0
fail;FAIL;3/9/2025;9:09:00 ðì;Visa;Qom;1768588.0
success;SUCCESS;29/9/2025;3:27:00 ðì;Master Card;Tehran;200000.0
fail;FAIL;26/9/2025;4:40:00 ðì;Master Card;Tehran;123456.0
success;SUCCESS;3/9/2025;5:17:00 ìì;Visa;Shiraz;1158713.0
fail;FAIL;6/9/2025;6:00:00 ìì;Discover;Tehran;1463119.0
success;SUCCESS;23/9/2025;2:20:00 ðì;Discover;Qom;976246.0
Success;SUCCESS;12/9/2025;5:56:00 ðì;Visa;Mashhad;5000.0
fail;FAIL;2/9/2025;7:51:00 ìì;Master Card;Mashhad;914465.0
success;SUCCESS;6/9/2025;7:07:00 ðì;Visa;Qom;177050.0
fail;FAIL;17/9/2025;10:05:00 ðì;Visa;Tehran;1463119.0
fail;FAIL;3/9/2025;11:11:00 ðì;Master Card;Tehran;200000.0
fail;FAIL;2/9/2025;9:10:00 ìì;Visa;Ahvaz;200000.0
fail;FAIL;30/9/2025;1:01:00 ðì;Discover;Isfahan;914465.0
fail;FAIL;20/9/2025;9:45:00 ðì;Master Card;Tehran;205000.0
fail;FAIL;8/9/2025;11:11:00 ðì;Master Card;Mashhad;412308.0
success;SUCCESS;22/9/2025;4:40:00 ðì;Visa;Ahvaz;471227.0
fail;FAIL;12/9/2025;10:05:00 ðì;Amex;Tehran;99999.0
fail;FAIL;29/9/2025;1:01:00 ðì;Master Card;Ahvaz;123456.0
fail;FAIL;15/9/2025;2:55:00 ìì;Master Card;karaj;123456.0
fail;FAIL;23/9/2025;11:11:00 ðì;Visa;Mashhad;1.0
fail;FAIL;16/9/2025;4:15:00 ðì;Visa;Tabriz;1050805.0
success;SUCCESS;10/9/2025;2:20:00 ðì;Master Card;Shiraz;976246.0
fail;FAIL;30/9/2025;11:11:00 ðì;Master Card;Mashhad;976246.0
fail;FAIL;30/9/2025;5:56:00 ðì;Discover;Tehran ;1.0
success;SUCCESS;25/9/2025;2:11:00 ìì;Discover;Tehran ;412308.0
fail;FAIL;23/9/2025;8:08:00 ðì;Master Card;Tehran;900000.0
fail;FAIL;16/9/2025;4:04:00 ðì;Visa;Isfahan;450000.0
success;SUCCESS;12/9/2025;1:01:00 ðì;Master Card;Isfahan;100.5
success;SUCCESS;17/9/2025;2:02:00 ìì;Master Card;Tehran;1387769.0
success;SUCCESS;16/9/2025;9:23:00 ìì;Master Card;Karaj;12345.0
success;SUCCESS;12/9/2025;4:40:00 ðì;Visa;Karaj;471227.0
success;SUCCESS;20/9/2025;6:45:00 ìì;Master Card;karaj;120000.0
fail;FAIL;16/9/2025;12:44:00 ìì;Visa;Mashhad;200000.0
Success;SUCCESS;30/9/2025;7:40:00 ìì;Amex;Tehran;100000.0
success;SUCCESS;28/9/2025;2:30:00 ðì;Master Card;Mashhad;583952.0
success;SUCCESS;19/9/2025;6:00:00 ìì;Discover;Qom;177050.0
fail;FAIL;8/9/2025;6:06:00 ðì;Amex;Tehran;914465.0
fail;FAIL;22/9/2025;4:16:00 ìì;Master Card;Mashhad;1768588.0
success;SUCCESS;5/9/2025;7:40:00 ìì;Master Card;Qom;123456.0
success;SUCCESS;8/9/2025;2:54:00 ðì;Visa;karaj;63489.0
success;SUCCESS;24/9/2025;9:23:00 ìì;Discover;Tabriz;333333.0
fail;FAIL;12/9/2025;2:02:00 ìì;Master Card;Tehran;471227.0
fail;FAIL;25/9/2025;8:08:00 ðì;Master Card;Karaj;177050.0
success;SUCCESS;21/9/2025;9:09:00 ðì;Amex;Tehran;976246.0
fail;FAIL;20/9/2025;11:11:00 ðì;Master Card;Ahvaz;419089.0
fail;FAIL;6/9/2025;8:08:00 ðì;Master Card;Tehran;914282.0
success;SUCCESS;22/9/2025;2:30:00 ðì;Master Card;Tehran ;205000.0
fail;FAIL;18/9/2025;2:30:00 ðì;Amex;Tehran;443463.0
Success;SUCCESS;8/9/2025;11:59:00 ìì;Visa;Tehran;1050805.0
success;SUCCESS;7/9/2025;11:11:00 ðì;Master Card;Mashhad;1158713.0
fail;FAIL;1/9/2025;4:40:00 ðì;Discover;Qom;583952.0
fail;FAIL;16/9/2025;5:17:00 ìì;Discover;Isfahan;200000.0
success;SUCCESS;12/9/2025;2:30:00 ðì;Visa;Tehran;1578078.0
success;SUCCESS;6/9/2025;8:59:00 ðì;Amex;Mashhad;555555.0
success;SUCCESS;20/9/2025;12:12:00 ìì;Master Card;Qom;1768588.0
Success;SUCCESS;2/9/2025;9:09:00 ðì;Visa;Karaj;471227.0
success;SUCCESS;29/9/2025;1:01:00 ðì;Visa;Tehran;63489.0
success;SUCCESS;14/9/2025;12:12:00 ìì;Visa;Mashhad;300000.0
fail;FAIL;4/9/2025;8:20:00 ìì;Master Card;Tabriz;914465.0
Success;SUCCESS;1/9/2025;4:40:00 ðì;Visa;Isfahan;5000.0
fail;FAIL;23/9/2025;2:20:00 ðì;Master Card;karaj;177050.0
fail;FAIL;18/9/2025;9:21:00 ìì;Discover;Tehran;850000.0
fail;FAIL;13/9/2025;7:32:00 ðì;Visa;Shiraz;123456.0
fail;FAIL;2/9/2025;7:29:00 ìì;Master Card;Tehran;343679.0
fail;FAIL;9/9/2025;8:59:00 ðì;Discover;Tabriz;177050.0
fail;FAIL;21/9/2025;2:00:00 ìì;Visa;Qom;1158713.0
fail;FAIL;2/9/2025;2:55:00 ìì;VISA;Mashhad;5000.0
fail;FAIL;27/9/2025;10:27:00 ìì;Visa;Mashhad;419089.0
fail;FAIL;25/9/2025;5:56:00 ðì;Discover;Shiraz;1578078.0
success;SUCCESS;9/9/2025;4:15:00 ðì;Master Card;Tabriz;850000.0
fail;FAIL;3/9/2025;7:07:00 ðì;Amex;Qom;123456.0
fail;FAIL;20/9/2025;3:45:00 ìì;Master Card;Tehran;1050805.0
fail;FAIL;30/9/2025;2:55:00 ìì;Master Card;Shiraz;976246.0
success;SUCCESS;4/9/2025;8:08:00 ðì;Visa;Ahvaz;1782689.0
fail;FAIL;23/9/2025;1:01:00 ðì;Visa;Tabriz;300000.0
fail;FAIL;6/9/2025;7:51:00 ìì;Master Card;Qom;976246.0
fail;FAIL;3/9/2025;2:37:00 ðì;Amex;Qom;914465.0
fail;FAIL;22/9/2025;12:12:00 ìì;Master Card;Tehran;1768588.0
FAIL;FAIL;11/9/2025;11:11:00 ðì;Master Card;Karaj;545116.0
fail;FAIL;15/9/2025;12:00:00 ðì;Master Card;Tabriz;200000.0
fail;FAIL;22/9/2025;1:01:00 ðì;Visa;Tehran;1578078.0
success;SUCCESS;28/9/2025;4:16:00 ìì;Amex;Tehran;100.5
fail;FAIL;5/9/2025;2:20:00 ðì;Visa;karaj;1463119.0
success;SUCCESS;20/9/2025;6:12:00 ìì;Master Card;Tehran;1502601.0
fail;FAIL;10/9/2025;2:54:00 ðì;Amex;Tehran;900000.0
fail;FAIL;12/9/2025;2:55:00 ìì;Discover;Karaj;419089.0
fail;FAIL;15/9/2025;10:05:00 ðì;Visa;Karaj;1305967.0
fail;FAIL;6/9/2025;2:54:00 ðì;Visa;Tabriz;343679.0
fail;FAIL;3/9/2025;12:44:00 ìì;Visa;Mashhad;1305967.0
success;SUCCESS;30/9/2025;3:45:00 ìì;Amex;Ahvaz;976246.0
fail;FAIL;24/9/2025;2:54:00 ðì;Visa;Mashhad;1000.0
fail;FAIL;3/9/2025;3:27:00 ðì;Amex;Ahvaz;650000.0
fail;FAIL;16/9/2025;6:06:00 ðì;visa;Tabriz;555555.0
Success;SUCCESS;7/9/2025;12:00:00 ðì;Discover;Tehran;471227.0
fail;FAIL;20/9/2025;2:24:00 ðì;Amex;Tehran;650000.0
success;SUCCESS;14/9/2025;10:48:00 ðì;Discover;Qom;914282.0
fail;FAIL;9/9/2025;7:07:00 ðì;Master Card;Tehran;12345.0
success;SUCCESS;15/9/2025;7:07:00 ðì;Master Card;Tehran;585954.0
success;SUCCESS;21/9/2025;8:08:00 ðì;Visa;Isfahan;1472823.0
success;SUCCESS;27/9/2025;7:40:00 ìì;Visa;Shiraz;1578078.0
success;SUCCESS;3/9/2025;6:00:00 ìì;Discover;Tehran;100.5
fail;FAIL;2/9/2025;12:00:00 ðì;Visa;Tehran;914282.0
success;SUCCESS;25/9/2025;9:23:00 ìì;Visa;Tabriz;200000.0
fail;FAIL;29/9/2025;9:00:00 ðì;Visa;Shiraz;1578078.0
success;SUCCESS;1/9/2025;2:55:00 ìì;Visa;karaj;545116.0
success;SUCCESS;4/9/2025;8:59:00 ðì;Discover;Shiraz;1427657.0
fail;FAIL;16/9/2025;3:27:00 ðì;Master Card;Shiraz;900000.0
fail;FAIL;22/9/2025;2:30:00 ðì;Master Card;Shiraz;914465.0
success;SUCCESS;14/9/2025;8:08:00 ðì;Master Card;Tehran;100.5
success;SUCCESS;20/9/2025;5:17:00 ìì;VISA;Tabriz;1502601.0
success;SUCCESS;3/9/2025;1:01:00 ðì;Master Card;Isfahan;914282.0
fail;FAIL;25/9/2025;9:00:00 ðì;Visa;Isfahan;976246.0
Success;SUCCESS;13/9/2025;1:01:00 ðì;Master Card;Tabriz;177050.0
success;SUCCESS;21/9/2025;6:45:00 ìì;Amex;Isfahan;1768588.0
fail;FAIL;2/9/2025;8:20:00 ìì;Master Card;Tehran;1782689.0
fail;FAIL;2/9/2025;10:48:00 ðì;Visa;Tehran;100.5
success;SUCCESS;4/9/2025;2:30:00 ðì;Amex;Shiraz;1463119.0
success;SUCCESS;25/9/2025;10:05:00 ðì;Master Card;Shiraz;177050.0
success;SUCCESS;15/9/2025;8:08:00 ðì;Amex;Mashhad;412308.0
fail;FAIL;4/9/2025;7:19:00 ìì;Visa;Tabriz;419089.0
success;SUCCESS;13/9/2025;2:37:00 ðì;Master Card;Tehran;1502601.0
fail;FAIL;28/9/2025;1:10:00 ìì;Master Card;Tabriz;471227.0
success;SUCCESS;28/9/2025;11:11:00 ðì;VISA;Ahvaz;545116.0
fail;FAIL;20/9/2025;6:12:00 ìì;Visa;Ahvaz;471227.0
success;SUCCESS;28/9/2025;4:40:00 ìì;Master Card;Karaj;1.0
Success;SUCCESS;6/9/2025;8:20:00 ìì;Discover;Tehran;850000.0
fail;FAIL;29/9/2025;4:40:00 ðì;Visa;Isfahan;100000.0
success;SUCCESS;11/9/2025;10:27:00 ìì;Discover;Tehran;419089.0
fail;FAIL;30/9/2025;6:12:00 ìì;Visa;Tehran;343679.0
success;SUCCESS;23/9/2025;10:05:00 ðì;Discover;karaj;914282.0
fail;FAIL;19/9/2025;8:08:00 ðì;Discover;Isfahan;1387769.0
fail;FAIL;19/9/2025;1:51:00 ðì;Master Card;Qom;1768588.0
fail;FAIL;5/9/2025;8:08:00 ðì;Discover;Qom;1050805.0
Success;SUCCESS;2/9/2025;4:04:00 ðì;Discover;Tehran;1782689.0
fail;FAIL;10/9/2025;12:44:00 ìì;Visa;Qom;412308.0
fail;FAIL;25/9/2025;2:30:00 ðì;Master Card;Tehran;850000.0
fail;FAIL;30/9/2025;6:00:00 ìì;Visa;Tehran;100.5
fail;FAIL;11/9/2025;2:30:00 ìì;Master Card;Karaj;12345.0
fail;FAIL;29/9/2025;4:40:00 ìì;Master Card;Qom;177050.0
success;SUCCESS;24/9/2025;1:51:00 ðì;Discover;Isfahan;1768588.0
fail;FAIL;23/9/2025;9:10:00 ìì;Amex;Tabriz;343679.0
success;SUCCESS;19/9/2025;6:30:00 ðì;Amex;Tabriz;177050.0
fail;FAIL;21/9/2025;7:07:00 ðì;Visa;Tabriz;1578078.0
fail;FAIL;9/9/2025;12:00:00 ðì;Discover;Tabriz;250000.0
success;SUCCESS;28/9/2025;5:56:00 ðì;Master Card;Mashhad;5000.0
Success;SUCCESS;30/9/2025;3:45:00 ìì;Amex;Isfahan;123456.0
fail;FAIL;14/9/2025;2:11:00 ìì;Visa;Shiraz;5000.0
success;SUCCESS;19/9/2025;4:16:00 ìì;Master Card;Mashhad;976246.0
fail;FAIL;16/9/2025;4:40:00 ðì;Master Card;karaj;177050.0
fail;FAIL;16/9/2025;5:23:00 ðì;Master Card;Mashhad;650000.0
fail;FAIL;28/9/2025;11:59:00 ìì;visa;Tehran;1472823.0
fail;FAIL;1/9/2025;3:45:00 ìì;Visa;Tehran;419089.0
fail;FAIL;4/9/2025;12:34:00 ìì;Visa;Ahvaz;200000.0
fail;FAIL;4/9/2025;12:00:00 ðì;Master Card;Karaj;850000.0
fail;FAIL;7/9/2025;9:09:00 ðì;Visa;Mashhad;914465.0
FAIL;FAIL;8/9/2025;7:40:00 ìì;Master Card;Tabriz;177050.0
success;SUCCESS;17/9/2025;2:20:00 ðì;Discover;Mashhad;1502601.0
fail;FAIL;5/9/2025;9:23:00 ìì;Discover;Shiraz;100.5
fail;FAIL;28/9/2025;11:11:00 ðì;Visa;Qom;250000.0
success;SUCCESS;20/9/2025;3:45:00 ìì;Visa;Tabriz;1782689.0
fail;FAIL;29/9/2025;11:11:00 ðì;Master Card;Tehran;100.5
Success;SUCCESS;4/9/2025;9:10:00 ìì;Amex;Shiraz;471227.0
success;SUCCESS;28/9/2025;3:27:00 ðì;Master Card;Tehran;585954.0
fail;FAIL;6/9/2025;2:11:00 ìì;Master Card;Mashhad;443463.0
success;SUCCESS;7/9/2025;3:00:00 ðì;Visa;Karaj;1578078.0
success;SUCCESS;18/9/2025;2:37:00 ðì;Master Card;Tabriz;914282.0
fail;FAIL;5/9/2025;10:48:00 ðì;Master Card;Shiraz;1768588.0
success;SUCCESS;20/9/2025;4:40:00 ðì;Amex;Qom;583952.0
fail;FAIL;30/9/2025;6:06:00 ðì;Master Card;Isfahan;471227.0
fail;FAIL;3/9/2025;7:40:00 ìì;Visa;Karaj;450000.0
FAIL;FAIL;7/9/2025;2:30:00 ðì;Visa;Isfahan;1578078.0
success;SUCCESS;27/9/2025;2:37:00 ðì;Discover;Ahvaz;1768588.0
fail;FAIL;28/9/2025;4:16:00 ìì;Visa;Karaj;545116.0
fail;FAIL;22/9/2025;11:17:00 ìì;Master Card;Ahvaz;205000.0
fail;FAIL;14/9/2025;11:59:00 ìì;Visa;Shiraz;583952.0
success;SUCCESS;7/9/2025;9:23:00 ìì;Visa;Isfahan;1427657.0
fail;FAIL;5/9/2025;10:48:00 ðì;Master Card;Isfahan;585954.0
fail;FAIL;29/9/2025;12:00:00 ðì;Discover;Shiraz;50200.0
success;SUCCESS;5/9/2025;5:56:00 ðì;Master Card;karaj;1158713.0
fail;FAIL;30/9/2025;2:02:00 ìì;Master Card;Isfahan;1578078.0
success;SUCCESS;2/9/2025;12:12:00 ìì;Visa;Mashhad;333333.0
success;SUCCESS;27/9/2025;11:59:00 ìì;Master Card;Karaj;650000.0
fail;FAIL;22/9/2025;7:51:00 ìì;VISA;Tabriz;250000.0
fail;FAIL;6/9/2025;6:30:00 ðì;VISA;Tehran;1578078.0
fail;FAIL;15/9/2025;12:00:00 ðì;Discover;karaj;177050.0
success;SUCCESS;21/9/2025;8:59:00 ðì;Master Card;Tehran;1578078.0
success;SUCCESS;10/9/2025;12:00:00 ðì;Visa;Tehran;100000.0
fail;FAIL;23/9/2025;4:04:00 ðì;Master Card;Tabriz;1.0
success;SUCCESS;7/9/2025;5:56:00 ðì;Visa;Tabriz;343679.0
fail;FAIL;5/9/2025;3:00:00 ðì;Discover;Tehran;200000.0
fail;FAIL;13/9/2025;2:30:00 ðì;Master Card;Karaj;177050.0
fail;FAIL;21/9/2025;7:08:00 ðì;Visa;Tehran;177050.0
FAIL;FAIL;26/9/2025;1:51:00 ðì;Master Card;Isfahan;333333.0
success;SUCCESS;21/9/2025;6:30:00 ðì;Discover;Tehran;976246.0
fail;FAIL;5/9/2025;11:11:00 ðì;Amex;Tehran;471227.0
fail;FAIL;13/9/2025;9:23:00 ìì;Visa;Tehran ;555555.0
FAIL;FAIL;4/9/2025;1:01:00 ðì;Master Card;Mashhad;177050.0
success;SUCCESS;17/9/2025;9:23:00 ìì;Discover;Tabriz;5000.0
fail;FAIL;17/9/2025;1:13:00 ìì;Visa;Tehran;1768588.0
fail;FAIL;28/9/2025;5:07:00 ìì;Visa;Tabriz;1387769.0
success;SUCCESS;21/9/2025;2:24:00 ðì;Visa;Tehran;1502601.0
fail;FAIL;23/9/2025;1:10:00 ìì;Visa;Tehran;583952.0
fail;FAIL;30/9/2025;8:33:00 ìì;Visa;Ahvaz;419089.0
fail;FAIL;4/9/2025;8:20:00 ìì;Master Card;Shiraz;850000.0
success;SUCCESS;2/9/2025;8:08:00 ðì;Discover;Tehran;1502601.0
fail;FAIL;28/9/2025;2:20:00 ðì;Master Card;Tehran;443463.0
fail;FAIL;18/9/2025;11:17:00 ìì;Visa;Tehran;63489.0
fail;FAIL;8/9/2025;10:48:00 ðì;Visa;Mashhad;471227.0
fail;FAIL;9/9/2025;2:37:00 ðì;Discover;Isfahan;1050805.0
fail;FAIL;29/9/2025;1:13:00 ìì;Master Card;Tehran;976246.0
success;SUCCESS;20/9/2025;7:08:00 ðì;Discover;karaj;1578078.0
success;SUCCESS;29/9/2025;1:13:00 ìì;Visa;Tabriz;412308.0
success;SUCCESS;6/9/2025;9:23:00 ìì;Visa;Isfahan;914465.0
success;SUCCESS;10/9/2025;9:21:00 ìì;Discover;Isfahan;177050.0
fail;FAIL;21/9/2025;9:21:00 ìì;Visa;Tehran;585954.0
fail;FAIL;17/9/2025;4:16:00 ìì;Discover;Tehran;343679.0
success;SUCCESS;9/9/2025;9:00:00 ðì;Master Card;Qom;177050.0
success;SUCCESS;17/9/2025;5:17:00 ìì;Master Card;Isfahan;333333.0
success;SUCCESS;9/9/2025;9:45:00 ðì;visa;Ahvaz;583952.0
fail;FAIL;9/9/2025;7:08:00 ðì;Visa;Tehran;774681.0
fail;FAIL;1/9/2025;12:12:00 ìì;Amex;Tehran ;976246.0
success;SUCCESS;2/9/2025;4:40:00 ìì;Amex;Tehran;63489.0
success;SUCCESS;28/9/2025;4:04:00 ðì;Discover;Tehran;1050805.0
success;SUCCESS;29/9/2025;11:11:00 ðì;Visa;Mashhad;1782689.0
success;SUCCESS;1/9/2025;2:30:00 ðì;Visa;Tabriz;250000.0
success;SUCCESS;18/9/2025;9:00:00 ðì;Master Card;Isfahan;976246.0
fail;FAIL;28/9/2025;1:13:00 ìì;Master Card;Tehran;914282.0
fail;FAIL;8/9/2025;2:54:00 ðì;Discover;Tehran;177050.0
fail;FAIL;21/9/2025;7:19:00 ìì;Visa;Shiraz;1502601.0
fail;FAIL;28/9/2025;1:13:00 ìì;Master Card;Ahvaz;471227.0
fail;FAIL;23/9/2025;3:27:00 ðì;Visa;Tabriz;555555.0
success;SUCCESS;2/9/2025;1:01:00 ðì;Master Card;Tabriz;1.0
fail;FAIL;8/9/2025;2:30:00 ðì;Master Card;Tehran ;50200.0
fail;FAIL;22/9/2025;9:23:00 ìì;Visa;Tehran;1387769.0
fail;FAIL;8/9/2025;4:04:00 ðì;VISA;Isfahan;976246.0
fail;FAIL;17/9/2025;7:08:00 ðì;Discover;Tehran;914465.0
success;SUCCESS;17/9/2025;7:51:00 ìì;Discover;Mashhad;99999.0
fail;FAIL;28/9/2025;8:08:00 ðì;Visa;Tabriz;976246.0
fail;FAIL;24/9/2025;4:40:00 ìì;Visa;Tehran;1578078.0
success;SUCCESS;19/9/2025;2:37:00 ðì;Master Card;Karaj;585954.0
fail;FAIL;5/9/2025;3:27:00 ðì;Discover;Isfahan;419089.0
fail;FAIL;23/9/2025;12:34:00 ìì;Master Card;Tehran;471227.0
success;SUCCESS;5/9/2025;12:44:00 ìì;Discover;karaj;177050.0
success;SUCCESS;13/9/2025;2:30:00 ðì;Master Card;Isfahan;1305967.0
FAIL;FAIL;8/9/2025;11:11:00 ðì;Visa;Tehran;1768588.0
success;SUCCESS;25/9/2025;3:27:00 ðì;Amex;Isfahan;343679.0
success;SUCCESS;23/9/2025;12:44:00 ìì;Visa;Tehran;419089.0
success;SUCCESS;11/9/2025;12:00:00 ðì;Master Card;Tehran;333333.0
success;SUCCESS;1/9/2025;6:45:00 ìì;Master Card;Tehran;585954.0
success;SUCCESS;19/9/2025;11:59:00 ìì;Visa;Tabriz;100000.0
success;SUCCESS;24/9/2025;12:00:00 ðì;Amex;Mashhad;583952.0
success;SUCCESS;3/9/2025;4:16:00 ìì;Visa;Qom;1578078.0
fail;FAIL;24/9/2025;7:40:00 ìì;Master Card;Isfahan;1050805.0
success;SUCCESS;17/9/2025;1:51:00 ðì;Master Card;Ahvaz;177050.0
success;SUCCESS;5/9/2025;8:59:00 ðì;Visa;Tehran;50200.0
success;SUCCESS;20/9/2025;5:56:00 ðì;Visa;Tehran;100.5
fail;FAIL;21/9/2025;2:30:00 ðì;Amex;Ahvaz;177050.0
fail;FAIL;8/9/2025;2:11:00 ìì;Master Card;Tehran;1472823.0
fail;FAIL;26/9/2025;10:48:00 ðì;Master Card;Tehran;123456.0
Success;SUCCESS;11/9/2025;11:59:00 ìì;Visa;Tehran;177050.0
success;SUCCESS;15/9/2025;3:27:00 ðì;Master Card;Tabriz;1463119.0
success;SUCCESS;7/9/2025;2:11:00 ìì;Visa;Shiraz;471227.0
success;SUCCESS;19/9/2025;1:10:00 ìì;visa;Tehran;123456.0
success;SUCCESS;28/9/2025;12:34:00 ìì;Visa;Tehran;100.5
success;SUCCESS;19/9/2025;2:37:00 ðì;Master Card;Tabriz;650000.0
fail;FAIL;11/9/2025;11:17:00 ìì;Master Card;Tehran;1050805.0
fail;FAIL;5/9/2025;12:34:00 ìì;Visa;Tehran;412308.0
fail;FAIL;5/9/2025;9:00:00 ðì;Visa;Tehran;583952.0
success;SUCCESS;30/9/2025;4:16:00 ìì;Master Card;Ahvaz;583952.0
Success;SUCCESS;8/9/2025;7:51:00 ìì;Master Card;karaj;99999.0
success;SUCCESS;6/9/2025;2:37:00 ðì;Master Card;Tehran;12345.0
success;SUCCESS;15/9/2025;6:12:00 ìì;Master Card;Tabriz;976246.0
success;SUCCESS;16/9/2025;10:48:00 ðì;Master Card;karaj;1387769.0
success;SUCCESS;28/9/2025;10:27:00 ìì;Master Card;Mashhad;123456.0
fail;FAIL;17/9/2025;7:08:00 ðì;Discover;Mashhad;1427657.0
fail;FAIL;8/9/2025;5:17:00 ìì;Master Card;Tabriz;177050.0
fail;FAIL;25/9/2025;9:10:00 ìì;Master Card;Tehran;1000.0
fail;FAIL;2/9/2025;11:59:00 ìì;Discover;Shiraz;850000.0
fail;FAIL;15/9/2025;10:48:00 ðì;Amex;Tabriz;1305967.0
fail;FAIL;18/9/2025;1:10:00 ìì;Discover;Ahvaz;452545.0
fail;FAIL;3/9/2025;11:59:00 ìì;Master Card;Mashhad;100.5
fail;FAIL;17/9/2025;2:30:00 ðì;Visa;Isfahan;123456.0
fail;FAIL;4/9/2025;2:02:00 ìì;Visa;Isfahan;1427657.0
success;SUCCESS;30/9/2025;3:45:00 ìì;Visa;Tehran;1782689.0
success;SUCCESS;4/9/2025;2:00:00 ìì;Visa;Tehran;555555.0
fail;FAIL;14/9/2025;7:51:00 ìì;Amex;Tehran;1387769.0
success;SUCCESS;9/9/2025;7:29:00 ìì;Master Card;Tabriz;200000.0
Success;SUCCESS;25/9/2025;4:16:00 ìì;Visa;Shiraz;1768588.0
fail;FAIL;26/9/2025;1:13:00 ìì;Discover;Mashhad;1387769.0
fail;FAIL;23/9/2025;2:24:00 ðì;Visa;Tabriz;1502601.0
fail;FAIL;30/9/2025;12:00:00 ðì;Discover;Tehran;774681.0
fail;FAIL;18/9/2025;7:07:00 ðì;Master Card;Tehran;1578078.0
fail;FAIL;10/9/2025;6:12:00 ìì;Visa;Ahvaz;1305967.0
fail;FAIL;21/9/2025;5:17:00 ìì;Master Card;karaj;200000.0
success;SUCCESS;12/9/2025;11:59:00 ìì;Discover;Ahvaz;555555.0
success;SUCCESS;27/9/2025;7:08:00 ðì;Master Card;Qom;300000.0
fail;FAIL;8/9/2025;2:37:00 ðì;Master Card;Isfahan;914465.0
fail;FAIL;2/9/2025;6:12:00 ìì;Visa;karaj;177050.0
success;SUCCESS;16/9/2025;8:33:00 ìì;Master Card;Ahvaz;123456.0
FAIL;FAIL;28/9/2025;3:45:00 ìì;Visa;Shiraz;100000.0
success;SUCCESS;2/9/2025;12:00:00 ðì;Master Card;Tehran;850000.0
success;SUCCESS;11/9/2025;2:30:00 ðì;Master Card;Mashhad;1158713.0
fail;FAIL;10/9/2025;9:09:00 ðì;Master Card;Tehran;850000.0
success;SUCCESS;17/9/2025;7:32:00 ðì;Master Card;Tehran;450000.0
fail;FAIL;8/9/2025;3:00:00 ðì;Master Card;Isfahan;976246.0
success;SUCCESS;18/9/2025;9:00:00 ðì;Master Card;Ahvaz;585954.0
fail;FAIL;23/9/2025;3:27:00 ðì;Visa;Tabriz;100000.0
success;SUCCESS;9/9/2025;2:54:00 ðì;Master Card;Tehran;412308.0
success;SUCCESS;8/9/2025;10:48:00 ðì;Discover;Qom;650000.0
success;SUCCESS;28/9/2025;3:27:00 ðì;Amex;Tehran;1000.0
success;SUCCESS;18/9/2025;5:07:00 ìì;Visa;Tehran;1463119.0
fail;FAIL;22/9/2025;2:37:00 ðì;Master Card;karaj;976246.0
fail;FAIL;30/9/2025;5:56:00 ðì;Visa;Tabriz;333333.0
fail;FAIL;20/9/2025;6:12:00 ìì;Master Card;Tehran;50200.0
success;SUCCESS;12/9/2025;9:00:00 ðì;Visa;Isfahan;1768588.0
success;SUCCESS;14/9/2025;7:08:00 ðì;Master Card;Tehran;1502601.0
success;SUCCESS;17/9/2025;12:00:00 ðì;Visa;Tabriz;177050.0
success;SUCCESS;24/9/2025;10:05:00 ðì;Master Card;Tehran;1578078.0
Success;SUCCESS;21/9/2025;4:40:00 ìì;Discover;Tehran;300000.0
success;SUCCESS;3/9/2025;8:08:00 ðì;Discover;Ahvaz;50200.0
success;SUCCESS;26/9/2025;8:33:00 ìì;Master Card;Isfahan;583952.0
success;SUCCESS;30/9/2025;7:08:00 ðì;Master Card;Shiraz;555555.0
fail;FAIL;23/9/2025;2:11:00 ìì;Master Card;Tehran;300000.0
fail;FAIL;17/9/2025;12:34:00 ìì;Visa;Isfahan;343679.0
success;SUCCESS;12/9/2025;2:30:00 ðì;Master Card;Tehran;1463119.0
success;SUCCESS;9/9/2025;10:05:00 ðì;Visa;Qom;976246.0
fail;FAIL;18/9/2025;2:30:00 ðì;Discover;Ahvaz;50200.0
success;SUCCESS;30/9/2025;8:33:00 ìì;Master Card;Tabriz;1578078.0
fail;FAIL;21/9/2025;2:30:00 ðì;Visa;Mashhad;100.5
FAIL;FAIL;30/9/2025;12:00:00 ðì;Master Card;Tehran;914282.0
fail;FAIL;8/9/2025;7:07:00 ðì;Visa;Qom;545116.0
success;SUCCESS;14/9/2025;9:21:00 ìì;Visa;Mashhad;914282.0
success;SUCCESS;8/9/2025;7:08:00 ðì;Master Card;Isfahan;1768588.0
Success;SUCCESS;14/9/2025;9:00:00 ðì;Visa;Tehran;545116.0
success;SUCCESS;7/9/2025;5:23:00 ðì;VISA;Tehran;99999.0
fail;FAIL;23/9/2025;4:40:00 ìì;Master Card;Ahvaz;200000.0
success;SUCCESS;12/9/2025;7:07:00 ðì;Amex;Shiraz;1472823.0
success;SUCCESS;11/9/2025;5:56:00 ðì;Visa;Qom;976246.0
success;SUCCESS;22/9/2025;2:11:00 ìì;Discover;Karaj;177050.0
fail;FAIL;11/9/2025;7:51:00 ìì;Master Card;Tehran;850000.0
Success;SUCCESS;25/9/2025;7:08:00 ðì;Visa;Tabriz;1305967.0
fail;FAIL;22/9/2025;8:08:00 ðì;Amex;Shiraz;1768588.0
success;SUCCESS;28/9/2025;4:40:00 ìì;Master Card;Shiraz;1578078.0
fail;FAIL;29/9/2025;4:04:00 ðì;Master Card;Shiraz;976246.0
success;SUCCESS;18/9/2025;4:04:00 ðì;Amex;Tabriz;1782689.0
fail;FAIL;29/9/2025;5:17:00 ìì;Visa;Qom;650000.0
fail;FAIL;21/9/2025;9:23:00 ìì;Visa;Tehran;63489.0
fail;FAIL;15/9/2025;10:27:00 ìì;Master Card;Isfahan;585954.0
success;SUCCESS;20/9/2025;8:59:00 ðì;Master Card;karaj;300000.0
fail;FAIL;27/9/2025;2:00:00 ìì;Visa;Tabriz;1578078.0
fail;FAIL;18/9/2025;7:32:00 ðì;Amex;Mashhad;471227.0
success;SUCCESS;19/9/2025;7:19:00 ìì;Discover;Shiraz;1387769.0
success;SUCCESS;23/9/2025;3:00:00 ðì;Visa;Tehran;100.5
fail;FAIL;24/9/2025;6:30:00 ðì;Master Card;Tehran;1387769.0
fail;FAIL;12/9/2025;3:45:00 ìì;Master Card;Mashhad;976246.0
fail;FAIL;13/9/2025;9:10:00 ìì;Master Card;Isfahan;1768588.0
success;SUCCESS;11/9/2025;7:07:00 ðì;Master Card;Tehran;177050.0
fail;FAIL;5/9/2025;12:00:00 ðì;Visa;Tehran;914465.0
fail;FAIL;29/9/2025;4:04:00 ðì;Master Card;Tehran;850000.0
fail;FAIL;1/9/2025;2:30:00 ðì;Visa;Karaj;1158713.0
success;SUCCESS;24/9/2025;12:00:00 ðì;Master Card;Tabriz;471227.0
success;SUCCESS;3/9/2025;8:33:00 ìì;Visa;Karaj;419089.0
success;SUCCESS;22/9/2025;2:11:00 ìì;Visa;karaj;1578078.0
Success;SUCCESS;19/9/2025;12:12:00 ìì;Discover;Tabriz;1578078.0
success;SUCCESS;23/9/2025;12:12:00 ìì;Visa;Tehran;976246.0
success;SUCCESS;29/9/2025;4:16:00 ìì;Master Card;Tehran;205000.0
success;SUCCESS;12/9/2025;6:12:00 ìì;Visa;Tehran;976246.0
fail;FAIL;15/9/2025;2:37:00 ðì;Master Card;Ahvaz;1050805.0
success;SUCCESS;25/9/2025;8:59:00 ðì;Visa;Tehran;123456.0
fail;FAIL;15/9/2025;2:11:00 ìì;Visa;Tehran;120000.0
fail;FAIL;8/9/2025;2:37:00 ðì;Master Card;Shiraz;1472823.0
fail;FAIL;8/9/2025;7:07:00 ðì;Master Card;Mashhad;177050.0
fail;FAIL;1/9/2025;2:30:00 ðì;Visa;Qom;177050.0
success;SUCCESS;12/9/2025;11:59:00 ìì;Master Card;Isfahan;585954.0
success;SUCCESS;5/9/2025;6:30:00 ðì;VISA;Tehran;1578078.0
fail;FAIL;3/9/2025;8:59:00 ðì;Visa;Karaj;333333.0
success;SUCCESS;1/9/2025;12:12:00 ìì;Visa;karaj;471227.0
fail;FAIL;4/9/2025;12:00:00 ðì;Master Card;Tehran;555555.0
success;SUCCESS;8/9/2025;3:00:00 ðì;Amex;Isfahan;1463119.0
fail;FAIL;3/9/2025;3:27:00 ðì;Master Card;Qom;1.0
fail;FAIL;10/9/2025;2:11:00 ìì;Discover;Qom;1472823.0
fail;FAIL;2/9/2025;11:11:00 ðì;visa;Qom;5000.0
fail;FAIL;25/9/2025;12:12:00 ìì;Amex;Tehran ;452545.0
success;SUCCESS;10/9/2025;2:55:00 ìì;Discover;Isfahan;177050.0
Success;SUCCESS;14/9/2025;11:59:00 ìì;Amex;Karaj;471227.0
success;SUCCESS;7/9/2025;6:06:00 ðì;Discover;Qom;1502601.0
success;SUCCESS;27/9/2025;2:30:00 ðì;Amex;Isfahan;914282.0
success;SUCCESS;27/9/2025;2:54:00 ðì;Amex;Shiraz;471227.0
fail;FAIL;9/9/2025;7:40:00 ìì;Visa;Qom;1883871.0
success;SUCCESS;16/9/2025;9:23:00 ìì;Master Card;Tabriz;914282.0
fail;FAIL;13/9/2025;11:17:00 ìì;Visa;Mashhad;1782689.0
success;SUCCESS;9/9/2025;8:59:00 ðì;Discover;Tehran;205000.0
fail;FAIL;20/9/2025;9:23:00 ìì;Master Card;Tehran;555555.0
Success;SUCCESS;4/9/2025;7:51:00 ìì;Master Card;Ahvaz;914465.0
success;SUCCESS;22/9/2025;8:20:00 ìì;Master Card;Karaj;471227.0
success;SUCCESS;10/9/2025;11:59:00 ìì;Amex;Tehran;583952.0
success;SUCCESS;26/9/2025;11:59:00 ìì;Visa;Mashhad;200000.0
fail;FAIL;26/9/2025;6:12:00 ìì;Master Card;Tehran;1387769.0
fail;FAIL;12/9/2025;7:19:00 ìì;Master Card;Tabriz;200000.0
fail;FAIL;14/9/2025;2:37:00 ðì;Master Card;karaj;914465.0
FAIL;FAIL;14/9/2025;2:30:00 ðì;Master Card;Tehran;1050805.0
success;SUCCESS;25/9/2025;8:08:00 ðì;Master Card;Ahvaz;1502601.0
success;SUCCESS;2/9/2025;2:00:00 ìì;Master Card;Qom;1463119.0
Success;SUCCESS;21/9/2025;2:55:00 ìì;Master Card;Qom;471227.0
success;SUCCESS;25/9/2025;8:08:00 ðì;Master Card;Tabriz;1883871.0
fail;FAIL;20/9/2025;1:10:00 ìì;Master Card;Tehran;850000.0
FAIL;FAIL;16/9/2025;7:51:00 ìì;Visa;Tehran;123456.0
success;SUCCESS;19/9/2025;2:37:00 ðì;Amex;Tehran;1463119.0
success;SUCCESS;23/9/2025;6:30:00 ðì;Amex;Tehran;177050.0
fail;FAIL;6/9/2025;8:33:00 ìì;Visa;Karaj;177050.0
fail;FAIL;24/9/2025;5:56:00 ðì;Master Card;Tehran;177050.0
fail;FAIL;19/9/2025;3:45:00 ìì;Visa;Tehran ;452545.0
Success;SUCCESS;5/9/2025;4:04:00 ðì;Amex;Isfahan;850000.0
fail;FAIL;26/9/2025;11:11:00 ðì;Master Card;Isfahan;1463119.0
fail;FAIL;4/9/2025;8:08:00 ðì;Master Card;Isfahan;471227.0
success;SUCCESS;15/9/2025;1:13:00 ìì;Discover;karaj;100.5
fail;FAIL;20/9/2025;10:48:00 ðì;Visa;Shiraz;1578078.0
Success;SUCCESS;10/9/2025;1:01:00 ðì;Master Card;Tabriz;200000.0
fail;FAIL;22/9/2025;7:08:00 ðì;Visa;Ahvaz;914282.0
success;SUCCESS;26/9/2025;2:11:00 ìì;Discover;Tehran;914465.0
success;SUCCESS;5/9/2025;4:16:00 ìì;Master Card;Tehran;914465.0
fail;FAIL;6/9/2025;1:13:00 ìì;Amex;Shiraz;583952.0
fail;FAIL;22/9/2025;8:08:00 ðì;Discover;Shiraz;177050.0
fail;FAIL;8/9/2025;10:48:00 ðì;Master Card;Tabriz;850000.0
success;SUCCESS;7/9/2025;4:40:00 ìì;Amex;Tehran;583952.0
success;SUCCESS;10/9/2025;10:05:00 ðì;Master Card;Mashhad;200000.0
success;SUCCESS;6/9/2025;12:44:00 ìì;Visa;Qom;200000.0
fail;FAIL;14/9/2025;2:11:00 ìì;Discover;Qom;914465.0
fail;FAIL;28/9/2025;7:19:00 ìì;Visa;Tehran;545116.0
success;SUCCESS;25/9/2025;8:33:00 ìì;Visa;Tabriz;99999.0
fail;FAIL;13/9/2025;9:23:00 ìì;Visa;Tabriz;250000.0
success;SUCCESS;17/9/2025;7:08:00 ðì;Discover;Tabriz;120000.0
success;SUCCESS;23/9/2025;8:20:00 ìì;Amex;Tehran;1768588.0
fail;FAIL;7/9/2025;10:27:00 ìì;Master Card;Shiraz;177050.0
success;SUCCESS;14/9/2025;3:27:00 ðì;Visa;Mashhad;1050805.0
success;SUCCESS;24/9/2025;6:12:00 ìì;Visa;Tabriz;200000.0
fail;FAIL;5/9/2025;12:34:00 ìì;Amex;Tabriz;585954.0
fail;FAIL;16/9/2025;11:11:00 ðì;Master Card;Tehran;412308.0
success;SUCCESS;26/9/2025;8:08:00 ðì;Discover;Tehran;1782689.0
fail;FAIL;23/9/2025;2:30:00 ðì;Master Card;Qom;120000.0
success;SUCCESS;20/9/2025;2:20:00 ðì;Master Card;Mashhad;200000.0
FAIL;FAIL;4/9/2025;7:40:00 ìì;visa;Tehran;100000.0
fail;FAIL;24/9/2025;6:00:00 ìì;Visa;Tehran;419089.0
success;SUCCESS;30/9/2025;12:00:00 ðì;Visa;Isfahan;1305967.0
success;SUCCESS;24/9/2025;7:32:00 ðì;Discover;Tehran;914465.0
success;SUCCESS;2/9/2025;1:13:00 ìì;Visa;Mashhad;976246.0
fail;FAIL;30/9/2025;7:51:00 ìì;Visa;Shiraz;1305967.0
fail;FAIL;19/9/2025;1:13:00 ìì;Master Card;Qom;583952.0
success;SUCCESS;28/9/2025;9:23:00 ìì;Visa;Isfahan;1387769.0
success;SUCCESS;28/9/2025;2:20:00 ðì;Discover;Tehran;1578078.0
FAIL;FAIL;17/9/2025;7:08:00 ðì;Master Card;Isfahan;914465.0
fail;FAIL;14/9/2025;3:00:00 ðì;Master Card;Tehran;333333.0
success;SUCCESS;19/9/2025;1:51:00 ðì;VISA;Tabriz;583952.0
success;SUCCESS;24/9/2025;9:00:00 ðì;Master Card;Karaj;63489.0
Success;SUCCESS;13/9/2025;2:24:00 ðì;Visa;Karaj;123456.0
success;SUCCESS;12/9/2025;2:54:00 ðì;Discover;Tehran ;914465.0
success;SUCCESS;30/9/2025;1:13:00 ìì;Discover;Tehran;250000.0
success;SUCCESS;21/9/2025;11:17:00 ìì;Visa;Tehran;100.5
success;SUCCESS;4/9/2025;9:10:00 ìì;Visa;Qom;1050805.0
success;SUCCESS;19/9/2025;10:27:00 ìì;Visa;Tehran;100.5
success;SUCCESS;16/9/2025;7:19:00 ìì;Master Card;Karaj;333333.0
success;SUCCESS;13/9/2025;11:17:00 ìì;Master Card;Tehran;100.5
fail;FAIL;30/9/2025;7:07:00 ðì;Master Card;Tehran;12345.0
fail;FAIL;23/9/2025;5:07:00 ìì;Master Card;Mashhad;50200.0
fail;FAIL;23/9/2025;9:23:00 ìì;Visa;Karaj;914465.0
fail;FAIL;18/9/2025;1:01:00 ðì;Master Card;Tehran;585954.0
fail;FAIL;20/9/2025;2:00:00 ìì;Master Card;Isfahan;300000.0
success;SUCCESS;17/9/2025;2:30:00 ðì;Amex;Ahvaz;850000.0
Success;SUCCESS;27/9/2025;7:08:00 ðì;Discover;Mashhad;120000.0
success;SUCCESS;28/9/2025;11:17:00 ìì;Master Card;Tabriz;774681.0
fail;FAIL;27/9/2025;2:30:00 ðì;Visa;Tabriz;1768588.0
fail;FAIL;15/9/2025;4:15:00 ðì;Visa;Isfahan;120000.0
success;SUCCESS;25/9/2025;2:37:00 ðì;Master Card;Tehran;1387769.0
success;SUCCESS;28/9/2025;6:00:00 ìì;Visa;Mashhad;1463119.0
success;SUCCESS;22/9/2025;9:45:00 ðì;Visa;Tehran;1000.0
fail;FAIL;13/9/2025;2:55:00 ìì;Master Card;Qom;583952.0
fail;FAIL;1/9/2025;11:11:00 ðì;Amex;Isfahan;1463119.0
success;SUCCESS;6/9/2025;7:08:00 ðì;Visa;Tehran;100000.0
fail;FAIL;4/9/2025;10:48:00 ðì;Master Card;Shiraz;177050.0
fail;FAIL;16/9/2025;9:10:00 ìì;Visa;Isfahan;1768588.0
fail;FAIL;27/9/2025;11:59:00 ìì;Amex;Karaj;1578078.0
fail;FAIL;15/9/2025;9:10:00 ìì;Visa;Tehran;976246.0
fail;FAIL;6/9/2025;5:07:00 ìì;Discover;Isfahan;1768588.0
fail;FAIL;15/9/2025;9:23:00 ìì;Master Card;Karaj;1427657.0
fail;FAIL;14/9/2025;5:17:00 ìì;Master Card;Karaj;250000.0
fail;FAIL;28/9/2025;7:51:00 ìì;Discover;Tehran;555555.0
fail;FAIL;11/9/2025;12:34:00 ìì;Master Card;Tabriz;123456.0
success;SUCCESS;7/9/2025;1:13:00 ìì;Master Card;Karaj;1883871.0
success;SUCCESS;9/9/2025;7:40:00 ìì;Master Card;Tabriz;419089.0
fail;FAIL;26/9/2025;6:12:00 ìì;Visa;karaj;333333.0
fail;FAIL;16/9/2025;2:00:00 ìì;Amex;Tehran;443463.0
fail;FAIL;5/9/2025;12:34:00 ìì;Visa;Tehran;471227.0
success;SUCCESS;25/9/2025;3:00:00 ðì;visa;Tabriz;583952.0
fail;FAIL;29/9/2025;5:07:00 ìì;Discover;Ahvaz;471227.0
success;SUCCESS;18/9/2025;10:48:00 ðì;Discover;Isfahan;300000.0
success;SUCCESS;3/9/2025;12:12:00 ìì;Amex;karaj;585954.0
Success;SUCCESS;13/9/2025;9:00:00 ðì;Master Card;Tehran;412308.0
success;SUCCESS;11/9/2025;7:51:00 ìì;Visa;Isfahan;1305967.0
success;SUCCESS;30/9/2025;2:20:00 ðì;Master Card;Tehran;443463.0
fail;FAIL;13/9/2025;8:20:00 ìì;Master Card;Ahvaz;177050.0
fail;FAIL;6/9/2025;9:45:00 ðì;Amex;Tehran;200000.0
success;SUCCESS;27/9/2025;5:56:00 ðì;Visa;Ahvaz;412308.0
success;SUCCESS;13/9/2025;2:11:00 ìì;Visa;Tabriz;1387769.0
fail;FAIL;21/9/2025;2:02:00 ìì;Visa;Ahvaz;419089.0
fail;FAIL;19/9/2025;3:00:00 ðì;Amex;Karaj;452545.0
fail;FAIL;3/9/2025;12:12:00 ìì;Master Card;Isfahan;200000.0
fail;FAIL;26/9/2025;11:11:00 ðì;Visa;Tehran;471227.0
success;SUCCESS;29/9/2025;4:16:00 ìì;visa;Qom;976246.0
success;SUCCESS;5/9/2025;7:51:00 ìì;Discover;Tehran;443463.0
fail;FAIL;20/9/2025;8:08:00 ðì;Discover;Tabriz;1472823.0
fail;FAIL;17/9/2025;1:51:00 ðì;Visa;Isfahan;120000.0
Success;SUCCESS;21/9/2025;12:34:00 ìì;Amex;Karaj;250000.0
success;SUCCESS;10/9/2025;1:01:00 ðì;Amex;Shiraz;333333.0
fail;FAIL;5/9/2025;8:33:00 ìì;Visa;Tehran;774681.0
FAIL;FAIL;6/9/2025;8:08:00 ðì;Visa;Tabriz;583952.0
fail;FAIL;26/9/2025;9:21:00 ìì;Visa;Shiraz;1578078.0
fail;FAIL;4/9/2025;3:27:00 ðì;Master Card;Tehran;200000.0
fail;FAIL;7/9/2025;10:05:00 ðì;Visa;Karaj;545116.0
success;SUCCESS;1/9/2025;10:48:00 ðì;Master Card;Tehran;1578078.0
success;SUCCESS;24/9/2025;1:13:00 ìì;Master Card;Isfahan;443463.0
FAIL;FAIL;6/9/2025;7:07:00 ðì;Visa;Karaj;1050805.0
success;SUCCESS;9/9/2025;8:08:00 ðì;Amex;Shiraz;583952.0
fail;FAIL;22/9/2025;4:40:00 ðì;Visa;Tabriz;177050.0
fail;FAIL;28/9/2025;4:16:00 ìì;Master Card;Tehran;1502601.0
success;SUCCESS;12/9/2025;2:11:00 ìì;Visa;Tabriz;1463119.0
fail;FAIL;28/9/2025;2:11:00 ìì;Discover;Tehran;650000.0
fail;FAIL;25/9/2025;5:17:00 ìì;Discover;Karaj;100.5
fail;FAIL;20/9/2025;2:30:00 ìì;Visa;Tabriz;250000.0
fail;FAIL;24/9/2025;1:13:00 ìì;Amex;Mashhad;250000.0
fail;FAIL;25/9/2025;7:07:00 ðì;Visa;Tehran;1305967.0
Success;SUCCESS;21/9/2025;6:30:00 ðì;Discover;Mashhad;471227.0
fail;FAIL;12/9/2025;4:40:00 ðì;Discover;Isfahan;1578078.0
fail;FAIL;10/9/2025;7:08:00 ðì;Master Card;Tehran;850000.0
FAIL;FAIL;30/9/2025;6:30:00 ðì;Visa;Tabriz;177050.0
fail;FAIL;22/9/2025;5:17:00 ìì;Discover;Isfahan;1578078.0
fail;FAIL;28/9/2025;10:48:00 ðì;visa;Tehran;1000.0
success;SUCCESS;7/9/2025;2:54:00 ðì;Visa;Tehran;1578078.0
success;SUCCESS;3/9/2025;7:51:00 ìì;Visa;Tehran;5000.0
success;SUCCESS;14/9/2025;11:59:00 ìì;Master Card;Tehran;205000.0
FAIL;FAIL;24/9/2025;4:40:00 ìì;Master Card;Tehran;1427657.0
fail;FAIL;10/9/2025;5:56:00 ðì;Master Card;Tehran;12345.0
success;SUCCESS;16/9/2025;3:45:00 ìì;Master Card;Karaj;99999.0
fail;FAIL;16/9/2025;2:55:00 ìì;VISA;Karaj;1.0
success;SUCCESS;22/9/2025;10:27:00 ìì;Master Card;Isfahan;583952.0
success;SUCCESS;10/9/2025;7:07:00 ðì;Visa;Tabriz;1427657.0
success;SUCCESS;25/9/2025;11:59:00 ìì;Master Card;Karaj;976246.0
success;SUCCESS;13/9/2025;6:30:00 ðì;Amex;Shiraz;50200.0
fail;FAIL;6/9/2025;12:44:00 ìì;Master Card;Karaj;5000.0
fail;FAIL;12/9/2025;2:55:00 ìì;Amex;Isfahan;100.5
success;SUCCESS;9/9/2025;2:30:00 ðì;Master Card;Tehran;63489.0
success;SUCCESS;13/9/2025;8:08:00 ðì;Master Card;Tehran;343679.0
fail;FAIL;4/9/2025;7:51:00 ìì;Master Card;Tehran;1768588.0
Success;SUCCESS;24/9/2025;6:00:00 ìì;Master Card;Tehran;450000.0
fail;FAIL;11/9/2025;11:59:00 ìì;Discover;Shiraz;585954.0
success;SUCCESS;20/9/2025;4:04:00 ðì;Master Card;Tabriz;1427657.0
success;SUCCESS;26/9/2025;9:23:00 ìì;Visa;Mashhad;343679.0
fail;FAIL;11/9/2025;7:07:00 ðì;Visa;Tehran;471227.0
success;SUCCESS;25/9/2025;8:33:00 ìì;Discover;Shiraz;200000.0
fail;FAIL;21/9/2025;2:11:00 ìì;Visa;Tabriz;914282.0
fail;FAIL;4/9/2025;4:04:00 ðì;Visa;Tehran;1000.0
success;SUCCESS;1/9/2025;1:10:00 ìì;Discover;Mashhad;343679.0
fail;FAIL;27/9/2025;10:27:00 ìì;Master Card;Tehran;1768588.0
fail;FAIL;7/9/2025;1:51:00 ðì;Master Card;Tehran;12345.0
fail;FAIL;15/9/2025;8:20:00 ìì;Master Card;Tabriz;774681.0
Success;SUCCESS;18/9/2025;12:12:00 ìì;Amex;Karaj;419089.0
success;SUCCESS;24/9/2025;9:00:00 ðì;Visa;Ahvaz;585954.0
fail;FAIL;11/9/2025;2:02:00 ìì;Amex;Shiraz;177050.0
success;SUCCESS;20/9/2025;3:27:00 ðì;Visa;Tabriz;914465.0
fail;FAIL;15/9/2025;2:11:00 ìì;Discover;Tehran;100000.0
success;SUCCESS;16/9/2025;5:23:00 ðì;Master Card;Tabriz;450000.0
success;SUCCESS;10/9/2025;9:00:00 ðì;Amex;Tehran;1502601.0
fail;FAIL;12/9/2025;9:00:00 ðì;Visa;Tehran;177050.0
fail;FAIL;25/9/2025;2:11:00 ìì;Master Card;Mashhad;850000.0
success;SUCCESS;5/9/2025;6:06:00 ðì;Discover;Ahvaz;177050.0
fail;FAIL;21/9/2025;2:30:00 ìì;Visa;Tehran;443463.0
fail;FAIL;5/9/2025;10:27:00 ìì;Visa;Tehran;471227.0
fail;FAIL;23/9/2025;2:30:00 ìì;Master Card;Karaj;50200.0
fail;FAIL;26/9/2025;1:13:00 ìì;Master Card;Isfahan;177050.0
success;SUCCESS;24/9/2025;9:10:00 ìì;Visa;Tehran;200000.0
fail;FAIL;19/9/2025;2:24:00 ðì;Master Card;Tabriz;1427657.0
fail;FAIL;19/9/2025;11:11:00 ðì;Visa;Qom;1158713.0
success;SUCCESS;25/9/2025;12:12:00 ìì;Visa;Karaj;976246.0
success;SUCCESS;21/9/2025;7:32:00 ðì;Visa;Tabriz;1463119.0
success;SUCCESS;12/9/2025;4:40:00 ìì;Discover;Qom;850000.0
fail;FAIL;25/9/2025;5:17:00 ìì;Master Card;Isfahan;914282.0
success;SUCCESS;9/9/2025;6:45:00 ìì;Master Card;Tehran;1158713.0
fail;FAIL;1/9/2025;1:13:00 ìì;Amex;Karaj;1883871.0
Success;SUCCESS;18/9/2025;2:11:00 ìì;Master Card;Tehran;583952.0
fail;FAIL;21/9/2025;2:55:00 ìì;Visa;Mashhad;200000.0
Success;SUCCESS;25/9/2025;7:51:00 ìì;Visa;Tehran;120000.0
fail;FAIL;7/9/2025;7:51:00 ìì;Visa;Tehran;1305967.0
success;SUCCESS;22/9/2025;6:06:00 ðì;Master Card;Tabriz;177050.0
fail;FAIL;23/9/2025;4:40:00 ìì;Visa;Tabriz;914465.0
success;SUCCESS;1/9/2025;12:34:00 ìì;Visa;Ahvaz;123456.0
fail;FAIL;17/9/2025;7:51:00 ìì;Amex;Mashhad;50200.0
success;SUCCESS;24/9/2025;2:30:00 ìì;Master Card;Tehran;12345.0
fail;FAIL;28/9/2025;9:23:00 ìì;Discover;Isfahan;585954.0
success;SUCCESS;26/9/2025;7:40:00 ìì;Discover;Tehran;200000.0
fail;FAIL;11/9/2025;6:12:00 ìì;Discover;Mashhad;1427657.0
fail;FAIL;22/9/2025;5:56:00 ðì;Visa;Mashhad;1158713.0
success;SUCCESS;17/9/2025;12:44:00 ìì;Visa;Karaj;1387769.0
Success;SUCCESS;2/9/2025;11:11:00 ðì;Visa;Tehran;1158713.0
fail;FAIL;6/9/2025;2:30:00 ìì;Amex;karaj;850000.0
fail;FAIL;14/9/2025;9:23:00 ìì;Master Card;Tehran;200000.0
fail;FAIL;6/9/2025;4:40:00 ìì;Amex;Isfahan;1502601.0
Success;SUCCESS;1/9/2025;11:11:00 ðì;Visa;karaj;120000.0
success;SUCCESS;21/9/2025;4:40:00 ðì;Visa;Tabriz;1782689.0
fail;FAIL;5/9/2025;1:51:00 ðì;Master Card;Mashhad;650000.0
fail;FAIL;25/9/2025;12:00:00 ðì;Discover;Karaj;100000.0
Success;SUCCESS;2/9/2025;9:00:00 ðì;Visa;Tehran;1.0
fail;FAIL;10/9/2025;1:13:00 ìì;Amex;Qom;343679.0
fail;FAIL;16/9/2025;8:59:00 ðì;Visa;Tabriz;419089.0
success;SUCCESS;29/9/2025;1:51:00 ðì;Master Card;Shiraz;5000.0
fail;FAIL;7/9/2025;7:32:00 ðì;Visa;karaj;177050.0
success;SUCCESS;15/9/2025;2:02:00 ìì;Visa;Tehran;1427657.0
fail;FAIL;8/9/2025;4:40:00 ìì;Visa;Isfahan;177050.0
fail;FAIL;6/9/2025;4:40:00 ìì;Visa;Tehran ;99999.0
success;SUCCESS;27/9/2025;10:48:00 ðì;Visa;Tehran;976246.0
fail;FAIL;3/9/2025;10:48:00 ðì;Amex;Ahvaz;100.5
success;SUCCESS;19/9/2025;1:13:00 ìì;Amex;Ahvaz;583952.0
fail;FAIL;17/9/2025;11:17:00 ìì;Master Card;Tehran;1000.0
Success;SUCCESS;7/9/2025;6:06:00 ðì;Amex;Tehran;1883871.0
success;SUCCESS;20/9/2025;11:11:00 ðì;VISA;Mashhad;650000.0
fail;FAIL;20/9/2025;3:00:00 ðì;Amex;Mashhad;1305967.0
success;SUCCESS;22/9/2025;12:12:00 ìì;Amex;Shiraz;471227.0
success;SUCCESS;15/9/2025;2:24:00 ðì;Visa;Tehran;177050.0
success;SUCCESS;24/9/2025;9:45:00 ðì;Discover;Tabriz;12345.0
success;SUCCESS;8/9/2025;2:37:00 ðì;Visa;Ahvaz;1387769.0
success;SUCCESS;21/9/2025;10:05:00 ðì;Discover;Ahvaz;1782689.0
fail;FAIL;15/9/2025;8:08:00 ðì;Master Card;Tehran;419089.0
success;SUCCESS;22/9/2025;5:23:00 ðì;Master Card;Tehran;123456.0
fail;FAIL;20/9/2025;11:17:00 ìì;Visa;Qom;774681.0
fail;FAIL;28/9/2025;2:20:00 ðì;Discover;Ahvaz;471227.0
success;SUCCESS;27/9/2025;3:00:00 ðì;Master Card;karaj;1578078.0
fail;FAIL;29/9/2025;2:37:00 ðì;Master Card;Shiraz;123456.0
fail;FAIL;9/9/2025;11:11:00 ðì;visa;Shiraz;50200.0
fail;FAIL;8/9/2025;2:00:00 ìì;Master Card;Tehran;100000.0
fail;FAIL;26/9/2025;5:07:00 ìì;Master Card;Tehran;343679.0
success;SUCCESS;28/9/2025;11:11:00 ðì;Visa;Karaj;914282.0
fail;FAIL;26/9/2025;8:20:00 ìì;Master Card;Ahvaz;1883871.0
fail;FAIL;2/9/2025;2:11:00 ìì;Master Card;Qom;1158713.0
success;SUCCESS;24/9/2025;6:00:00 ìì;Master Card;Tehran;1782689.0
fail;FAIL;30/9/2025;12:00:00 ðì;Visa;Shiraz;585954.0
fail;FAIL;12/9/2025;2:02:00 ìì;Visa;Qom;1.0
success;SUCCESS;10/9/2025;5:23:00 ðì;Master Card;Tabriz;976246.0
fail;FAIL;20/9/2025;2:30:00 ðì;Master Card;Isfahan;1782689.0
fail;FAIL;3/9/2025;7:19:00 ìì;Amex;Isfahan;471227.0
fail;FAIL;6/9/2025;2:11:00 ìì;Master Card;Ahvaz;1768588.0
fail;FAIL;7/9/2025;2:37:00 ðì;visa;Isfahan;914465.0
FAIL;FAIL;20/9/2025;12:00:00 ðì;Discover;Tehran;585954.0
success;SUCCESS;27/9/2025;1:13:00 ìì;Master Card;Tehran;976246.0
fail;FAIL;18/9/2025;6:45:00 ìì;Master Card;Shiraz;1463119.0
success;SUCCESS;11/9/2025;1:13:00 ìì;Master Card;Karaj;914282.0
fail;FAIL;5/9/2025;2:00:00 ìì;Discover;Shiraz;99999.0
success;SUCCESS;19/9/2025;1:10:00 ìì;Visa;Tehran;200000.0
success;SUCCESS;11/9/2025;12:44:00 ìì;Master Card;Isfahan;177050.0
success;SUCCESS;24/9/2025;4:40:00 ðì;Master Card;Tehran;100.5
fail;FAIL;12/9/2025;2:00:00 ìì;Discover;Isfahan;1578078.0
success;SUCCESS;10/9/2025;12:00:00 ðì;Master Card;Qom;471227.0
success;SUCCESS;28/9/2025;12:12:00 ìì;Visa;Mashhad;177050.0
success;SUCCESS;28/9/2025;2:11:00 ìì;Discover;Tabriz;1305967.0
success;SUCCESS;9/9/2025;2:00:00 ìì;Amex;Tehran;1050805.0
success;SUCCESS;4/9/2025;7:19:00 ìì;Amex;Tabriz;177050.0
fail;FAIL;21/9/2025;9:21:00 ìì;Visa;Karaj;1768588.0
fail;FAIL;8/9/2025;5:17:00 ìì;Amex;karaj;250000.0
fail;FAIL;9/9/2025;9:10:00 ìì;Master Card;Shiraz;123456.0
success;SUCCESS;16/9/2025;7:08:00 ðì;Visa;Qom;1472823.0
Success;SUCCESS;14/9/2025;8:59:00 ðì;Master Card;Tehran;200000.0
fail;FAIL;8/9/2025;2:55:00 ìì;Master Card;Tehran;850000.0
fail;FAIL;18/9/2025;2:30:00 ðì;Visa;Tehran;1782689.0
fail;FAIL;28/9/2025;7:07:00 ðì;Visa;Mashhad;50200.0
fail;FAIL;6/9/2025;3:45:00 ìì;Master Card;Tehran;205000.0
success;SUCCESS;12/9/2025;2:11:00 ìì;Discover;Tehran;12345.0
success;SUCCESS;2/9/2025;1:13:00 ìì;Discover;Qom;200000.0
fail;FAIL;7/9/2025;3:45:00 ìì;Master Card;Karaj;1305967.0
fail;FAIL;16/9/2025;2:55:00 ìì;Master Card;Tehran;1050805.0
success;SUCCESS;13/9/2025;2:11:00 ìì;Visa;Tehran;63489.0
fail;FAIL;3/9/2025;9:21:00 ìì;Master Card;Mashhad;1463119.0
success;SUCCESS;27/9/2025;1:51:00 ðì;Discover;Tehran;1050805.0
fail;FAIL;18/9/2025;9:10:00 ìì;Master Card;Tehran;1158713.0
Success;SUCCESS;11/9/2025;8:08:00 ðì;Master Card;Isfahan;1.0
fail;FAIL;6/9/2025;7:08:00 ðì;Visa;Isfahan;100000.0
success;SUCCESS;1/9/2025;12:00:00 ðì;Visa;Tabriz;1502601.0
fail;FAIL;28/9/2025;5:07:00 ìì;Amex;Tabriz;123456.0
success;SUCCESS;1/9/2025;3:27:00 ðì;Master Card;Tehran;120000.0
fail;FAIL;23/9/2025;11:11:00 ðì;Visa;Tehran;914465.0
fail;FAIL;5/9/2025;8:08:00 ðì;Master Card;Shiraz;471227.0
success;SUCCESS;28/9/2025;2:24:00 ðì;Master Card;Shiraz;914282.0
success;SUCCESS;16/9/2025;11:11:00 ðì;Master Card;Isfahan;471227.0
Success;SUCCESS;11/9/2025;7:19:00 ìì;Visa;karaj;177050.0
success;SUCCESS;5/9/2025;2:55:00 ìì;Discover;Tehran;471227.0
success;SUCCESS;4/9/2025;7:29:00 ìì;Discover;Tehran;1782689.0
success;SUCCESS;6/9/2025;1:51:00 ðì;Master Card;Shiraz;343679.0
fail;FAIL;22/9/2025;2:02:00 ìì;Visa;Tehran;1782689.0
success;SUCCESS;19/9/2025;2:37:00 ðì;Master Card;Shiraz;12345.0
fail;FAIL;9/9/2025;9:10:00 ìì;Amex;Isfahan;452545.0
Success;SUCCESS;12/9/2025;2:30:00 ðì;Amex;Isfahan;1305967.0
success;SUCCESS;11/9/2025;11:11:00 ðì;visa;Karaj;1782689.0
fail;FAIL;14/9/2025;9:09:00 ðì;Amex;Tehran;205000.0
fail;FAIL;16/9/2025;4:04:00 ðì;Discover;Tehran;1.0
fail;FAIL;13/9/2025;2:30:00 ðì;Master Card;Tehran;1.0
fail;FAIL;21/9/2025;11:59:00 ìì;Visa;Tehran;1463119.0
success;SUCCESS;21/9/2025;2:30:00 ìì;Master Card;Isfahan;914282.0
fail;FAIL;13/9/2025;2:24:00 ðì;Master Card;Tehran;205000.0
FAIL;FAIL;2/9/2025;11:59:00 ìì;Master Card;Isfahan;1502601.0
fail;FAIL;4/9/2025;1:10:00 ìì;Master Card;Tabriz;471227.0
fail;FAIL;28/9/2025;3:00:00 ðì;Master Card;Mashhad;1158713.0
success;SUCCESS;6/9/2025;1:01:00 ðì;VISA;Mashhad;1782689.0
Success;SUCCESS;27/9/2025;7:29:00 ìì;visa;Tehran;850000.0
fail;FAIL;23/9/2025;8:08:00 ðì;Visa;Tehran;177050.0
success;SUCCESS;5/9/2025;8:08:00 ðì;Master Card;Tehran;200000.0
success;SUCCESS;25/9/2025;10:05:00 ðì;Visa;Tehran;1578078.0
fail;FAIL;3/9/2025;12:00:00 ðì;Visa;Qom;1782689.0
success;SUCCESS;1/9/2025;3:45:00 ìì;Visa;Tehran;1463119.0
success;SUCCESS;4/9/2025;4:15:00 ðì;Visa;Ahvaz;99999.0
fail;FAIL;25/9/2025;1:13:00 ìì;Visa;Tabriz;1387769.0
fail;FAIL;20/9/2025;12:00:00 ðì;Visa;Tehran;585954.0
FAIL;FAIL;2/9/2025;7:19:00 ìì;Visa;Tabriz;177050.0
fail;FAIL;30/9/2025;8:08:00 ðì;Master Card;Shiraz;1472823.0
fail;FAIL;30/9/2025;6:00:00 ìì;Master Card;Qom;443463.0
success;SUCCESS;5/9/2025;4:40:00 ðì;Visa;Qom;450000.0
fail;FAIL;3/9/2025;2:11:00 ìì;Visa;Tehran;1782689.0
fail;FAIL;28/9/2025;5:17:00 ìì;visa;Isfahan;1768588.0
success;SUCCESS;29/9/2025;2:11:00 ìì;Amex;Mashhad;200000.0
success;SUCCESS;6/9/2025;6:30:00 ðì;Visa;Isfahan;914465.0
fail;FAIL;18/9/2025;3:27:00 ðì;VISA;Shiraz;850000.0
fail;FAIL;6/9/2025;1:13:00 ìì;Master Card;Tehran;205000.0
fail;FAIL;19/9/2025;3:45:00 ìì;Master Card;Tehran;1578078.0
Success;SUCCESS;12/9/2025;12:00:00 ðì;VISA;Tehran;1000.0
fail;FAIL;25/9/2025;5:23:00 ðì;Visa;Isfahan;343679.0
success;SUCCESS;11/9/2025;7:07:00 ðì;Amex;Tabriz;63489.0
success;SUCCESS;2/9/2025;1:13:00 ìì;Visa;Karaj;300000.0
success;SUCCESS;15/9/2025;12:12:00 ìì;Master Card;Tabriz;850000.0
success;SUCCESS;12/9/2025;9:10:00 ìì;Master Card;Isfahan;120000.0
fail;FAIL;12/9/2025;12:44:00 ìì;Amex;Tehran;1502601.0
Success;SUCCESS;9/9/2025;8:20:00 ìì;Discover;Qom;123456.0
fail;FAIL;2/9/2025;6:06:00 ðì;Amex;Shiraz;471227.0
fail;FAIL;22/9/2025;12:00:00 ðì;Master Card;Mashhad;177050.0
success;SUCCESS;3/9/2025;6:00:00 ìì;Visa;Shiraz;774681.0
success;SUCCESS;12/9/2025;2:11:00 ìì;Amex;Ahvaz;205000.0
success;SUCCESS;28/9/2025;2:37:00 ðì;Visa;Mashhad;555555.0
fail;FAIL;30/9/2025;12:12:00 ìì;Discover;Tehran;343679.0
success;SUCCESS;26/9/2025;7:51:00 ìì;Amex;Tehran;1782689.0
fail;FAIL;21/9/2025;3:27:00 ðì;Amex;Tabriz;1.0
fail;FAIL;28/9/2025;2:20:00 ðì;Visa;Tabriz;545116.0
fail;FAIL;24/9/2025;9:00:00 ðì;Discover;Tehran;50200.0
fail;FAIL;26/9/2025;5:23:00 ðì;Discover;Tabriz;650000.0
success;SUCCESS;30/9/2025;12:00:00 ðì;Amex;Isfahan;419089.0
fail;FAIL;21/9/2025;4:15:00 ðì;Master Card;Tehran;63489.0
fail;FAIL;3/9/2025;5:17:00 ìì;Visa;Tehran;419089.0
success;SUCCESS;20/9/2025;5:56:00 ðì;Discover;Tehran;5000.0
success;SUCCESS;2/9/2025;2:30:00 ìì;Visa;Mashhad;99999.0
fail;FAIL;9/9/2025;11:11:00 ðì;Master Card;Isfahan;63489.0
success;SUCCESS;19/9/2025;7:07:00 ðì;Visa;Tehran;850000.0
fail;FAIL;18/9/2025;1:51:00 ðì;Discover;Tehran;443463.0
success;SUCCESS;11/9/2025;9:23:00 ìì;Visa;Shiraz;333333.0
FAIL;FAIL;25/9/2025;7:51:00 ìì;Discover;Tabriz;120000.0
fail;FAIL;16/9/2025;12:00:00 ðì;Amex;Tehran;5000.0
success;SUCCESS;22/9/2025;8:08:00 ðì;Visa;Tehran;1472823.0
fail;FAIL;5/9/2025;11:59:00 ìì;Discover;Tabriz;200000.0
success;SUCCESS;12/9/2025;10:48:00 ðì;Visa;Mashhad;545116.0
success;SUCCESS;11/9/2025;1:10:00 ìì;Visa;Ahvaz;1502601.0
fail;FAIL;30/9/2025;10:27:00 ìì;Visa;Tehran;585954.0
success;SUCCESS;27/9/2025;1:13:00 ìì;Visa;Ahvaz;200000.0
success;SUCCESS;1/9/2025;1:13:00 ìì;Master Card;Qom;650000.0
fail;FAIL;29/9/2025;9:45:00 ðì;Visa;Tehran;250000.0
fail;FAIL;16/9/2025;1:51:00 ðì;Master Card;Isfahan;177050.0
FAIL;FAIL;2/9/2025;2:30:00 ìì;Master Card;Ahvaz;1768588.0
fail;FAIL;2/9/2025;5:23:00 ðì;Visa;Mashhad;333333.0
success;SUCCESS;3/9/2025;6:00:00 ìì;Master Card;Tehran;471227.0
FAIL;FAIL;8/9/2025;11:11:00 ðì;Visa;karaj;250000.0
fail;FAIL;24/9/2025;8:59:00 ðì;Visa;Tehran;343679.0
success;SUCCESS;28/9/2025;12:34:00 ìì;Discover;Tehran;555555.0
success;SUCCESS;15/9/2025;8:08:00 ðì;Visa;Tabriz;1782689.0
success;SUCCESS;7/9/2025;5:17:00 ìì;Discover;Tehran;976246.0
fail;FAIL;6/9/2025;9:23:00 ìì;Master Card;Tehran;450000.0
fail;FAIL;20/9/2025;9:23:00 ìì;Visa;Isfahan;1502601.0
fail;FAIL;28/9/2025;6:30:00 ðì;Master Card;Tabriz;555555.0
fail;FAIL;1/9/2025;2:24:00 ðì;Discover;Tehran;419089.0
success;SUCCESS;8/9/2025;2:30:00 ìì;Master Card;Tabriz;1472823.0
success;SUCCESS;23/9/2025;7:19:00 ìì;Master Card;Tehran;99999.0
fail;FAIL;23/9/2025;3:00:00 ðì;Master Card;Isfahan;1768588.0
success;SUCCESS;3/9/2025;7:32:00 ðì;Visa;Tehran ;1158713.0
fail;FAIL;26/9/2025;1:51:00 ðì;Visa;Karaj;1387769.0
success;SUCCESS;15/9/2025;4:40:00 ìì;Visa;karaj;1.0
success;SUCCESS;6/9/2025;7:08:00 ðì;Visa;Tehran;1883871.0
Success;SUCCESS;15/9/2025;2:30:00 ìì;Master Card;Tehran ;177050.0
success;SUCCESS;21/9/2025;8:59:00 ðì;Master Card;Tehran;177050.0
fail;FAIL;3/9/2025;1:13:00 ìì;Visa;Tehran;1578078.0
fail;FAIL;25/9/2025;9:21:00 ìì;Discover;Tabriz;914465.0
fail;FAIL;21/9/2025;11:11:00 ðì;Master Card;Isfahan;1387769.0
fail;FAIL;14/9/2025;4:40:00 ìì;Master Card;Shiraz;333333.0
success;SUCCESS;20/9/2025;5:56:00 ðì;Discover;Qom;1000.0
success;SUCCESS;4/9/2025;9:00:00 ðì;Master Card;Ahvaz;774681.0
FAIL;FAIL;17/9/2025;12:12:00 ìì;Visa;Tehran;585954.0
Success;SUCCESS;7/9/2025;6:00:00 ìì;Amex;Isfahan;450000.0
fail;FAIL;9/9/2025;7:40:00 ìì;Master Card;Mashhad;1768588.0
success;SUCCESS;3/9/2025;3:00:00 ðì;Visa;Tehran;450000.0
fail;FAIL;28/9/2025;4:40:00 ðì;Visa;Tehran;177050.0
success;SUCCESS;19/9/2025;5:56:00 ðì;Discover;Qom;250000.0
success;SUCCESS;1/9/2025;1:10:00 ìì;Visa;Isfahan;1387769.0
fail;FAIL;27/9/2025;7:08:00 ðì;Master Card;Mashhad;452545.0
fail;FAIL;27/9/2025;12:34:00 ìì;Discover;Tehran;976246.0
success;SUCCESS;23/9/2025;4:40:00 ðì;Master Card;Tabriz;1578078.0
success;SUCCESS;27/9/2025;7:40:00 ìì;Amex;Mashhad;343679.0
fail;FAIL;2/9/2025;1:13:00 ìì;Discover;Tehran;545116.0
fail;FAIL;14/9/2025;7:51:00 ìì;Amex;Tehran;650000.0
success;SUCCESS;14/9/2025;9:09:00 ðì;Visa;Tehran;1578078.0
success;SUCCESS;21/9/2025;11:11:00 ðì;Master Card;Tabriz;50200.0
success;SUCCESS;8/9/2025;9:23:00 ìì;Discover;Tehran;120000.0
fail;FAIL;30/9/2025;2:11:00 ìì;Visa;karaj;100.5
fail;FAIL;3/9/2025;2:02:00 ìì;Visa;Isfahan;1158713.0
fail;FAIL;19/9/2025;12:44:00 ìì;Master Card;Mashhad;1782689.0
success;SUCCESS;27/9/2025;2:30:00 ðì;Amex;Tehran;177050.0
success;SUCCESS;20/9/2025;12:00:00 ðì;Master Card;Tehran;471227.0
success;SUCCESS;17/9/2025;4:40:00 ìì;Visa;Tehran;914465.0
success;SUCCESS;25/9/2025;4:40:00 ðì;Discover;Tabriz;250000.0
fail;FAIL;8/9/2025;6:12:00 ìì;Amex;Tehran;177050.0
success;SUCCESS;24/9/2025;11:11:00 ðì;Visa;Tehran;1.0
Success;SUCCESS;14/9/2025;7:29:00 ìì;Master Card;Tehran;120000.0
success;SUCCESS;26/9/2025;2:30:00 ðì;visa;Qom;450000.0
success;SUCCESS;6/9/2025;2:24:00 ðì;Master Card;Karaj;471227.0
success;SUCCESS;23/9/2025;12:34:00 ìì;Amex;Ahvaz;850000.0
fail;FAIL;22/9/2025;3:27:00 ðì;Master Card;Tabriz;1578078.0
success;SUCCESS;16/9/2025;2:55:00 ìì;Visa;Tehran;900000.0
fail;FAIL;14/9/2025;7:08:00 ðì;Master Card;Isfahan;1883871.0
success;SUCCESS;3/9/2025;12:12:00 ìì;Visa;Isfahan;1782689.0
fail;FAIL;19/9/2025;8:08:00 ðì;Master Card;Tehran;471227.0
Success;SUCCESS;28/9/2025;3:00:00 ðì;Master Card;Shiraz;583952.0
success;SUCCESS;20/9/2025;7:19:00 ìì;Master Card;Mashhad;583952.0
success;SUCCESS;13/9/2025;3:27:00 ðì;Visa;Tabriz;1463119.0
fail;FAIL;14/9/2025;4:40:00 ìì;Visa;Tabriz;123456.0
success;SUCCESS;9/9/2025;9:00:00 ðì;Visa;Tehran;1463119.0
success;SUCCESS;27/9/2025;6:12:00 ìì;Discover;Tehran;419089.0
fail;FAIL;23/9/2025;8:59:00 ðì;Visa;karaj;914465.0
success;SUCCESS;25/9/2025;10:27:00 ìì;visa;Karaj;250000.0
fail;FAIL;28/9/2025;12:00:00 ðì;Amex;Tehran ;200000.0
success;SUCCESS;19/9/2025;5:17:00 ìì;Master Card;Mashhad;123456.0
success;SUCCESS;20/9/2025;6:45:00 ìì;Master Card;Mashhad;412308.0
fail;FAIL;14/9/2025;7:08:00 ðì;Discover;Tehran;177050.0
success;SUCCESS;24/9/2025;4:40:00 ìì;visa;Tehran;123456.0
fail;FAIL;6/9/2025;10:48:00 ðì;Master Card;Tehran;1782689.0
success;SUCCESS;29/9/2025;6:45:00 ìì;VISA;Tabriz;1.0
success;SUCCESS;4/9/2025;3:00:00 ðì;Visa;Karaj;914465.0
fail;FAIL;8/9/2025;2:24:00 ðì;Discover;Karaj;419089.0
fail;FAIL;17/9/2025;4:40:00 ðì;Discover;Tehran ;1782689.0
fail;FAIL;30/9/2025;6:06:00 ðì;Visa;Tabriz;1502601.0
success;SUCCESS;9/9/2025;11:11:00 ðì;VISA;Tehran;650000.0
fail;FAIL;1/9/2025;5:17:00 ìì;Visa;Shiraz;200000.0
success;SUCCESS;24/9/2025;12:00:00 ðì;Master Card;Mashhad;583952.0
success;SUCCESS;20/9/2025;2:30:00 ðì;Visa;Shiraz;450000.0
success;SUCCESS;25/9/2025;9:23:00 ìì;Discover;Karaj;1387769.0
fail;FAIL;14/9/2025;11:17:00 ìì;Visa;Tehran;650000.0
fail;FAIL;21/9/2025;5:56:00 ðì;Visa;Karaj;1000.0
success;SUCCESS;9/9/2025;7:51:00 ìì;Master Card;Tehran;976246.0
success;SUCCESS;27/9/2025;3:27:00 ðì;Amex;Karaj;333333.0
success;SUCCESS;30/9/2025;8:20:00 ìì;Discover;Tehran;100.5
fail;FAIL;9/9/2025;3:27:00 ðì;Visa;Tehran ;471227.0
success;SUCCESS;4/9/2025;5:23:00 ðì;Visa;karaj;1472823.0
success;SUCCESS;4/9/2025;12:00:00 ðì;Discover;Tehran;120000.0
success;SUCCESS;29/9/2025;12:44:00 ìì;Master Card;Isfahan;200000.0
success;SUCCESS;14/9/2025;7:32:00 ðì;Visa;Tabriz;471227.0
fail;FAIL;9/9/2025;12:12:00 ìì;Visa;Ahvaz;976246.0
success;SUCCESS;24/9/2025;4:40:00 ðì;Visa;Mashhad;412308.0
fail;FAIL;16/9/2025;3:45:00 ìì;VISA;Tehran;1050805.0
fail;FAIL;29/9/2025;11:11:00 ðì;Master Card;Isfahan;120000.0
success;SUCCESS;30/9/2025;9:10:00 ìì;Visa;Qom;343679.0
success;SUCCESS;16/9/2025;1:10:00 ìì;Visa;Tehran;1050805.0
fail;FAIL;12/9/2025;10:48:00 ðì;Visa;Tehran;200000.0
success;SUCCESS;3/9/2025;12:12:00 ìì;Visa;Tabriz;774681.0
success;SUCCESS;11/9/2025;10:48:00 ðì;Master Card;Tehran;1427657.0
FAIL;FAIL;14/9/2025;12:12:00 ìì;Master Card;Tehran;545116.0
success;SUCCESS;21/9/2025;9:00:00 ðì;Discover;Shiraz;343679.0
success;SUCCESS;21/9/2025;10:48:00 ðì;Master Card;Mashhad;343679.0
success;SUCCESS;16/9/2025;2:30:00 ðì;Discover;Qom;774681.0
success;SUCCESS;20/9/2025;11:17:00 ìì;Master Card;karaj;450000.0
success;SUCCESS;5/9/2025;9:09:00 ðì;Visa;karaj;585954.0
fail;FAIL;3/9/2025;7:40:00 ìì;Visa;Karaj;205000.0
success;SUCCESS;12/9/2025;11:59:00 ìì;Visa;Tehran;976246.0
fail;FAIL;21/9/2025;4:15:00 ðì;Master Card;Tehran;1768588.0
success;SUCCESS;9/9/2025;5:23:00 ðì;Discover;Tabriz;583952.0
fail;FAIL;9/9/2025;2:37:00 ðì;Discover;Tehran;63489.0
Success;SUCCESS;4/9/2025;4:40:00 ìì;Visa;karaj;452545.0
fail;FAIL;3/9/2025;4:15:00 ðì;Discover;Tabriz;177050.0
fail;FAIL;17/9/2025;11:59:00 ìì;Master Card;Mashhad;1578078.0
success;SUCCESS;24/9/2025;4:40:00 ìì;Visa;Tehran;1578078.0
success;SUCCESS;1/9/2025;1:51:00 ðì;Visa;Tehran;452545.0
fail;FAIL;8/9/2025;3:45:00 ìì;Visa;Mashhad;100.5
fail;FAIL;23/9/2025;11:59:00 ìì;Master Card;Tehran ;583952.0
fail;FAIL;15/9/2025;1:13:00 ìì;Amex;Tabriz;1782689.0
fail;FAIL;8/9/2025;9:45:00 ðì;Discover;Tehran;412308.0
success;SUCCESS;12/9/2025;6:00:00 ìì;Amex;Qom;99999.0
Success;SUCCESS;22/9/2025;6:12:00 ìì;Visa;Tehran;1472823.0
fail;FAIL;12/9/2025;8:08:00 ðì;Visa;Tabriz;123456.0
fail;FAIL;14/9/2025;2:20:00 ðì;Amex;Tehran;1768588.0
fail;FAIL;15/9/2025;2:30:00 ðì;Master Card;Shiraz;1472823.0
fail;FAIL;19/9/2025;5:17:00 ìì;Master Card;Isfahan;177050.0
success;SUCCESS;26/9/2025;1:51:00 ðì;Master Card;Isfahan;452545.0
success;SUCCESS;20/9/2025;5:17:00 ìì;Visa;Mashhad;250000.0
fail;FAIL;29/9/2025;11:11:00 ðì;Amex;karaj;450000.0
fail;FAIL;22/9/2025;2:11:00 ìì;Master Card;Tehran;50200.0
success;SUCCESS;8/9/2025;7:08:00 ðì;Master Card;Shiraz;100.5
fail;FAIL;21/9/2025;8:08:00 ðì;Master Card;Karaj;450000.0
FAIL;FAIL;19/9/2025;5:56:00 ðì;Discover;Qom;976246.0
fail;FAIL;6/9/2025;6:12:00 ìì;Visa;Tehran;100.5
success;SUCCESS;25/9/2025;6:00:00 ìì;Discover;Shiraz;300000.0
success;SUCCESS;19/9/2025;2:11:00 ìì;Master Card;Karaj;419089.0
success;SUCCESS;4/9/2025;7:19:00 ìì;Master Card;Tehran;585954.0
success;SUCCESS;7/9/2025;2:30:00 ðì;Visa;Tehran;650000.0
fail;FAIL;28/9/2025;5:17:00 ìì;visa;Shiraz;200000.0
fail;FAIL;28/9/2025;3:45:00 ìì;Master Card;Shiraz;250000.0
fail;FAIL;4/9/2025;9:23:00 ìì;Master Card;Tabriz;1463119.0
fail;FAIL;22/9/2025;7:51:00 ìì;Visa;Tehran;250000.0
success;SUCCESS;12/9/2025;4:40:00 ðì;Visa;Tehran;471227.0
success;SUCCESS;3/9/2025;7:51:00 ìì;Discover;Tehran;100.5
success;SUCCESS;12/9/2025;11:11:00 ðì;Discover;Tehran;1050805.0
fail;FAIL;2/9/2025;7:51:00 ìì;Amex;Tabriz;976246.0
fail;FAIL;24/9/2025;6:00:00 ìì;Master Card;Tehran;914465.0
success;SUCCESS;2/9/2025;8:08:00 ðì;Amex;Tabriz;850000.0
fail;FAIL;23/9/2025;11:11:00 ðì;Visa;Tabriz;1578078.0
fail;FAIL;9/9/2025;2:11:00 ìì;Amex;Karaj;914282.0
FAIL;FAIL;1/9/2025;1:13:00 ìì;Visa;Isfahan;200000.0
success;SUCCESS;8/9/2025;7:08:00 ðì;Amex;Tehran;1305967.0
fail;FAIL;23/9/2025;3:27:00 ðì;Amex;Tabriz;914465.0
success;SUCCESS;6/9/2025;2:24:00 ðì;Visa;Shiraz;1050805.0
success;SUCCESS;6/9/2025;7:19:00 ìì;Discover;Isfahan;177050.0
success;SUCCESS;22/9/2025;2:37:00 ðì;Visa;Qom;1782689.0
fail;FAIL;25/9/2025;7:40:00 ìì;Visa;Tabriz;100.5
fail;FAIL;18/9/2025;12:44:00 ìì;Master Card;Mashhad;1387769.0
success;SUCCESS;29/9/2025;6:45:00 ìì;Master Card;Isfahan;100.5
fail;FAIL;12/9/2025;7:29:00 ìì;Master Card;Tehran;1427657.0
fail;FAIL;6/9/2025;2:55:00 ìì;Visa;Mashhad;1.0
fail;FAIL;26/9/2025;4:16:00 ìì;Visa;Karaj;1050805.0
fail;FAIL;27/9/2025;10:48:00 ðì;Visa;Tehran ;1305967.0
fail;FAIL;10/9/2025;12:00:00 ðì;Discover;Tehran;1387769.0
success;SUCCESS;29/9/2025;10:48:00 ðì;Master Card;Tehran;419089.0
success;SUCCESS;17/9/2025;5:07:00 ìì;visa;Tabriz;1578078.0
fail;FAIL;3/9/2025;10:48:00 ðì;Visa;Tabriz;1305967.0
fail;FAIL;3/9/2025;1:10:00 ìì;Visa;Karaj;1782689.0
Success;SUCCESS;16/9/2025;2:00:00 ìì;Amex;Tabriz;1472823.0
fail;FAIL;13/9/2025;12:12:00 ìì;Discover;Tehran;50200.0
Success;SUCCESS;20/9/2025;9:09:00 ðì;Discover;Tehran;1768588.0
fail;FAIL;24/9/2025;6:30:00 ðì;Master Card;Mashhad;177050.0
success;SUCCESS;17/9/2025;1:01:00 ðì;Master Card;karaj;471227.0
success;SUCCESS;29/9/2025;8:08:00 ðì;Master Card;Qom;1768588.0
success;SUCCESS;6/9/2025;4:15:00 ðì;Visa;Shiraz;1472823.0
fail;FAIL;17/9/2025;2:24:00 ðì;Master Card;Qom;5000.0
success;SUCCESS;14/9/2025;2:11:00 ìì;Master Card;Tehran;583952.0
fail;FAIL;17/9/2025;9:10:00 ìì;Visa;Tehran;250000.0
fail;FAIL;8/9/2025;2:11:00 ìì;Discover;Isfahan;300000.0
success;SUCCESS;20/9/2025;10:27:00 ìì;Visa;Tehran;555555.0
fail;FAIL;28/9/2025;11:11:00 ðì;Discover;Ahvaz;177050.0
fail;FAIL;26/9/2025;4:40:00 ìì;Amex;Tabriz;123456.0
fail;FAIL;7/9/2025;7:19:00 ìì;Master Card;Ahvaz;333333.0
fail;FAIL;21/9/2025;1:10:00 ìì;Visa;Mashhad;419089.0
fail;FAIL;21/9/2025;10:48:00 ðì;Amex;Qom;177050.0
fail;FAIL;30/9/2025;2:55:00 ìì;Amex;Tehran;585954.0
success;SUCCESS;10/9/2025;11:11:00 ðì;Master Card;Tehran;419089.0
success;SUCCESS;11/9/2025;5:07:00 ìì;Master Card;Tehran;123456.0
success;SUCCESS;22/9/2025;2:37:00 ðì;Visa;Mashhad;343679.0
fail;FAIL;30/9/2025;1:01:00 ðì;Amex;Shiraz;585954.0
fail;FAIL;24/9/2025;11:11:00 ðì;Amex;Tehran;177050.0
fail;FAIL;5/9/2025;9:45:00 ðì;Amex;Tehran;1427657.0
fail;FAIL;9/9/2025;10:48:00 ðì;Visa;Isfahan;443463.0
success;SUCCESS;17/9/2025;1:13:00 ìì;Discover;Tehran;200000.0
success;SUCCESS;21/9/2025;10:48:00 ðì;Amex;Tehran;976246.0
fail;FAIL;7/9/2025;2:30:00 ìì;Master Card;Mashhad;450000.0
success;SUCCESS;23/9/2025;5:07:00 ìì;Discover;Qom;976246.0
fail;FAIL;9/9/2025;12:12:00 ìì;Discover;Shiraz;250000.0
fail;FAIL;7/9/2025;9:10:00 ìì;Visa;Shiraz;1472823.0
fail;FAIL;13/9/2025;2:20:00 ðì;Discover;Isfahan;177050.0
success;SUCCESS;11/9/2025;6:00:00 ìì;Master Card;Shiraz;1158713.0
fail;FAIL;14/9/2025;12:00:00 ðì;Visa;Tabriz;50200.0
success;SUCCESS;14/9/2025;7:32:00 ðì;Master Card;Tabriz;1768588.0
fail;FAIL;1/9/2025;11:11:00 ðì;Master Card;Mashhad;419089.0
fail;FAIL;8/9/2025;3:27:00 ðì;Discover;Qom;177050.0
fail;FAIL;12/9/2025;12:12:00 ìì;Amex;Isfahan;1.0
Success;SUCCESS;12/9/2025;12:34:00 ìì;Visa;Qom;1768588.0
success;SUCCESS;29/9/2025;2:30:00 ìì;Master Card;Tehran;1768588.0
success;SUCCESS;21/9/2025;1:13:00 ìì;Visa;Tehran ;900000.0
success;SUCCESS;12/9/2025;7:51:00 ìì;Amex;Mashhad;250000.0
fail;FAIL;29/9/2025;7:51:00 ìì;Master Card;Tabriz;1158713.0
success;SUCCESS;1/9/2025;4:16:00 ìì;Visa;Ahvaz;1883871.0
Success;SUCCESS;13/9/2025;6:45:00 ìì;Amex;Tehran;1387769.0
fail;FAIL;7/9/2025;11:17:00 ìì;Master Card;Shiraz;774681.0
Success;SUCCESS;28/9/2025;9:10:00 ìì;Master Card;Tehran;100.5
fail;FAIL;5/9/2025;1:13:00 ìì;VISA;Karaj;1578078.0
success;SUCCESS;25/9/2025;11:59:00 ìì;Master Card;Mashhad;650000.0
success;SUCCESS;14/9/2025;2:30:00 ðì;Master Card;Mashhad;419089.0
Success;SUCCESS;30/9/2025;11:11:00 ðì;Visa;Isfahan;471227.0
fail;FAIL;13/9/2025;3:00:00 ðì;Master Card;Tehran;1782689.0
fail;FAIL;23/9/2025;5:23:00 ðì;Master Card;Mashhad;585954.0
success;SUCCESS;15/9/2025;1:01:00 ðì;Amex;Karaj;100.5
success;SUCCESS;20/9/2025;5:56:00 ðì;Master Card;Shiraz;1578078.0
success;SUCCESS;18/9/2025;5:56:00 ðì;VISA;Tabriz;177050.0
fail;FAIL;2/9/2025;5:56:00 ðì;Amex;Tehran;1578078.0
fail;FAIL;4/9/2025;7:19:00 ìì;Discover;Qom;1427657.0
fail;FAIL;30/9/2025;6:06:00 ðì;Amex;Mashhad;976246.0
fail;FAIL;1/9/2025;6:12:00 ìì;Master Card;Tabriz;50200.0
success;SUCCESS;18/9/2025;7:29:00 ìì;Master Card;Shiraz;120000.0
Success;SUCCESS;5/9/2025;3:27:00 ðì;Discover;Ahvaz;443463.0
success;SUCCESS;19/9/2025;1:13:00 ìì;Amex;Isfahan;177050.0
Success;SUCCESS;15/9/2025;1:10:00 ìì;Master Card;Tehran;200000.0
success;SUCCESS;28/9/2025;2:30:00 ðì;Visa;Isfahan;1883871.0
success;SUCCESS;8/9/2025;2:37:00 ðì;Visa;Mashhad;1578078.0
success;SUCCESS;20/9/2025;4:40:00 ðì;Visa;Tehran;1502601.0
success;SUCCESS;26/9/2025;6:12:00 ìì;Amex;Tehran ;450000.0
fail;FAIL;15/9/2025;7:51:00 ìì;Visa;Mashhad;650000.0
fail;FAIL;9/9/2025;5:17:00 ìì;Visa;Mashhad;471227.0
fail;FAIL;7/9/2025;9:45:00 ðì;Discover;Tabriz;100.5
fail;FAIL;2/9/2025;4:16:00 ìì;Master Card;Isfahan;914282.0
success;SUCCESS;29/9/2025;6:30:00 ðì;Discover;Isfahan;1427657.0
success;SUCCESS;9/9/2025;1:01:00 ðì;Discover;Tehran;1463119.0
Success;SUCCESS;10/9/2025;5:07:00 ìì;Visa;Mashhad;177050.0
success;SUCCESS;19/9/2025;6:12:00 ìì;Discover;Shiraz;1.0
fail;FAIL;11/9/2025;2:37:00 ðì;Visa;Mashhad;419089.0
fail;FAIL;13/9/2025;12:00:00 ðì;Visa;Tehran;200000.0
success;SUCCESS;14/9/2025;2:02:00 ìì;Visa;Isfahan;200000.0
fail;FAIL;18/9/2025;2:24:00 ðì;Amex;Qom;1158713.0
success;SUCCESS;22/9/2025;7:29:00 ìì;Master Card;Isfahan;1387769.0
success;SUCCESS;9/9/2025;4:40:00 ðì;Visa;Karaj;50200.0
success;SUCCESS;25/9/2025;2:54:00 ðì;Discover;Isfahan;5000.0
success;SUCCESS;7/9/2025;9:09:00 ðì;Visa;Tehran;100.5
fail;FAIL;28/9/2025;1:10:00 ìì;Visa;Shiraz;900000.0
success;SUCCESS;3/9/2025;8:33:00 ìì;VISA;Tehran;1768588.0
fail;FAIL;20/9/2025;7:08:00 ðì;Master Card;Mashhad;419089.0
fail;FAIL;6/9/2025;2:00:00 ìì;Visa;Ahvaz;5000.0
success;SUCCESS;21/9/2025;8:33:00 ìì;Master Card;Tehran;450000.0
success;SUCCESS;2/9/2025;12:00:00 ðì;Visa;Ahvaz;200000.0
fail;FAIL;29/9/2025;2:00:00 ìì;Visa;Tehran;343679.0
Success;SUCCESS;6/9/2025;11:59:00 ìì;Amex;Tehran;1000.0
fail;FAIL;16/9/2025;9:09:00 ðì;Master Card;Tabriz;419089.0
fail;FAIL;30/9/2025;9:21:00 ìì;Discover;Qom;471227.0
success;SUCCESS;8/9/2025;1:13:00 ìì;Amex;Ahvaz;200000.0
success;SUCCESS;2/9/2025;5:56:00 ðì;Master Card;Qom;850000.0
fail;FAIL;17/9/2025;9:23:00 ìì;Discover;Isfahan;914465.0
fail;FAIL;9/9/2025;8:08:00 ðì;Master Card;Shiraz;471227.0
fail;FAIL;12/9/2025;11:59:00 ìì;Visa;Karaj;200000.0
success;SUCCESS;3/9/2025;9:23:00 ìì;Master Card;Karaj;1782689.0
fail;FAIL;1/9/2025;2:37:00 ðì;Master Card;Tabriz;419089.0
success;SUCCESS;23/9/2025;7:51:00 ìì;Visa;Ahvaz;200000.0
FAIL;FAIL;15/9/2025;2:20:00 ðì;Visa;Tehran;50200.0
fail;FAIL;26/9/2025;2:30:00 ðì;Visa;Tehran;914465.0
fail;FAIL;21/9/2025;12:00:00 ðì;Amex;Qom;583952.0
fail;FAIL;30/9/2025;12:44:00 ìì;Master Card;Isfahan;250000.0
fail;FAIL;17/9/2025;4:40:00 ìì;Master Card;Tehran ;976246.0
fail;FAIL;25/9/2025;2:24:00 ðì;Master Card;Ahvaz;419089.0
fail;FAIL;23/9/2025;6:06:00 ðì;Master Card;Mashhad;583952.0
success;SUCCESS;24/9/2025;8:08:00 ðì;Discover;Shiraz;1158713.0
success;SUCCESS;6/9/2025;6:45:00 ìì;Visa;Tehran;1050805.0
fail;FAIL;21/9/2025;5:23:00 ðì;Discover;Tabriz;343679.0
success;SUCCESS;22/9/2025;9:21:00 ìì;Master Card;Karaj;1000.0
fail;FAIL;11/9/2025;1:10:00 ìì;Visa;Tehran;1768588.0
success;SUCCESS;4/9/2025;6:45:00 ìì;visa;Mashhad;443463.0
fail;FAIL;3/9/2025;7:51:00 ìì;Master Card;Isfahan;1768588.0
success;SUCCESS;23/9/2025;2:11:00 ìì;Amex;Mashhad;200000.0
fail;FAIL;21/9/2025;9:23:00 ìì;Master Card;Isfahan;300000.0
fail;FAIL;6/9/2025;9:00:00 ðì;Master Card;Karaj;1463119.0
fail;FAIL;30/9/2025;2:02:00 ìì;Master Card;Ahvaz;419089.0
success;SUCCESS;28/9/2025;7:08:00 ðì;Discover;Karaj;1578078.0
success;SUCCESS;2/9/2025;11:11:00 ðì;Master Card;Tehran;1768588.0
fail;FAIL;3/9/2025;6:06:00 ðì;VISA;Mashhad;200000.0
success;SUCCESS;28/9/2025;9:45:00 ðì;Visa;Karaj;63489.0
success;SUCCESS;12/9/2025;7:08:00 ðì;Master Card;Karaj;300000.0
success;SUCCESS;15/9/2025;6:12:00 ìì;Amex;Qom;850000.0
success;SUCCESS;23/9/2025;2:24:00 ðì;Visa;Tabriz;583952.0
success;SUCCESS;8/9/2025;9:45:00 ðì;Amex;Isfahan;177050.0
fail;FAIL;11/9/2025;6:12:00 ìì;Master Card;Tehran;1578078.0
success;SUCCESS;16/9/2025;11:59:00 ìì;Visa;Tehran;1578078.0
success;SUCCESS;26/9/2025;2:02:00 ìì;Visa;Karaj;452545.0
success;SUCCESS;27/9/2025;1:10:00 ìì;Discover;Tehran;1000.0
success;SUCCESS;22/9/2025;7:51:00 ìì;Visa;Shiraz;12345.0
success;SUCCESS;4/9/2025;6:12:00 ìì;Master Card;Isfahan;412308.0
fail;FAIL;28/9/2025;7:08:00 ðì;Visa;Tabriz;100000.0
success;SUCCESS;1/9/2025;10:48:00 ðì;Master Card;Tehran;1050805.0
success;SUCCESS;24/9/2025;1:51:00 ðì;Master Card;Tehran;123456.0
success;SUCCESS;7/9/2025;3:45:00 ìì;Amex;Karaj;5000.0
fail;FAIL;2/9/2025;5:56:00 ðì;Visa;Isfahan;914282.0
success;SUCCESS;24/9/2025;2:24:00 ðì;Amex;Tehran;471227.0
success;SUCCESS;5/9/2025;2:30:00 ðì;Discover;Tehran;555555.0
fail;FAIL;7/9/2025;4:04:00 ðì;Discover;Ahvaz;1.0
fail;FAIL;5/9/2025;11:59:00 ìì;Master Card;Mashhad;900000.0
success;SUCCESS;24/9/2025;2:37:00 ðì;Visa;Tehran;1427657.0
fail;FAIL;1/9/2025;2:00:00 ìì;Master Card;Tehran;914282.0
success;SUCCESS;1/9/2025;3:00:00 ðì;Discover;Mashhad;471227.0
fail;FAIL;15/9/2025;11:59:00 ìì;VISA;Karaj;1502601.0
fail;FAIL;20/9/2025;3:00:00 ðì;VISA;Tehran;1305967.0
success;SUCCESS;19/9/2025;1:51:00 ðì;Discover;Isfahan;976246.0
fail;FAIL;29/9/2025;10:27:00 ìì;Discover;Qom;1463119.0
success;SUCCESS;10/9/2025;7:40:00 ìì;Amex;Isfahan;900000.0
Success;SUCCESS;28/9/2025;11:11:00 ðì;Master Card;Mashhad;450000.0
FAIL;FAIL;18/9/2025;7:29:00 ìì;Visa;Shiraz;1463119.0
fail;FAIL;28/9/2025;2:02:00 ìì;Amex;Isfahan;650000.0
fail;FAIL;3/9/2025;7:51:00 ìì;Discover;Tehran;976246.0
fail;FAIL;15/9/2025;1:01:00 ðì;Discover;Mashhad;333333.0
success;SUCCESS;27/9/2025;7:08:00 ðì;Master Card;Tehran;583952.0
success;SUCCESS;11/9/2025;12:12:00 ìì;Master Card;karaj;914282.0
success;SUCCESS;6/9/2025;2:55:00 ìì;Visa;Mashhad;123456.0
FAIL;FAIL;2/9/2025;2:55:00 ìì;Visa;Karaj;200000.0
Success;SUCCESS;16/9/2025;2:11:00 ìì;Master Card;Tehran;177050.0
success;SUCCESS;20/9/2025;8:59:00 ðì;Discover;Tabriz;250000.0
success;SUCCESS;24/9/2025;1:51:00 ðì;Visa;Tehran;1578078.0
fail;FAIL;12/9/2025;11:11:00 ðì;Visa;Tabriz;100.5
fail;FAIL;1/9/2025;2:54:00 ðì;Master Card;Shiraz;300000.0
fail;FAIL;4/9/2025;2:30:00 ìì;Discover;Tehran;1768588.0
success;SUCCESS;13/9/2025;7:32:00 ðì;Master Card;Tabriz;333333.0
fail;FAIL;18/9/2025;11:11:00 ðì;Master Card;karaj;419089.0
success;SUCCESS;5/9/2025;2:30:00 ðì;Visa;Isfahan;914465.0
fail;FAIL;3/9/2025;6:12:00 ìì;Master Card;Tehran;419089.0
Success;SUCCESS;11/9/2025;9:00:00 ðì;Visa;Tabriz;12345.0
success;SUCCESS;13/9/2025;1:01:00 ðì;Amex;Tehran;976246.0
fail;FAIL;4/9/2025;2:11:00 ìì;Master Card;Mashhad;1463119.0
fail;FAIL;26/9/2025;11:11:00 ðì;Master Card;Tehran;123456.0
fail;FAIL;14/9/2025;2:24:00 ðì;Master Card;Shiraz;177050.0
success;SUCCESS;22/9/2025;7:32:00 ðì;Master Card;Isfahan;5000.0
fail;FAIL;11/9/2025;12:00:00 ðì;Amex;Karaj;1578078.0
fail;FAIL;10/9/2025;2:37:00 ðì;Visa;Tehran ;333333.0
success;SUCCESS;19/9/2025;3:27:00 ðì;Visa;Tehran ;471227.0
fail;FAIL;18/9/2025;2:54:00 ðì;Visa;Ahvaz;250000.0
success;SUCCESS;27/9/2025;8:20:00 ìì;Visa;Tabriz;100.5
fail;FAIL;15/9/2025;4:15:00 ðì;Master Card;Tabriz;471227.0
fail;FAIL;30/9/2025;3:45:00 ìì;Master Card;Isfahan;200000.0
success;SUCCESS;10/9/2025;5:56:00 ðì;Visa;Tabriz;976246.0
fail;FAIL;26/9/2025;9:23:00 ìì;Visa;Tabriz;250000.0
fail;FAIL;29/9/2025;5:23:00 ðì;Amex;Ahvaz;1050805.0
success;SUCCESS;5/9/2025;7:08:00 ðì;Visa;Shiraz;850000.0
fail;FAIL;5/9/2025;1:01:00 ðì;Visa;Tehran;250000.0
fail;FAIL;3/9/2025;12:12:00 ìì;Master Card;Tehran;100.5
fail;FAIL;23/9/2025;9:45:00 ðì;Visa;Tehran ;976246.0
success;SUCCESS;18/9/2025;9:23:00 ìì;Master Card;Tehran;976246.0
fail;FAIL;9/9/2025;2:20:00 ðì;Visa;Tabriz;650000.0
fail;FAIL;17/9/2025;7:07:00 ðì;Amex;Qom;123456.0
fail;FAIL;20/9/2025;8:33:00 ìì;Discover;Tehran;100000.0
success;SUCCESS;17/9/2025;11:11:00 ðì;Discover;Ahvaz;850000.0
FAIL;FAIL;16/9/2025;2:20:00 ðì;Amex;Tabriz;976246.0
fail;FAIL;22/9/2025;2:37:00 ðì;Discover;Ahvaz;100.5
success;SUCCESS;5/9/2025;7:07:00 ðì;Amex;Isfahan;1578078.0
success;SUCCESS;9/9/2025;2:55:00 ìì;Master Card;Qom;1387769.0
fail;FAIL;17/9/2025;2:37:00 ðì;Visa;Qom;1782689.0
fail;FAIL;13/9/2025;7:08:00 ðì;Master Card;Tehran;650000.0
fail;FAIL;2/9/2025;9:23:00 ìì;Discover;Tehran;914465.0
fail;FAIL;13/9/2025;7:32:00 ðì;Amex;Qom;205000.0
fail;FAIL;27/9/2025;2:02:00 ìì;Master Card;Isfahan;555555.0
fail;FAIL;23/9/2025;7:08:00 ðì;Visa;Isfahan;205000.0
fail;FAIL;3/9/2025;12:12:00 ìì;Master Card;Tehran;343679.0
success;SUCCESS;10/9/2025;6:06:00 ðì;Visa;Shiraz;99999.0
fail;FAIL;13/9/2025;4:16:00 ìì;Visa;Qom;343679.0
fail;FAIL;19/9/2025;4:40:00 ðì;Visa;Isfahan;333333.0
fail;FAIL;26/9/2025;3:45:00 ìì;Amex;Mashhad;1427657.0
fail;FAIL;17/9/2025;4:40:00 ìì;Master Card;Isfahan;177050.0
fail;FAIL;21/9/2025;3:00:00 ðì;Visa;Isfahan;976246.0
success;SUCCESS;14/9/2025;10:48:00 ðì;Master Card;Tabriz;419089.0
fail;FAIL;12/9/2025;10:48:00 ðì;Visa;Tehran;471227.0
success;SUCCESS;21/9/2025;9:23:00 ìì;Master Card;Tehran;1768588.0
fail;FAIL;12/9/2025;7:51:00 ìì;Discover;Tehran;1782689.0
success;SUCCESS;7/9/2025;7:19:00 ìì;Visa;Tehran;5000.0
fail;FAIL;19/9/2025;9:00:00 ðì;Master Card;Tehran;412308.0
fail;FAIL;1/9/2025;12:00:00 ðì;Discover;Isfahan;12345.0
Success;SUCCESS;29/9/2025;2:24:00 ðì;Visa;Qom;177050.0
success;SUCCESS;3/9/2025;8:08:00 ðì;Amex;Mashhad;774681.0
fail;FAIL;15/9/2025;12:00:00 ðì;Master Card;Qom;1158713.0
fail;FAIL;4/9/2025;7:51:00 ìì;Master Card;Tehran;1050805.0
success;SUCCESS;29/9/2025;9:09:00 ðì;Discover;Isfahan;583952.0
fail;FAIL;17/9/2025;4:16:00 ìì;Discover;Tehran;1463119.0
success;SUCCESS;3/9/2025;11:11:00 ðì;Master Card;Tehran;200000.0
success;SUCCESS;28/9/2025;7:40:00 ìì;Master Card;Tehran;1782689.0
fail;FAIL;8/9/2025;2:30:00 ðì;Amex;Isfahan;419089.0
fail;FAIL;22/9/2025;8:33:00 ìì;Visa;Tehran;450000.0
fail;FAIL;25/9/2025;6:45:00 ìì;Discover;Shiraz;1578078.0
success;SUCCESS;26/9/2025;9:00:00 ðì;Master Card;Mashhad;200000.0
fail;FAIL;5/9/2025;6:45:00 ìì;Discover;karaj;976246.0
fail;FAIL;21/9/2025;11:59:00 ìì;Visa;Isfahan;100.5
success;SUCCESS;5/9/2025;8:59:00 ðì;Master Card;karaj;1158713.0
success;SUCCESS;4/9/2025;11:11:00 ðì;Discover;Tehran;1427657.0
success;SUCCESS;22/9/2025;5:56:00 ðì;Discover;Tehran;471227.0
fail;FAIL;19/9/2025;12:44:00 ìì;Discover;Tehran;100000.0
fail;FAIL;27/9/2025;12:44:00 ìì;Visa;Shiraz;100.5
success;SUCCESS;11/9/2025;6:45:00 ìì;Master Card;Tehran;12345.0
fail;FAIL;22/9/2025;11:17:00 ìì;Master Card;Tehran;1578078.0
fail;FAIL;15/9/2025;2:24:00 ðì;Amex;Mashhad;471227.0
success;SUCCESS;12/9/2025;9:23:00 ìì;Master Card;Isfahan;1463119.0
success;SUCCESS;22/9/2025;6:30:00 ðì;Discover;Tehran;583952.0
Success;SUCCESS;22/9/2025;4:15:00 ðì;Discover;Isfahan;650000.0
success;SUCCESS;11/9/2025;11:59:00 ìì;Master Card;Tabriz;1387769.0
fail;FAIL;7/9/2025;1:01:00 ðì;Visa;Qom;123456.0
success;SUCCESS;28/9/2025;12:12:00 ìì;Discover;Qom;850000.0
success;SUCCESS;5/9/2025;9:23:00 ìì;Master Card;Tehran;1502601.0
fail;FAIL;17/9/2025;7:32:00 ðì;Visa;Shiraz;585954.0
fail;FAIL;24/9/2025;9:21:00 ìì;Master Card;Ahvaz;1578078.0
fail;FAIL;20/9/2025;2:24:00 ðì;Visa;Shiraz;177050.0
success;SUCCESS;9/9/2025;8:33:00 ìì;Visa;Tehran;100.5
fail;FAIL;14/9/2025;6:30:00 ðì;Discover;Tabriz;585954.0
fail;FAIL;26/9/2025;1:13:00 ìì;Master Card;Tehran;1.0
success;SUCCESS;12/9/2025;8:08:00 ðì;Master Card;Karaj;250000.0
success;SUCCESS;6/9/2025;3:45:00 ìì;Master Card;Tehran;900000.0
fail;FAIL;17/9/2025;10:48:00 ðì;Amex;Tehran;200000.0
fail;FAIL;19/9/2025;10:48:00 ðì;Master Card;Ahvaz;452545.0
fail;FAIL;26/9/2025;2:37:00 ðì;Discover;Tehran;177050.0
success;SUCCESS;16/9/2025;2:30:00 ðì;Amex;Tabriz;585954.0
fail;FAIL;12/9/2025;2:11:00 ìì;Amex;Tehran;123456.0
fail;FAIL;20/9/2025;12:44:00 ìì;Master Card;Mashhad;177050.0
success;SUCCESS;6/9/2025;7:32:00 ðì;Discover;Tabriz;200000.0
fail;FAIL;23/9/2025;11:11:00 ðì;Visa;Ahvaz;343679.0
success;SUCCESS;4/9/2025;12:12:00 ìì;Discover;Mashhad;1387769.0
success;SUCCESS;6/9/2025;7:19:00 ìì;Visa;Tabriz;774681.0
success;SUCCESS;11/9/2025;8:08:00 ðì;Master Card;Qom;200000.0
success;SUCCESS;1/9/2025;2:55:00 ìì;Master Card;Tehran;585954.0
success;SUCCESS;30/9/2025;8:59:00 ðì;Visa;Tehran;419089.0
success;SUCCESS;24/9/2025;11:11:00 ðì;Visa;Tabriz;100.5
success;SUCCESS;23/9/2025;11:11:00 ðì;Amex;Tabriz;850000.0
success;SUCCESS;15/9/2025;1:13:00 ìì;Master Card;Shiraz;1502601.0
fail;FAIL;27/9/2025;11:11:00 ðì;Master Card;Shiraz;1463119.0
Success;SUCCESS;11/9/2025;1:01:00 ðì;Visa;Tabriz;177050.0
success;SUCCESS;19/9/2025;3:00:00 ðì;Visa;Tehran;177050.0
fail;FAIL;18/9/2025;9:00:00 ðì;Master Card;Ahvaz;99999.0
fail;FAIL;17/9/2025;2:37:00 ðì;Amex;Tehran;976246.0
fail;FAIL;21/9/2025;4:16:00 ìì;Visa;Isfahan;774681.0
success;SUCCESS;14/9/2025;11:59:00 ìì;Master Card;Tehran;1768588.0
success;SUCCESS;27/9/2025;2:11:00 ìì;visa;Shiraz;12345.0
success;SUCCESS;28/9/2025;1:13:00 ìì;Visa;Isfahan;100.5
fail;FAIL;19/9/2025;7:51:00 ìì;Discover;Isfahan;1387769.0
fail;FAIL;15/9/2025;7:51:00 ìì;Visa;Tehran;419089.0
success;SUCCESS;4/9/2025;2:11:00 ìì;Discover;Tehran;1387769.0
success;SUCCESS;7/9/2025;12:00:00 ðì;Amex;Shiraz;123456.0
success;SUCCESS;13/9/2025;12:34:00 ìì;Discover;Tehran;555555.0
success;SUCCESS;3/9/2025;11:11:00 ðì;Discover;Tehran;1158713.0
fail;FAIL;9/9/2025;11:59:00 ìì;Discover;Tehran;419089.0
success;SUCCESS;8/9/2025;3:27:00 ðì;Amex;Isfahan;1782689.0
fail;FAIL;20/9/2025;9:23:00 ìì;VISA;Tehran;1305967.0
fail;FAIL;13/9/2025;9:21:00 ìì;Amex;Mashhad;443463.0
fail;FAIL;17/9/2025;7:32:00 ðì;Visa;Tabriz;50200.0
fail;FAIL;17/9/2025;6:45:00 ìì;Visa;Tehran;50200.0
success;SUCCESS;1/9/2025;9:00:00 ðì;Visa;Qom;1883871.0
fail;FAIL;3/9/2025;4:15:00 ðì;Master Card;Qom;419089.0
Success;SUCCESS;5/9/2025;9:21:00 ìì;Discover;karaj;1387769.0
fail;FAIL;13/9/2025;11:11:00 ðì;Discover;Tehran;1782689.0
success;SUCCESS;15/9/2025;8:59:00 ðì;Visa;Tehran;471227.0
success;SUCCESS;14/9/2025;2:02:00 ìì;Amex;Mashhad;976246.0
success;SUCCESS;29/9/2025;7:29:00 ìì;Visa;Tehran;914465.0
success;SUCCESS;23/9/2025;4:16:00 ìì;Master Card;Ahvaz;200000.0
fail;FAIL;22/9/2025;2:37:00 ðì;Visa;Isfahan;100.5
fail;FAIL;29/9/2025;9:23:00 ìì;Amex;Tabriz;914282.0
fail;FAIL;11/9/2025;9:23:00 ìì;Amex;Qom;99999.0
fail;FAIL;3/9/2025;3:00:00 ðì;Visa;Isfahan;1578078.0
fail;FAIL;22/9/2025;1:13:00 ìì;Master Card;Tehran;123456.0
fail;FAIL;10/9/2025;10:05:00 ðì;Visa;Isfahan;1305967.0
fail;FAIL;30/9/2025;6:06:00 ðì;Discover;Tehran;12345.0
fail;FAIL;21/9/2025;9:23:00 ìì;Amex;Tehran;1427657.0
fail;FAIL;12/9/2025;2:02:00 ìì;Master Card;Tehran;1768588.0
fail;FAIL;3/9/2025;12:44:00 ìì;Amex;Tabriz;100.5
fail;FAIL;24/9/2025;12:00:00 ðì;Master Card;Tehran;1782689.0
fail;FAIL;30/9/2025;7:08:00 ðì;Visa;Tehran;914282.0
fail;FAIL;30/9/2025;11:11:00 ðì;Discover;Tabriz;412308.0
success;SUCCESS;15/9/2025;2:37:00 ðì;Master Card;Mashhad;1578078.0
fail;FAIL;19/9/2025;12:44:00 ìì;Amex;Tabriz;1578078.0
success;SUCCESS;18/9/2025;7:29:00 ìì;Visa;Isfahan;976246.0
fail;FAIL;8/9/2025;1:13:00 ìì;Discover;Tabriz;177050.0
success;SUCCESS;8/9/2025;11:59:00 ìì;Master Card;Ahvaz;1883871.0
success;SUCCESS;7/9/2025;1:10:00 ìì;Visa;Tehran;1463119.0
success;SUCCESS;30/9/2025;9:09:00 ðì;Visa;Tehran;443463.0
success;SUCCESS;7/9/2025;5:56:00 ðì;Visa;karaj;1463119.0
success;SUCCESS;3/9/2025;4:04:00 ðì;Amex;Tehran;12345.0
success;SUCCESS;25/9/2025;5:07:00 ìì;Discover;Isfahan;850000.0
success;SUCCESS;5/9/2025;2:37:00 ðì;Amex;karaj;1000.0
fail;FAIL;1/9/2025;3:45:00 ìì;Discover;Shiraz;1463119.0
Success;SUCCESS;5/9/2025;5:56:00 ðì;Discover;Karaj;976246.0
fail;FAIL;13/9/2025;2:30:00 ðì;Master Card;Mashhad;200000.0
fail;FAIL;8/9/2025;4:40:00 ìì;Master Card;Tehran;1782689.0
success;SUCCESS;8/9/2025;11:59:00 ìì;Visa;Tehran;99999.0
Success;SUCCESS;28/9/2025;4:40:00 ðì;Discover;Karaj;250000.0
success;SUCCESS;3/9/2025;7:07:00 ðì;Visa;Isfahan;177050.0
success;SUCCESS;2/9/2025;2:37:00 ðì;Visa;Tehran;1158713.0
fail;FAIL;8/9/2025;2:55:00 ìì;Amex;Tehran;1387769.0
success;SUCCESS;23/9/2025;3:00:00 ðì;Master Card;Shiraz;1502601.0
fail;FAIL;14/9/2025;7:08:00 ðì;Visa;Tehran;914465.0
success;SUCCESS;14/9/2025;3:27:00 ðì;Master Card;Isfahan;200000.0
fail;FAIL;4/9/2025;11:17:00 ìì;Visa;Tehran;123456.0
success;SUCCESS;30/9/2025;9:09:00 ðì;Visa;Mashhad;200000.0
success;SUCCESS;6/9/2025;12:34:00 ìì;Visa;Ahvaz;1782689.0
success;SUCCESS;11/9/2025;2:30:00 ðì;Discover;Tehran;100.5
fail;FAIL;14/9/2025;12:00:00 ðì;Discover;Tehran;583952.0
success;SUCCESS;28/9/2025;8:20:00 ìì;visa;Tehran;412308.0
fail;FAIL;13/9/2025;11:59:00 ìì;Amex;karaj;976246.0
success;SUCCESS;29/9/2025;11:17:00 ìì;Visa;Tehran;300000.0
fail;FAIL;19/9/2025;2:11:00 ìì;Master Card;Tehran;343679.0
fail;FAIL;27/9/2025;7:07:00 ðì;Discover;Tehran;50200.0
fail;FAIL;6/9/2025;2:37:00 ðì;Master Card;Tehran;471227.0
fail;FAIL;2/9/2025;7:07:00 ðì;visa;Mashhad;343679.0
fail;FAIL;8/9/2025;3:27:00 ðì;Visa;Isfahan;1578078.0
success;SUCCESS;17/9/2025;10:05:00 ðì;Visa;Isfahan;419089.0
success;SUCCESS;10/9/2025;2:00:00 ìì;Amex;Tehran;555555.0
Success;SUCCESS;16/9/2025;12:00:00 ðì;Master Card;Tehran;1883871.0
success;SUCCESS;28/9/2025;12:34:00 ìì;Visa;Tehran;177050.0
fail;FAIL;2/9/2025;8:33:00 ìì;Visa;Tabriz;1000.0
fail;FAIL;26/9/2025;6:06:00 ðì;Master Card;Mashhad;177050.0
fail;FAIL;28/9/2025;11:11:00 ðì;Amex;Isfahan;471227.0
success;SUCCESS;2/9/2025;9:00:00 ðì;Master Card;Tehran;1.0
fail;FAIL;7/9/2025;10:48:00 ðì;Master Card;Shiraz;1387769.0
fail;FAIL;24/9/2025;11:11:00 ðì;Discover;Karaj;5000.0
success;SUCCESS;23/9/2025;9:45:00 ðì;Visa;Mashhad;774681.0
fail;FAIL;27/9/2025;3:45:00 ìì;Visa;Tabriz;1883871.0
fail;FAIL;29/9/2025;7:40:00 ìì;Visa;Isfahan;1782689.0
fail;FAIL;7/9/2025;12:00:00 ðì;Master Card;Tabriz;471227.0
Success;SUCCESS;21/9/2025;6:00:00 ìì;Master Card;Tehran;850000.0
fail;FAIL;9/9/2025;9:10:00 ìì;Visa;Tehran;1578078.0
fail;FAIL;21/9/2025;6:30:00 ðì;Master Card;Karaj;1768588.0
success;SUCCESS;13/9/2025;11:11:00 ðì;Discover;Tehran;100.5
fail;FAIL;21/9/2025;7:19:00 ìì;Discover;Shiraz;177050.0
success;SUCCESS;19/9/2025;3:45:00 ìì;Discover;Tehran;250000.0
success;SUCCESS;25/9/2025;8:33:00 ìì;Visa;Tehran;1000.0
success;SUCCESS;17/9/2025;8:20:00 ìì;Visa;Tabriz;1578078.0
success;SUCCESS;23/9/2025;11:11:00 ðì;Visa;Ahvaz;205000.0
success;SUCCESS;23/9/2025;11:59:00 ìì;Discover;Tehran;419089.0
FAIL;FAIL;30/9/2025;3:27:00 ðì;Visa;Tehran;1158713.0
success;SUCCESS;10/9/2025;12:00:00 ðì;Discover;Tehran;1463119.0
fail;FAIL;10/9/2025;10:48:00 ðì;Master Card;karaj;100000.0
fail;FAIL;4/9/2025;1:01:00 ðì;VISA;Isfahan;123456.0
success;SUCCESS;8/9/2025;2:54:00 ðì;Amex;Tabriz;650000.0
fail;FAIL;22/9/2025;1:51:00 ðì;Visa;Tehran;1883871.0
FAIL;FAIL;20/9/2025;2:30:00 ðì;Visa;Tehran ;545116.0
fail;FAIL;18/9/2025;2:55:00 ìì;Discover;Tehran ;1768588.0
fail;FAIL;14/9/2025;4:15:00 ðì;Discover;Tabriz;1782689.0
success;SUCCESS;18/9/2025;6:30:00 ðì;Amex;Tehran ;12345.0
fail;FAIL;28/9/2025;4:15:00 ðì;Discover;Tabriz;1883871.0
fail;FAIL;14/9/2025;3:45:00 ìì;Master Card;Tehran;1782689.0
fail;FAIL;20/9/2025;3:27:00 ðì;visa;Tabriz;1782689.0
fail;FAIL;24/9/2025;8:20:00 ìì;Master Card;Isfahan;1883871.0
success;SUCCESS;15/9/2025;12:12:00 ìì;Amex;Tehran;100.5
fail;FAIL;13/9/2025;2:24:00 ðì;Master Card;Tehran;450000.0
fail;FAIL;23/9/2025;2:54:00 ðì;Discover;Tehran;99999.0
fail;FAIL;8/9/2025;1:51:00 ðì;Master Card;Qom;471227.0
fail;FAIL;18/9/2025;2:30:00 ðì;Master Card;Isfahan;1782689.0
fail;FAIL;23/9/2025;9:45:00 ðì;Visa;Qom;650000.0
success;SUCCESS;14/9/2025;8:08:00 ðì;Master Card;Isfahan;450000.0
fail;FAIL;2/9/2025;2:30:00 ðì;Master Card;Tehran ;650000.0
fail;FAIL;11/9/2025;7:07:00 ðì;Master Card;Shiraz;471227.0
success;SUCCESS;15/9/2025;12:12:00 ìì;Visa;Tabriz;1578078.0
fail;FAIL;25/9/2025;5:56:00 ðì;Master Card;Isfahan;452545.0
fail;FAIL;17/9/2025;10:48:00 ðì;visa;karaj;914465.0
fail;FAIL;29/9/2025;6:06:00 ðì;Master Card;Shiraz;123456.0
fail;FAIL;26/9/2025;3:27:00 ðì;Visa;Qom;850000.0
success;SUCCESS;18/9/2025;1:01:00 ðì;Master Card;Isfahan;914282.0
success;SUCCESS;6/9/2025;2:30:00 ìì;Visa;Ahvaz;63489.0
Success;SUCCESS;17/9/2025;7:19:00 ìì;Visa;Karaj;914282.0
fail;FAIL;18/9/2025;3:00:00 ðì;Master Card;Karaj;471227.0
fail;FAIL;9/9/2025;8:59:00 ðì;Master Card;Tehran;1578078.0
success;SUCCESS;5/9/2025;2:54:00 ðì;Master Card;Qom;177050.0
success;SUCCESS;12/9/2025;8:08:00 ðì;Visa;karaj;100.5
fail;FAIL;25/9/2025;10:48:00 ðì;Visa;Tehran;1.0
fail;FAIL;29/9/2025;10:05:00 ðì;visa;Tehran;555555.0
fail;FAIL;11/9/2025;12:12:00 ìì;Visa;Mashhad;1502601.0
fail;FAIL;1/9/2025;4:16:00 ìì;Discover;Tehran;914465.0
FAIL;FAIL;11/9/2025;2:24:00 ðì;Master Card;Karaj;1782689.0
success;SUCCESS;9/9/2025;2:24:00 ðì;Amex;Tehran;450000.0
fail;FAIL;2/9/2025;2:24:00 ðì;Master Card;Tehran;545116.0
success;SUCCESS;12/9/2025;11:17:00 ìì;Visa;Qom;250000.0
success;SUCCESS;4/9/2025;9:23:00 ìì;Discover;Tabriz;1578078.0
fail;FAIL;4/9/2025;8:08:00 ðì;VISA;Karaj;1883871.0
success;SUCCESS;18/9/2025;7:51:00 ìì;Visa;Tehran;1578078.0
fail;FAIL;15/9/2025;1:13:00 ìì;Master Card;Tehran;1502601.0
fail;FAIL;13/9/2025;5:23:00 ðì;Visa;Isfahan;100.5
Success;SUCCESS;19/9/2025;9:21:00 ìì;Discover;karaj;1502601.0
success;SUCCESS;6/9/2025;8:08:00 ðì;Visa;Tehran;419089.0
success;SUCCESS;16/9/2025;3:45:00 ìì;Amex;karaj;5000.0
fail;FAIL;24/9/2025;2:37:00 ðì;visa;Qom;976246.0
success;SUCCESS;12/9/2025;11:59:00 ìì;Amex;Mashhad;100.5
success;SUCCESS;19/9/2025;2:02:00 ìì;Master Card;Tehran;976246.0
fail;FAIL;5/9/2025;8:08:00 ðì;Visa;Karaj;914465.0
fail;FAIL;26/9/2025;12:44:00 ìì;Master Card;Tabriz;1387769.0
fail;FAIL;23/9/2025;1:01:00 ðì;visa;Tehran;583952.0
success;SUCCESS;29/9/2025;6:45:00 ìì;Discover;Shiraz;1387769.0
success;SUCCESS;1/9/2025;2:24:00 ðì;Master Card;Tehran;1502601.0
success;SUCCESS;28/9/2025;2:20:00 ðì;Amex;Karaj;1.0
success;SUCCESS;25/9/2025;12:34:00 ìì;Master Card;Ahvaz;5000.0
success;SUCCESS;24/9/2025;2:11:00 ìì;Visa;Tabriz;1.0
success;SUCCESS;23/9/2025;8:20:00 ìì;Visa;Qom;545116.0
FAIL;FAIL;10/9/2025;2:11:00 ìì;Master Card;Mashhad;205000.0
Success;SUCCESS;15/9/2025;12:34:00 ìì;Visa;Qom;1472823.0
success;SUCCESS;23/9/2025;2:24:00 ðì;Master Card;Qom;333333.0
success;SUCCESS;11/9/2025;3:00:00 ðì;Visa;Karaj;412308.0
fail;FAIL;13/9/2025;2:11:00 ìì;Visa;Tehran;1883871.0
success;SUCCESS;5/9/2025;4:15:00 ðì;Amex;Tehran;50200.0
fail;FAIL;1/9/2025;9:23:00 ìì;Visa;Mashhad;200000.0
success;SUCCESS;12/9/2025;12:12:00 ìì;Discover;Tehran;1578078.0
fail;FAIL;11/9/2025;9:23:00 ìì;Visa;Mashhad;471227.0
success;SUCCESS;25/9/2025;2:37:00 ðì;Amex;Tabriz;63489.0
fail;FAIL;30/9/2025;9:09:00 ðì;Visa;Ahvaz;900000.0
success;SUCCESS;9/9/2025;3:27:00 ðì;Amex;Tabriz;1050805.0
success;SUCCESS;21/9/2025;9:21:00 ìì;Master Card;Mashhad;177050.0
fail;FAIL;20/9/2025;8:33:00 ìì;Visa;Tehran;850000.0
fail;FAIL;19/9/2025;2:02:00 ìì;Visa;Ahvaz;333333.0
fail;FAIL;19/9/2025;12:12:00 ìì;Master Card;Ahvaz;1768588.0
fail;FAIL;12/9/2025;11:11:00 ðì;Visa;Tehran;1.0
fail;FAIL;5/9/2025;10:05:00 ðì;Amex;Tehran;99999.0
success;SUCCESS;17/9/2025;2:37:00 ðì;Visa;Isfahan;1883871.0
fail;FAIL;16/9/2025;11:11:00 ðì;Amex;Isfahan;583952.0
success;SUCCESS;9/9/2025;4:40:00 ìì;Visa;Tabriz;1502601.0
fail;FAIL;3/9/2025;1:10:00 ìì;Visa;Tehran;1427657.0
fail;FAIL;15/9/2025;7:32:00 ðì;Master Card;Qom;650000.0
fail;FAIL;16/9/2025;10:48:00 ðì;Amex;karaj;583952.0
success;SUCCESS;18/9/2025;9:09:00 ðì;Visa;Mashhad;250000.0
fail;FAIL;14/9/2025;2:30:00 ðì;Amex;Ahvaz;585954.0
success;SUCCESS;3/9/2025;2:02:00 ìì;Visa;Tehran;1782689.0
fail;FAIL;12/9/2025;10:27:00 ìì;Master Card;Ahvaz;976246.0
success;SUCCESS;9/9/2025;2:54:00 ðì;Discover;Mashhad;583952.0
fail;FAIL;28/9/2025;3:45:00 ìì;Discover;Mashhad;1.0
success;SUCCESS;7/9/2025;7:19:00 ìì;VISA;Tehran;333333.0
fail;FAIL;9/9/2025;2:20:00 ðì;Master Card;Karaj;1050805.0
success;SUCCESS;13/9/2025;7:51:00 ìì;Discover;Tehran;412308.0
success;SUCCESS;18/9/2025;10:05:00 ðì;Visa;Tehran;1782689.0
fail;FAIL;5/9/2025;12:00:00 ðì;Visa;Tehran;177050.0
fail;FAIL;13/9/2025;1:51:00 ðì;Visa;Tehran;100000.0
Success;SUCCESS;2/9/2025;2:30:00 ðì;Visa;Tabriz;914282.0
Success;SUCCESS;9/9/2025;2:11:00 ìì;Amex;Tabriz;1472823.0
fail;FAIL;9/9/2025;9:09:00 ðì;Discover;Mashhad;1463119.0
fail;FAIL;6/9/2025;6:12:00 ìì;Master Card;Mashhad;1883871.0
success;SUCCESS;11/9/2025;11:11:00 ðì;Visa;Isfahan;343679.0
success;SUCCESS;22/9/2025;9:10:00 ìì;Master Card;karaj;177050.0
fail;FAIL;1/9/2025;12:44:00 ìì;Master Card;Tehran;585954.0
fail;FAIL;13/9/2025;12:34:00 ìì;Visa;Tabriz;443463.0
success;SUCCESS;2/9/2025;7:40:00 ìì;Discover;Shiraz;419089.0
success;SUCCESS;9/9/2025;7:51:00 ìì;Visa;Ahvaz;471227.0
success;SUCCESS;8/9/2025;3:00:00 ðì;Discover;Mashhad;583952.0
success;SUCCESS;7/9/2025;11:59:00 ìì;Discover;Tehran;1768588.0
fail;FAIL;18/9/2025;7:08:00 ðì;Master Card;karaj;343679.0
success;SUCCESS;3/9/2025;11:11:00 ðì;Discover;Isfahan;12345.0
fail;FAIL;28/9/2025;12:12:00 ìì;Amex;Ahvaz;900000.0
success;SUCCESS;6/9/2025;12:00:00 ðì;Visa;Tabriz;12345.0
fail;FAIL;12/9/2025;12:34:00 ìì;VISA;Karaj;850000.0
success;SUCCESS;1/9/2025;2:00:00 ìì;Visa;Tabriz;1472823.0
success;SUCCESS;4/9/2025;6:12:00 ìì;Discover;Tabriz;120000.0
success;SUCCESS;3/9/2025;10:48:00 ðì;Master Card;Tabriz;1050805.0
success;SUCCESS;13/9/2025;5:23:00 ðì;Master Card;Shiraz;100.5
fail;FAIL;22/9/2025;2:24:00 ðì;Master Card;Isfahan;850000.0
fail;FAIL;22/9/2025;3:27:00 ðì;Discover;Tehran;1472823.0
fail;FAIL;21/9/2025;6:06:00 ðì;Amex;Tehran;100000.0
fail;FAIL;15/9/2025;12:44:00 ìì;Amex;Shiraz;1883871.0
fail;FAIL;21/9/2025;10:48:00 ðì;Master Card;Isfahan;471227.0
fail;FAIL;10/9/2025;7:40:00 ìì;Visa;Shiraz;545116.0
success;SUCCESS;14/9/2025;11:11:00 ðì;Master Card;Tehran;555555.0
success;SUCCESS;6/9/2025;9:23:00 ìì;Master Card;Tehran;100.5
success;SUCCESS;24/9/2025;4:04:00 ðì;Master Card;karaj;1.0
fail;FAIL;2/9/2025;3:00:00 ðì;Discover;Tehran;1472823.0
fail;FAIL;22/9/2025;9:21:00 ìì;visa;Tehran;1578078.0
success;SUCCESS;4/9/2025;11:17:00 ìì;Master Card;Tehran;1305967.0
FAIL;FAIL;14/9/2025;8:59:00 ðì;Master Card;Qom;120000.0
fail;FAIL;10/9/2025;3:27:00 ðì;Master Card;Tehran;914282.0
FAIL;FAIL;3/9/2025;6:00:00 ìì;Visa;Shiraz;1158713.0
fail;FAIL;25/9/2025;8:08:00 ðì;Visa;Mashhad;1305967.0
fail;FAIL;3/9/2025;4:15:00 ðì;Amex;Tabriz;123456.0
success;SUCCESS;15/9/2025;11:11:00 ðì;Visa;Tehran ;5000.0
success;SUCCESS;6/9/2025;6:30:00 ðì;Visa;Tehran;200000.0
success;SUCCESS;17/9/2025;4:04:00 ðì;Master Card;Tehran;1050805.0
fail;FAIL;12/9/2025;9:23:00 ìì;Master Card;Tehran;100.5
fail;FAIL;22/9/2025;9:45:00 ðì;visa;Isfahan;976246.0
fail;FAIL;20/9/2025;3:45:00 ìì;Master Card;Isfahan;100.5
Success;SUCCESS;24/9/2025;6:12:00 ìì;Master Card;Karaj;1050805.0
fail;FAIL;29/9/2025;7:08:00 ðì;Discover;Tabriz;471227.0
success;SUCCESS;25/9/2025;2:55:00 ìì;Visa;Ahvaz;443463.0
fail;FAIL;4/9/2025;2:02:00 ìì;Visa;Ahvaz;177050.0
success;SUCCESS;26/9/2025;4:40:00 ìì;Visa;Tehran;471227.0
fail;FAIL;28/9/2025;4:40:00 ðì;Master Card;Mashhad;343679.0
fail;FAIL;26/9/2025;3:45:00 ìì;Visa;Tehran;419089.0
success;SUCCESS;6/9/2025;8:08:00 ðì;Visa;Tabriz;1883871.0
fail;FAIL;20/9/2025;12:00:00 ðì;Amex;Mashhad;200000.0
fail;FAIL;23/9/2025;11:11:00 ðì;Master Card;Tehran;300000.0
fail;FAIL;28/9/2025;7:08:00 ðì;Master Card;Mashhad;100.5
success;SUCCESS;17/9/2025;6:00:00 ìì;Discover;Tehran;412308.0
fail;FAIL;8/9/2025;2:37:00 ðì;Visa;Tehran;1578078.0
fail;FAIL;28/9/2025;11:59:00 ìì;Master Card;Tehran;343679.0
fail;FAIL;26/9/2025;7:40:00 ìì;Amex;Tehran;250000.0
success;SUCCESS;12/9/2025;2:30:00 ðì;Discover;Tehran;12345.0
fail;FAIL;22/9/2025;10:48:00 ðì;visa;Tabriz;200000.0
success;SUCCESS;21/9/2025;6:30:00 ðì;Visa;Qom;1768588.0
fail;FAIL;10/9/2025;5:23:00 ðì;Visa;Tabriz;63489.0
fail;FAIL;27/9/2025;6:12:00 ìì;Visa;Isfahan;100.5
fail;FAIL;15/9/2025;9:21:00 ìì;Visa;Tehran;200000.0
fail;FAIL;30/9/2025;2:11:00 ìì;Discover;Tehran;1578078.0
success;SUCCESS;9/9/2025;6:06:00 ðì;Master Card;Isfahan;976246.0
fail;FAIL;5/9/2025;7:08:00 ðì;Amex;Qom;914282.0
success;SUCCESS;6/9/2025;2:55:00 ìì;Visa;Karaj;471227.0
success;SUCCESS;7/9/2025;12:00:00 ðì;Visa;karaj;333333.0
Success;SUCCESS;21/9/2025;2:11:00 ìì;Visa;Mashhad;177050.0
fail;FAIL;25/9/2025;6:06:00 ðì;Discover;Tehran;1000.0
fail;FAIL;1/9/2025;1:01:00 ðì;Master Card;Ahvaz;976246.0
fail;FAIL;26/9/2025;9:10:00 ìì;Discover;Tabriz;1472823.0
success;SUCCESS;7/9/2025;8:33:00 ìì;Discover;Shiraz;1578078.0
success;SUCCESS;25/9/2025;12:12:00 ìì;Visa;Isfahan;1578078.0
Success;SUCCESS;12/9/2025;7:29:00 ìì;Visa;Tehran;177050.0
success;SUCCESS;16/9/2025;6:06:00 ðì;Discover;Tehran;1463119.0
success;SUCCESS;4/9/2025;3:45:00 ìì;Visa;Mashhad;914282.0
fail;FAIL;13/9/2025;9:45:00 ðì;Master Card;Shiraz;200000.0
success;SUCCESS;7/9/2025;6:00:00 ìì;Visa;Tehran;583952.0
success;SUCCESS;4/9/2025;8:33:00 ìì;Visa;Ahvaz;419089.0
Success;SUCCESS;15/9/2025;9:10:00 ìì;Amex;Tehran;1050805.0
success;SUCCESS;19/9/2025;11:11:00 ðì;Master Card;Mashhad;333333.0
success;SUCCESS;9/9/2025;12:00:00 ðì;Master Card;Tabriz;177050.0
fail;FAIL;11/9/2025;10:05:00 ðì;Master Card;Ahvaz;12345.0
success;SUCCESS;23/9/2025;10:48:00 ðì;Master Card;Tehran;976246.0
success;SUCCESS;25/9/2025;5:17:00 ìì;Master Card;Tehran;1463119.0
fail;FAIL;24/9/2025;2:20:00 ðì;Visa;Isfahan;976246.0
fail;FAIL;8/9/2025;6:30:00 ðì;Discover;Mashhad;419089.0
fail;FAIL;27/9/2025;2:30:00 ðì;Amex;Tehran;5000.0
fail;FAIL;4/9/2025;3:00:00 ðì;Visa;Tehran;205000.0
success;SUCCESS;8/9/2025;12:44:00 ìì;Amex;Qom;1000.0
success;SUCCESS;3/9/2025;8:08:00 ðì;Master Card;Tehran;12345.0
fail;FAIL;29/9/2025;2:00:00 ìì;Discover;Isfahan;1768588.0
fail;FAIL;29/9/2025;6:06:00 ðì;Master Card;Isfahan;1782689.0
Success;SUCCESS;28/9/2025;9:10:00 ìì;Master Card;Mashhad;583952.0
fail;FAIL;13/9/2025;6:30:00 ðì;Master Card;Mashhad;343679.0
fail;FAIL;15/9/2025;2:55:00 ìì;Amex;Tabriz;443463.0
success;SUCCESS;28/9/2025;11:59:00 ìì;Amex;Ahvaz;1463119.0
success;SUCCESS;23/9/2025;6:12:00 ìì;Amex;Ahvaz;333333.0
success;SUCCESS;12/9/2025;9:45:00 ðì;Visa;Qom;200000.0
fail;FAIL;26/9/2025;2:30:00 ìì;Discover;Tehran;333333.0
FAIL;FAIL;8/9/2025;12:12:00 ìì;Discover;Qom;333333.0
Success;SUCCESS;23/9/2025;11:11:00 ðì;Discover;Tehran;471227.0
fail;FAIL;5/9/2025;9:00:00 ðì;Discover;Tabriz;850000.0
fail;FAIL;20/9/2025;6:06:00 ðì;Visa;Ahvaz;63489.0
success;SUCCESS;18/9/2025;9:09:00 ðì;Visa;Shiraz;471227.0
fail;FAIL;11/9/2025;1:01:00 ðì;Master Card;Tehran;1387769.0
success;SUCCESS;15/9/2025;1:13:00 ìì;Master Card;Tehran;443463.0
Success;SUCCESS;17/9/2025;8:08:00 ðì;Discover;Tehran;545116.0
success;SUCCESS;26/9/2025;6:12:00 ìì;Amex;Tehran;1883871.0
success;SUCCESS;12/9/2025;7:40:00 ìì;Amex;Tehran;63489.0
FAIL;FAIL;7/9/2025;9:00:00 ðì;Amex;Karaj;1768588.0
success;SUCCESS;10/9/2025;6:45:00 ìì;Discover;Tehran;1000.0
fail;FAIL;26/9/2025;1:13:00 ìì;Visa;Tabriz;650000.0
fail;FAIL;25/9/2025;6:06:00 ðì;Visa;Isfahan;1463119.0
fail;FAIL;10/9/2025;5:17:00 ìì;Master Card;Tehran;914282.0
fail;FAIL;27/9/2025;12:00:00 ðì;Discover;Ahvaz;1578078.0
fail;FAIL;13/9/2025;5:56:00 ðì;Master Card;Tehran;914282.0
success;SUCCESS;19/9/2025;8:08:00 ðì;Discover;karaj;1578078.0
fail;FAIL;13/9/2025;2:11:00 ìì;Discover;Isfahan;63489.0
fail;FAIL;21/9/2025;2:55:00 ìì;visa;Tehran;12345.0
success;SUCCESS;8/9/2025;4:04:00 ðì;Amex;Tabriz;976246.0
fail;FAIL;4/9/2025;6:12:00 ìì;Master Card;Tehran;850000.0
fail;FAIL;15/9/2025;7:19:00 ìì;Amex;Isfahan;100.5
Success;SUCCESS;28/9/2025;6:12:00 ìì;Amex;Tehran;1463119.0
fail;FAIL;11/9/2025;6:06:00 ðì;Amex;Tehran;200000.0
success;SUCCESS;11/9/2025;7:29:00 ìì;Master Card;karaj;200000.0
FAIL;FAIL;1/9/2025;2:11:00 ìì;Visa;Shiraz;914282.0
fail;FAIL;17/9/2025;1:13:00 ìì;Visa;Tehran;1463119.0
success;SUCCESS;15/9/2025;10:27:00 ìì;Master Card;Tehran;450000.0
fail;FAIL;20/9/2025;9:21:00 ìì;Amex;Tehran ;774681.0
fail;FAIL;6/9/2025;8:33:00 ìì;Master Card;Tehran;1578078.0
success;SUCCESS;24/9/2025;2:02:00 ìì;Visa;Mashhad;419089.0
FAIL;FAIL;22/9/2025;2:30:00 ìì;Master Card;Tabriz;343679.0
success;SUCCESS;28/9/2025;2:00:00 ìì;Visa;Isfahan;1578078.0
Success;SUCCESS;25/9/2025;4:40:00 ìì;Master Card;Shiraz;914282.0
fail;FAIL;9/9/2025;2:55:00 ìì;Master Card;Karaj;205000.0
success;SUCCESS;18/9/2025;5:17:00 ìì;Visa;Tabriz;5000.0
success;SUCCESS;26/9/2025;12:44:00 ìì;Master Card;Isfahan;1.0
fail;FAIL;17/9/2025;8:33:00 ìì;Discover;Tehran;412308.0
success;SUCCESS;20/9/2025;2:30:00 ðì;Master Card;Tabriz;177050.0
Success;SUCCESS;24/9/2025;11:11:00 ðì;Master Card;Tehran;583952.0
fail;FAIL;1/9/2025;4:16:00 ìì;Visa;Tabriz;1578078.0
success;SUCCESS;6/9/2025;2:02:00 ìì;Master Card;Tehran;914465.0
fail;FAIL;27/9/2025;4:16:00 ìì;Discover;Qom;100.5
fail;FAIL;2/9/2025;6:06:00 ðì;Visa;Tehran;200000.0
success;SUCCESS;15/9/2025;6:12:00 ìì;Visa;Tehran;1578078.0
success;SUCCESS;29/9/2025;11:11:00 ðì;Amex;Tabriz;1768588.0
fail;FAIL;6/9/2025;12:12:00 ìì;Master Card;Tabriz;452545.0
fail;FAIL;30/9/2025;7:51:00 ìì;Visa;Tehran;100.5
success;SUCCESS;18/9/2025;1:10:00 ìì;Master Card;Tehran;12345.0
Success;SUCCESS;14/9/2025;2:24:00 ðì;Amex;Isfahan;450000.0
success;SUCCESS;10/9/2025;7:08:00 ðì;Master Card;Tehran;914282.0
success;SUCCESS;14/9/2025;1:13:00 ìì;Visa;Qom;650000.0
success;SUCCESS;13/9/2025;7:40:00 ìì;Master Card;Tabriz;1.0
success;SUCCESS;30/9/2025;2:24:00 ðì;Master Card;Ahvaz;1050805.0
fail;FAIL;6/9/2025;12:44:00 ìì;Visa;Tehran;1578078.0
success;SUCCESS;29/9/2025;1:10:00 ìì;visa;Isfahan;1387769.0
Success;SUCCESS;8/9/2025;10:48:00 ðì;Master Card;Tehran;545116.0
success;SUCCESS;13/9/2025;5:07:00 ìì;Visa;Isfahan;914465.0
fail;FAIL;12/9/2025;2:02:00 ìì;Discover;Mashhad;585954.0
fail;FAIL;1/9/2025;7:32:00 ðì;Visa;Qom;900000.0
success;SUCCESS;17/9/2025;4:40:00 ðì;Discover;Tabriz;452545.0
fail;FAIL;13/9/2025;1:13:00 ìì;Discover;Ahvaz;585954.0
success;SUCCESS;18/9/2025;5:23:00 ðì;Master Card;Qom;585954.0
success;SUCCESS;11/9/2025;10:48:00 ðì;Visa;Tehran;650000.0
success;SUCCESS;12/9/2025;7:40:00 ìì;Master Card;Tehran;120000.0
success;SUCCESS;6/9/2025;1:51:00 ðì;Visa;karaj;177050.0
success;SUCCESS;9/9/2025;11:11:00 ðì;Visa;Ahvaz;555555.0
success;SUCCESS;4/9/2025;9:23:00 ìì;Visa;Tehran;900000.0
success;SUCCESS;3/9/2025;4:40:00 ðì;Visa;Qom;1782689.0
Success;SUCCESS;28/9/2025;4:15:00 ðì;Discover;Mashhad;1782689.0
success;SUCCESS;24/9/2025;7:51:00 ìì;Master Card;Tehran;12345.0
fail;FAIL;26/9/2025;9:23:00 ìì;Visa;Karaj;300000.0
fail;FAIL;30/9/2025;7:32:00 ðì;Visa;Isfahan;333333.0
fail;FAIL;25/9/2025;6:00:00 ìì;Visa;Tabriz;419089.0
fail;FAIL;11/9/2025;9:45:00 ðì;Visa;Tehran;100.5
success;SUCCESS;5/9/2025;1:13:00 ìì;Master Card;Tabriz;452545.0
success;SUCCESS;25/9/2025;2:30:00 ìì;Master Card;Tehran;850000.0
success;SUCCESS;18/9/2025;9:45:00 ðì;Amex;Mashhad;200000.0
success;SUCCESS;19/9/2025;7:07:00 ðì;Master Card;Mashhad;250000.0
fail;FAIL;23/9/2025;3:27:00 ðì;Amex;Ahvaz;123456.0
success;SUCCESS;23/9/2025;7:08:00 ðì;Visa;Mashhad;976246.0
fail;FAIL;6/9/2025;6:45:00 ìì;Discover;Mashhad;471227.0
fail;FAIL;22/9/2025;8:08:00 ðì;Master Card;Tabriz;123456.0
fail;FAIL;18/9/2025;12:00:00 ðì;Visa;Tehran;471227.0
success;SUCCESS;26/9/2025;9:10:00 ìì;Master Card;Tehran;99999.0
success;SUCCESS;6/9/2025;7:32:00 ðì;Master Card;Tehran;850000.0
success;SUCCESS;4/9/2025;2:55:00 ìì;Master Card;Mashhad;850000.0
fail;FAIL;12/9/2025;4:40:00 ðì;Master Card;Tehran;12345.0
fail;FAIL;19/9/2025;2:37:00 ðì;Discover;Isfahan;177050.0
fail;FAIL;29/9/2025;10:48:00 ðì;Amex;Tehran;177050.0
fail;FAIL;27/9/2025;7:51:00 ìì;Discover;Tehran;12345.0
fail;FAIL;2/9/2025;7:08:00 ðì;Discover;Qom;1463119.0
fail;FAIL;17/9/2025;12:00:00 ðì;Amex;Tehran;1158713.0
success;SUCCESS;11/9/2025;11:11:00 ðì;Master Card;Shiraz;585954.0
FAIL;FAIL;11/9/2025;4:40:00 ìì;Master Card;karaj;914282.0
success;SUCCESS;21/9/2025;12:44:00 ìì;Master Card;Qom;343679.0
fail;FAIL;16/9/2025;2:30:00 ðì;Discover;Tabriz;1782689.0
fail;FAIL;2/9/2025;9:10:00 ìì;Discover;Tehran;1578078.0
fail;FAIL;23/9/2025;2:00:00 ìì;Amex;Karaj;250000.0
success;SUCCESS;13/9/2025;7:29:00 ìì;Visa;Mashhad;471227.0
success;SUCCESS;10/9/2025;5:17:00 ìì;Amex;Tehran;200000.0
success;SUCCESS;8/9/2025;2:54:00 ðì;Master Card;Tabriz;100000.0
success;SUCCESS;30/9/2025;12:12:00 ìì;Visa;karaj;200000.0
success;SUCCESS;4/9/2025;5:17:00 ìì;Master Card;Mashhad;123456.0
success;SUCCESS;15/9/2025;12:44:00 ìì;Master Card;Tehran ;914465.0
success;SUCCESS;1/9/2025;3:27:00 ðì;Master Card;Ahvaz;976246.0
fail;FAIL;11/9/2025;11:11:00 ðì;Visa;Tabriz;1768588.0
fail;FAIL;7/9/2025;5:56:00 ðì;Visa;Tabriz;250000.0
FAIL;FAIL;17/9/2025;7:08:00 ðì;Amex;Tabriz;419089.0
fail;FAIL;24/9/2025;2:37:00 ðì;Visa;Karaj;1000.0
fail;FAIL;18/9/2025;8:59:00 ðì;Master Card;Tehran;50200.0
fail;FAIL;22/9/2025;4:16:00 ìì;Visa;karaj;99999.0
fail;FAIL;29/9/2025;9:23:00 ìì;Visa;Qom;100000.0
success;SUCCESS;22/9/2025;2:55:00 ìì;Visa;Tehran;177050.0
fail;FAIL;12/9/2025;6:12:00 ìì;Visa;Tehran;1427657.0
fail;FAIL;5/9/2025;2:02:00 ìì;Visa;Tehran;177050.0
fail;FAIL;10/9/2025;6:12:00 ìì;visa;Tehran;205000.0
success;SUCCESS;4/9/2025;7:07:00 ðì;Master Card;Tehran;1782689.0
FAIL;FAIL;5/9/2025;2:55:00 ìì;Master Card;Tabriz;850000.0
success;SUCCESS;28/9/2025;9:10:00 ìì;Discover;Qom;443463.0
success;SUCCESS;28/9/2025;8:20:00 ìì;Amex;Mashhad;250000.0
success;SUCCESS;10/9/2025;9:21:00 ìì;Amex;Tehran;914282.0
success;SUCCESS;11/9/2025;6:30:00 ðì;Discover;Isfahan;774681.0
fail;FAIL;21/9/2025;8:08:00 ðì;Visa;Tehran;120000.0
fail;FAIL;24/9/2025;10:27:00 ìì;Visa;Tehran;1427657.0
fail;FAIL;10/9/2025;7:19:00 ìì;Visa;Qom;452545.0
fail;FAIL;28/9/2025;1:13:00 ìì;Visa;Shiraz;1050805.0
fail;FAIL;2/9/2025;2:11:00 ìì;Master Card;Karaj;1427657.0
Success;SUCCESS;23/9/2025;11:11:00 ðì;Visa;Tehran;585954.0
fail;FAIL;16/9/2025;6:00:00 ìì;Visa;Tehran;1472823.0
fail;FAIL;22/9/2025;3:27:00 ðì;Visa;Tehran;1782689.0
success;SUCCESS;27/9/2025;12:00:00 ðì;Master Card;Shiraz;443463.0
success;SUCCESS;25/9/2025;12:00:00 ðì;Master Card;Karaj;1305967.0
success;SUCCESS;3/9/2025;7:40:00 ìì;Discover;Mashhad;583952.0
success;SUCCESS;12/9/2025;11:17:00 ìì;Master Card;Karaj;419089.0
FAIL;FAIL;13/9/2025;7:07:00 ðì;Amex;Mashhad;12345.0
success;SUCCESS;13/9/2025;7:08:00 ðì;Visa;Tehran;850000.0
fail;FAIL;4/9/2025;6:00:00 ìì;Visa;Tabriz;1387769.0
success;SUCCESS;22/9/2025;2:00:00 ìì;Visa;Mashhad;1050805.0
fail;FAIL;24/9/2025;10:27:00 ìì;Master Card;Tehran;450000.0
fail;FAIL;2/9/2025;11:17:00 ìì;Visa;Tabriz;914282.0
success;SUCCESS;19/9/2025;9:23:00 ìì;VISA;Tehran ;471227.0
fail;FAIL;1/9/2025;9:09:00 ðì;Visa;karaj;1.0
success;SUCCESS;7/9/2025;10:05:00 ðì;Visa;Isfahan;914465.0
fail;FAIL;17/9/2025;8:08:00 ðì;Visa;Ahvaz;100.5
fail;FAIL;20/9/2025;2:20:00 ðì;Amex;Tehran;450000.0
success;SUCCESS;20/9/2025;12:00:00 ðì;Master Card;Shiraz;333333.0
success;SUCCESS;21/9/2025;2:11:00 ìì;Amex;Tehran;1502601.0
fail;FAIL;30/9/2025;5:07:00 ìì;Amex;Tabriz;100.5
fail;FAIL;3/9/2025;10:27:00 ìì;Visa;Tehran;471227.0
success;SUCCESS;17/9/2025;1:01:00 ðì;Visa;Tehran;1427657.0
success;SUCCESS;27/9/2025;7:29:00 ìì;Visa;Tabriz;177050.0
fail;FAIL;26/9/2025;7:08:00 ðì;visa;Tabriz;1000.0
fail;FAIL;14/9/2025;1:13:00 ìì;Visa;Tehran;1578078.0
fail;FAIL;17/9/2025;6:45:00 ìì;Master Card;Shiraz;452545.0
fail;FAIL;13/9/2025;9:21:00 ìì;Discover;Tehran;100.5
fail;FAIL;20/9/2025;9:45:00 ðì;Master Card;Tabriz;914465.0
fail;FAIL;29/9/2025;8:08:00 ðì;Discover;Ahvaz;100.5
Success;SUCCESS;20/9/2025;2:37:00 ðì;Discover;Tehran;1578078.0
success;SUCCESS;21/9/2025;2:37:00 ðì;Visa;Tehran;914465.0
fail;FAIL;27/9/2025;1:10:00 ìì;Visa;Tehran;914465.0
fail;FAIL;18/9/2025;8:08:00 ðì;Discover;Ahvaz;443463.0
fail;FAIL;4/9/2025;9:23:00 ìì;Discover;Tabriz;850000.0
success;SUCCESS;1/9/2025;5:23:00 ðì;visa;Tehran;976246.0
fail;FAIL;18/9/2025;10:27:00 ìì;Discover;Mashhad;177050.0
fail;FAIL;1/9/2025;4:40:00 ìì;Master Card;Tehran;177050.0
fail;FAIL;13/9/2025;11:59:00 ìì;Discover;Tehran;12345.0
fail;FAIL;20/9/2025;4:40:00 ðì;Visa;Ahvaz;900000.0
fail;FAIL;23/9/2025;4:16:00 ìì;Discover;Tehran;976246.0
success;SUCCESS;10/9/2025;4:40:00 ìì;Master Card;Tabriz;1883871.0
fail;FAIL;11/9/2025;6:45:00 ìì;Visa;karaj;50200.0
fail;FAIL;5/9/2025;7:19:00 ìì;Discover;Tehran;914282.0
fail;FAIL;26/9/2025;7:29:00 ìì;Amex;Tehran;250000.0
fail;FAIL;1/9/2025;5:23:00 ðì;Discover;Tabriz;1463119.0
fail;FAIL;17/9/2025;2:30:00 ðì;Amex;karaj;914465.0
fail;FAIL;22/9/2025;7:32:00 ðì;Master Card;Tehran;50200.0
success;SUCCESS;2/9/2025;6:00:00 ìì;Visa;Qom;585954.0
fail;FAIL;24/9/2025;1:13:00 ìì;Discover;Mashhad;583952.0
success;SUCCESS;13/9/2025;3:00:00 ðì;Visa;Tabriz;450000.0
fail;FAIL;9/9/2025;2:00:00 ìì;Visa;Shiraz;333333.0
success;SUCCESS;29/9/2025;12:44:00 ìì;Amex;Mashhad;850000.0
fail;FAIL;4/9/2025;8:08:00 ðì;Master Card;Isfahan;177050.0
success;SUCCESS;5/9/2025;3:45:00 ìì;Visa;Karaj;471227.0
success;SUCCESS;24/9/2025;7:51:00 ìì;visa;Shiraz;1305967.0
fail;FAIL;19/9/2025;7:32:00 ðì;Visa;Tehran;1000.0
success;SUCCESS;3/9/2025;12:34:00 ìì;Master Card;Isfahan;63489.0
fail;FAIL;12/9/2025;6:12:00 ìì;Visa;Ahvaz;443463.0
success;SUCCESS;19/9/2025;7:08:00 ðì;VISA;Tabriz;177050.0
success;SUCCESS;19/9/2025;12:00:00 ðì;Visa;Karaj;300000.0
fail;FAIL;13/9/2025;2:30:00 ìì;Visa;Isfahan;419089.0
success;SUCCESS;28/9/2025;12:44:00 ìì;Discover;karaj;850000.0
fail;FAIL;7/9/2025;3:27:00 ðì;Visa;Tabriz;205000.0
success;SUCCESS;23/9/2025;7:51:00 ìì;Visa;Qom;1387769.0
success;SUCCESS;7/9/2025;7:08:00 ðì;Master Card;Isfahan;1768588.0
fail;FAIL;26/9/2025;11:11:00 ðì;Visa;Isfahan;850000.0
fail;FAIL;8/9/2025;9:00:00 ðì;Master Card;Isfahan;1.0
fail;FAIL;5/9/2025;2:11:00 ìì;Master Card;Tehran;300000.0
success;SUCCESS;21/9/2025;7:40:00 ìì;Master Card;Tehran;63489.0
success;SUCCESS;14/9/2025;2:30:00 ìì;Visa;Tabriz;1305967.0
success;SUCCESS;4/9/2025;3:00:00 ðì;Discover;Mashhad;50200.0
fail;FAIL;23/9/2025;4:16:00 ìì;Visa;Isfahan;100.5
fail;FAIL;20/9/2025;7:07:00 ðì;Visa;Qom;914465.0
success;SUCCESS;15/9/2025;7:19:00 ìì;Amex;Tehran;976246.0
fail;FAIL;18/9/2025;2:02:00 ìì;Discover;Tabriz;976246.0
success;SUCCESS;20/9/2025;9:23:00 ìì;Amex;Tehran;1768588.0
success;SUCCESS;13/9/2025;11:59:00 ìì;Master Card;Mashhad;585954.0
fail;FAIL;29/9/2025;11:17:00 ìì;Master Card;Tehran;1768588.0
fail;FAIL;8/9/2025;2:24:00 ðì;Master Card;Tabriz;443463.0
fail;FAIL;9/9/2025;2:24:00 ðì;Master Card;Mashhad;1050805.0
fail;FAIL;16/9/2025;2:37:00 ðì;Visa;Tehran;12345.0
success;SUCCESS;19/9/2025;3:45:00 ìì;Master Card;Mashhad;976246.0
success;SUCCESS;16/9/2025;12:00:00 ðì;Master Card;Isfahan;914465.0
success;SUCCESS;7/9/2025;11:59:00 ìì;Master Card;Tehran;100.5
fail;FAIL;25/9/2025;11:11:00 ðì;Amex;Qom;100000.0
success;SUCCESS;27/9/2025;2:37:00 ðì;Discover;Tehran;471227.0
fail;FAIL;4/9/2025;4:40:00 ìì;Master Card;Isfahan;471227.0
fail;FAIL;26/9/2025;4:16:00 ìì;Amex;Qom;100.5
fail;FAIL;3/9/2025;4:40:00 ðì;Master Card;Qom;976246.0
success;SUCCESS;5/9/2025;6:00:00 ìì;Master Card;Tehran;545116.0
fail;FAIL;1/9/2025;2:02:00 ìì;Visa;Ahvaz;583952.0
fail;FAIL;3/9/2025;2:30:00 ðì;Visa;Tehran;1768588.0
success;SUCCESS;15/9/2025;3:45:00 ìì;Amex;Tehran;443463.0
success;SUCCESS;27/9/2025;1:13:00 ìì;Master Card;Tabriz;450000.0
FAIL;FAIL;8/9/2025;11:11:00 ðì;Visa;Tehran;100000.0
success;SUCCESS;29/9/2025;2:02:00 ìì;Visa;Karaj;300000.0
fail;FAIL;4/9/2025;9:45:00 ðì;Amex;Tehran;650000.0
success;SUCCESS;2/9/2025;2:30:00 ðì;Master Card;Mashhad;200000.0
fail;FAIL;29/9/2025;12:12:00 ìì;Discover;Tehran;1387769.0
fail;FAIL;24/9/2025;7:51:00 ìì;Master Card;Qom;1768588.0
success;SUCCESS;24/9/2025;2:30:00 ðì;Visa;Mashhad;1387769.0
fail;FAIL;10/9/2025;10:48:00 ðì;Visa;Tehran;250000.0
fail;FAIL;3/9/2025;2:02:00 ìì;Amex;Tehran;583952.0
fail;FAIL;17/9/2025;2:37:00 ðì;Visa;Karaj;412308.0
fail;FAIL;23/9/2025;11:59:00 ìì;Master Card;Qom;471227.0
fail;FAIL;21/9/2025;2:30:00 ðì;Master Card;Qom;200000.0
fail;FAIL;24/9/2025;5:17:00 ìì;Visa;Isfahan;976246.0
fail;FAIL;20/9/2025;10:48:00 ðì;Discover;Qom;1305967.0
fail;FAIL;13/9/2025;11:11:00 ðì;Visa;Tehran;1578078.0
fail;FAIL;5/9/2025;7:40:00 ìì;Amex;Tehran ;452545.0
fail;FAIL;30/9/2025;1:01:00 ðì;VISA;Tabriz;914465.0
success;SUCCESS;21/9/2025;11:11:00 ðì;Master Card;Mashhad;443463.0
fail;FAIL;30/9/2025;3:27:00 ðì;visa;Tehran;100.5
success;SUCCESS;9/9/2025;6:00:00 ìì;Master Card;Qom;177050.0
success;SUCCESS;25/9/2025;3:27:00 ðì;Master Card;Isfahan;123456.0
fail;FAIL;29/9/2025;2:37:00 ðì;Visa;Tabriz;177050.0
Success;SUCCESS;25/9/2025;12:00:00 ðì;Visa;Tehran;1782689.0
fail;FAIL;28/9/2025;2:37:00 ðì;Master Card;Isfahan;471227.0
fail;FAIL;6/9/2025;3:27:00 ðì;Discover;Mashhad;1158713.0
fail;FAIL;5/9/2025;11:59:00 ìì;Master Card;Tehran;100000.0
fail;FAIL;7/9/2025;9:23:00 ìì;Visa;Tehran;1578078.0
fail;FAIL;7/9/2025;7:08:00 ðì;Discover;Tehran;452545.0
fail;FAIL;21/9/2025;9:10:00 ìì;Visa;Tehran;300000.0
success;SUCCESS;29/9/2025;11:11:00 ðì;Visa;Tabriz;471227.0
fail;FAIL;20/9/2025;4:40:00 ìì;Amex;Mashhad;1883871.0
fail;FAIL;3/9/2025;12:12:00 ìì;Visa;Tehran;914465.0
success;SUCCESS;4/9/2025;11:11:00 ðì;Amex;Shiraz;976246.0
success;SUCCESS;12/9/2025;6:45:00 ìì;Master Card;Tehran;583952.0
fail;FAIL;6/9/2025;12:12:00 ìì;Master Card;Tehran;100000.0
success;SUCCESS;19/9/2025;2:02:00 ìì;Visa;Tehran;412308.0
success;SUCCESS;4/9/2025;5:56:00 ðì;Master Card;Karaj;471227.0
success;SUCCESS;15/9/2025;7:19:00 ìì;Amex;Tehran;1782689.0
success;SUCCESS;5/9/2025;6:00:00 ìì;Visa;Isfahan;1782689.0
fail;FAIL;13/9/2025;3:00:00 ðì;Visa;Isfahan;1883871.0
fail;FAIL;23/9/2025;10:48:00 ðì;Visa;Shiraz;1387769.0
fail;FAIL;26/9/2025;6:00:00 ìì;Amex;Tehran;200000.0
fail;FAIL;18/9/2025;8:33:00 ìì;Amex;Tehran;205000.0
fail;FAIL;30/9/2025;9:00:00 ðì;Visa;Karaj;1782689.0
success;SUCCESS;5/9/2025;2:00:00 ìì;Discover;Tabriz;177050.0
fail;FAIL;25/9/2025;11:17:00 ìì;Visa;Qom;1578078.0
fail;FAIL;16/9/2025;10:48:00 ðì;Visa;Karaj;177050.0
success;SUCCESS;27/9/2025;2:37:00 ðì;Amex;Karaj;1158713.0
success;SUCCESS;19/9/2025;2:20:00 ðì;Visa;Tehran;1387769.0
fail;FAIL;25/9/2025;3:27:00 ðì;Amex;Tehran;976246.0
success;SUCCESS;16/9/2025;11:11:00 ðì;Visa;Qom;976246.0
success;SUCCESS;27/9/2025;12:12:00 ìì;Master Card;Tabriz;123456.0
success;SUCCESS;15/9/2025;12:44:00 ìì;Master Card;Tehran;200000.0
success;SUCCESS;22/9/2025;1:13:00 ìì;Visa;Karaj;343679.0
success;SUCCESS;4/9/2025;2:30:00 ðì;Visa;Tabriz;5000.0
Success;SUCCESS;7/9/2025;1:13:00 ìì;Master Card;Tehran;1768588.0
fail;FAIL;16/9/2025;6:30:00 ðì;Master Card;Tabriz;914465.0
fail;FAIL;24/9/2025;11:59:00 ìì;Visa;Tehran;850000.0
fail;FAIL;21/9/2025;3:45:00 ìì;Master Card;Shiraz;12345.0
success;SUCCESS;22/9/2025;5:56:00 ðì;Discover;Karaj;585954.0
success;SUCCESS;21/9/2025;12:00:00 ðì;Master Card;Mashhad;300000.0
fail;FAIL;27/9/2025;2:30:00 ðì;Master Card;Qom;471227.0
success;SUCCESS;2/9/2025;12:44:00 ìì;Master Card;karaj;100.5
fail;FAIL;9/9/2025;8:33:00 ìì;Visa;Tehran;450000.0
success;SUCCESS;17/9/2025;7:32:00 ðì;Discover;karaj;1000.0
fail;FAIL;25/9/2025;2:37:00 ðì;Master Card;Tehran;200000.0
success;SUCCESS;17/9/2025;3:00:00 ðì;Master Card;Karaj;443463.0
fail;FAIL;4/9/2025;11:59:00 ìì;Master Card;Qom;650000.0
fail;FAIL;20/9/2025;2:30:00 ðì;Master Card;Mashhad;585954.0
fail;FAIL;27/9/2025;2:02:00 ìì;Master Card;Mashhad;1000.0
fail;FAIL;21/9/2025;6:12:00 ìì;Discover;Shiraz;1768588.0
success;SUCCESS;6/9/2025;9:45:00 ðì;Visa;Tehran;250000.0
fail;FAIL;17/9/2025;9:45:00 ðì;Discover;Qom;250000.0
fail;FAIL;4/9/2025;2:37:00 ðì;Discover;Shiraz;100.5
fail;FAIL;9/9/2025;9:23:00 ìì;Master Card;Isfahan;471227.0
FAIL;FAIL;24/9/2025;9:10:00 ìì;Master Card;Mashhad;177050.0
fail;FAIL;2/9/2025;2:30:00 ìì;Master Card;Tabriz;850000.0
success;SUCCESS;6/9/2025;9:10:00 ìì;Discover;Mashhad;443463.0
success;SUCCESS;1/9/2025;7:19:00 ìì;Visa;Tehran;99999.0
fail;FAIL;15/9/2025;7:07:00 ðì;Discover;Karaj;250000.0
fail;FAIL;23/9/2025;6:30:00 ðì;Amex;Tehran;100.5
success;SUCCESS;7/9/2025;10:48:00 ðì;Master Card;Mashhad;914282.0
fail;FAIL;29/9/2025;7:07:00 ðì;visa;Mashhad;545116.0
success;SUCCESS;30/9/2025;4:16:00 ìì;Discover;Tehran;1472823.0
success;SUCCESS;17/9/2025;4:04:00 ðì;Visa;Shiraz;1050805.0
fail;FAIL;9/9/2025;11:59:00 ìì;Discover;Ahvaz;177050.0
fail;FAIL;6/9/2025;2:54:00 ðì;Master Card;Tehran ;1463119.0
fail;FAIL;21/9/2025;7:29:00 ìì;Visa;Isfahan;100000.0
success;SUCCESS;3/9/2025;10:48:00 ðì;Master Card;Shiraz;177050.0
fail;FAIL;17/9/2025;6:12:00 ìì;Master Card;Mashhad;1158713.0
success;SUCCESS;17/9/2025;8:59:00 ðì;Master Card;Tabriz;471227.0
success;SUCCESS;12/9/2025;9:23:00 ìì;Visa;Mashhad;300000.0
fail;FAIL;16/9/2025;12:12:00 ìì;Visa;Tabriz;650000.0
success;SUCCESS;15/9/2025;11:11:00 ðì;Visa;Mashhad;1.0
fail;FAIL;13/9/2025;11:11:00 ðì;Master Card;Karaj;1.0
fail;FAIL;23/9/2025;7:08:00 ðì;Master Card;Tehran;1050805.0
fail;FAIL;1/9/2025;11:11:00 ðì;Visa;Ahvaz;583952.0
success;SUCCESS;17/9/2025;3:27:00 ðì;Visa;Tehran;1768588.0
fail;FAIL;26/9/2025;6:00:00 ìì;Master Card;Qom;300000.0
fail;FAIL;15/9/2025;4:04:00 ðì;Master Card;Ahvaz;123456.0
fail;FAIL;4/9/2025;11:59:00 ìì;Discover;Ahvaz;976246.0
success;SUCCESS;4/9/2025;1:10:00 ìì;Discover;Isfahan;412308.0
success;SUCCESS;18/9/2025;4:40:00 ìì;Discover;Tehran;443463.0
fail;FAIL;17/9/2025;2:37:00 ðì;Master Card;Karaj;1768588.0
fail;FAIL;19/9/2025;8:08:00 ðì;Master Card;Mashhad;1472823.0
fail;FAIL;11/9/2025;2:30:00 ìì;Master Card;Tabriz;1387769.0
success;SUCCESS;20/9/2025;12:00:00 ðì;Master Card;Tabriz;585954.0
fail;FAIL;3/9/2025;7:51:00 ìì;Visa;Tehran;205000.0
fail;FAIL;8/9/2025;7:32:00 ðì;Visa;Tabriz;1387769.0
success;SUCCESS;26/9/2025;9:23:00 ìì;Discover;Mashhad;412308.0
fail;FAIL;1/9/2025;4:40:00 ðì;Master Card;Qom;1427657.0
fail;FAIL;2/9/2025;11:11:00 ðì;Master Card;Tehran;419089.0
Success;SUCCESS;29/9/2025;3:00:00 ðì;Visa;Mashhad;12345.0
success;SUCCESS;23/9/2025;7:08:00 ðì;Master Card;Isfahan;583952.0
fail;FAIL;4/9/2025;2:55:00 ìì;Discover;Tehran;914282.0
fail;FAIL;24/9/2025;2:11:00 ìì;Master Card;Qom;200000.0
success;SUCCESS;27/9/2025;3:45:00 ìì;Visa;Qom;1.0
success;SUCCESS;19/9/2025;4:04:00 ðì;Master Card;Tehran;914282.0
Success;SUCCESS;25/9/2025;1:13:00 ìì;Visa;Tehran;1.0
success;SUCCESS;1/9/2025;5:56:00 ðì;Discover;Tehran;250000.0
success;SUCCESS;17/9/2025;9:00:00 ðì;Visa;Tabriz;1387769.0
success;SUCCESS;8/9/2025;7:32:00 ðì;Visa;Tabriz;1472823.0
success;SUCCESS;19/9/2025;4:40:00 ìì;Discover;Shiraz;419089.0
fail;FAIL;21/9/2025;7:40:00 ìì;Master Card;Mashhad;1305967.0
fail;FAIL;1/9/2025;2:30:00 ðì;Visa;Ahvaz;200000.0
success;SUCCESS;5/9/2025;5:56:00 ðì;Visa;Isfahan;850000.0
fail;FAIL;27/9/2025;8:08:00 ðì;Amex;Tabriz;200000.0
fail;FAIL;16/9/2025;1:13:00 ìì;Master Card;Tabriz;1883871.0
success;SUCCESS;6/9/2025;7:51:00 ìì;Visa;Tehran;976246.0
fail;FAIL;8/9/2025;11:11:00 ðì;Visa;Tehran;1427657.0
fail;FAIL;13/9/2025;2:02:00 ìì;Master Card;Tabriz;585954.0
fail;FAIL;16/9/2025;9:10:00 ìì;Master Card;Tehran;545116.0
success;SUCCESS;30/9/2025;7:07:00 ðì;Visa;Karaj;177050.0
fail;FAIL;19/9/2025;5:56:00 ðì;Visa;Tehran;471227.0
fail;FAIL;12/9/2025;2:02:00 ìì;Visa;Isfahan;343679.0
fail;FAIL;16/9/2025;11:11:00 ðì;Visa;Tehran;1883871.0
success;SUCCESS;11/9/2025;5:56:00 ðì;Discover;Tehran;419089.0
success;SUCCESS;25/9/2025;7:29:00 ìì;Visa;Tehran ;450000.0
fail;FAIL;4/9/2025;7:07:00 ðì;Master Card;Tabriz;123456.0
FAIL;FAIL;23/9/2025;12:00:00 ðì;Master Card;Tehran;250000.0
Success;SUCCESS;2/9/2025;1:01:00 ðì;Visa;karaj;120000.0
fail;FAIL;24/9/2025;7:40:00 ìì;Master Card;Qom;443463.0
fail;FAIL;22/9/2025;2:37:00 ðì;Discover;Tehran;1578078.0
success;SUCCESS;19/9/2025;1:10:00 ìì;Visa;Isfahan;583952.0
fail;FAIL;25/9/2025;8:33:00 ìì;Discover;Tehran;450000.0
success;SUCCESS;5/9/2025;10:48:00 ðì;Discover;Tabriz;250000.0
fail;FAIL;8/9/2025;6:30:00 ðì;Visa;Tabriz;976246.0
fail;FAIL;7/9/2025;6:30:00 ðì;Amex;Isfahan;1463119.0
success;SUCCESS;23/9/2025;5:17:00 ìì;Master Card;Tabriz;471227.0
fail;FAIL;3/9/2025;12:12:00 ìì;Master Card;Tabriz;1578078.0
fail;FAIL;23/9/2025;11:11:00 ðì;VISA;Tabriz;471227.0
fail;FAIL;19/9/2025;5:56:00 ðì;Amex;Isfahan;419089.0
success;SUCCESS;18/9/2025;10:05:00 ðì;Master Card;Tehran;1768588.0
success;SUCCESS;20/9/2025;5:17:00 ìì;Visa;Mashhad;545116.0
fail;FAIL;8/9/2025;7:08:00 ðì;Amex;Tabriz;443463.0
success;SUCCESS;1/9/2025;5:17:00 ìì;Amex;Tehran;585954.0
fail;FAIL;17/9/2025;9:10:00 ìì;visa;Karaj;976246.0
fail;FAIL;12/9/2025;6:30:00 ðì;Master Card;Ahvaz;1387769.0
Success;SUCCESS;30/9/2025;3:27:00 ðì;Master Card;Isfahan;1578078.0
success;SUCCESS;21/9/2025;10:48:00 ðì;Discover;Karaj;900000.0
fail;FAIL;11/9/2025;2:54:00 ðì;Visa;Isfahan;452545.0
success;SUCCESS;5/9/2025;8:20:00 ìì;Visa;Tehran;177050.0
fail;FAIL;27/9/2025;8:20:00 ìì;Visa;Isfahan;452545.0
success;SUCCESS;12/9/2025;12:44:00 ìì;Visa;Qom;583952.0
success;SUCCESS;17/9/2025;9:21:00 ìì;Master Card;Tehran;585954.0
fail;FAIL;5/9/2025;4:40:00 ìì;Master Card;Tehran;1427657.0
fail;FAIL;28/9/2025;5:17:00 ìì;Master Card;Tehran;200000.0
fail;FAIL;14/9/2025;2:55:00 ìì;Visa;Tehran;1472823.0
FAIL;FAIL;24/9/2025;7:51:00 ìì;Master Card;karaj;976246.0
fail;FAIL;27/9/2025;3:27:00 ðì;Master Card;Mashhad;583952.0
fail;FAIL;30/9/2025;6:12:00 ìì;Amex;Tabriz;545116.0
fail;FAIL;9/9/2025;9:23:00 ìì;Master Card;Isfahan;250000.0
fail;FAIL;19/9/2025;3:45:00 ìì;Visa;Tabriz;250000.0
success;SUCCESS;22/9/2025;6:30:00 ðì;Master Card;Karaj;100.5
fail;FAIL;5/9/2025;9:23:00 ìì;Master Card;Tehran;914465.0
fail;FAIL;27/9/2025;10:05:00 ðì;Master Card;Tehran;343679.0
fail;FAIL;30/9/2025;6:06:00 ðì;Amex;Isfahan;545116.0
fail;FAIL;15/9/2025;7:08:00 ðì;Master Card;Shiraz;250000.0
FAIL;FAIL;7/9/2025;10:48:00 ðì;Discover;Shiraz;123456.0
fail;FAIL;4/9/2025;10:48:00 ðì;Master Card;Tabriz;63489.0
fail;FAIL;20/9/2025;7:32:00 ðì;Visa;Mashhad;1387769.0
success;SUCCESS;22/9/2025;7:29:00 ìì;Master Card;Qom;250000.0
fail;FAIL;7/9/2025;12:12:00 ìì;Discover;Qom;1578078.0
success;SUCCESS;15/9/2025;5:17:00 ìì;Discover;Mashhad;583952.0
fail;FAIL;23/9/2025;4:15:00 ðì;VISA;Tehran;300000.0
success;SUCCESS;14/9/2025;9:09:00 ðì;Master Card;Tabriz;1782689.0
success;SUCCESS;23/9/2025;10:05:00 ðì;Master Card;Tehran;1768588.0
success;SUCCESS;19/9/2025;4:40:00 ðì;Visa;Tehran;1578078.0
success;SUCCESS;22/9/2025;6:30:00 ðì;Master Card;Tabriz;914282.0
Success;SUCCESS;29/9/2025;11:11:00 ðì;Visa;Ahvaz;1387769.0
fail;FAIL;24/9/2025;8:08:00 ðì;Visa;Tabriz;99999.0
fail;FAIL;20/9/2025;2:11:00 ìì;Discover;Tehran ;419089.0
success;SUCCESS;29/9/2025;1:13:00 ìì;Master Card;Ahvaz;419089.0
success;SUCCESS;24/9/2025;2:11:00 ìì;Amex;Tehran;177050.0
fail;FAIL;18/9/2025;7:51:00 ìì;Visa;Tehran;12345.0
success;SUCCESS;10/9/2025;9:45:00 ðì;Master Card;Tehran;1050805.0
fail;FAIL;9/9/2025;2:11:00 ìì;Visa;Isfahan;100.5
success;SUCCESS;25/9/2025;7:32:00 ðì;Master Card;Shiraz;1387769.0
success;SUCCESS;26/9/2025;12:00:00 ðì;Amex;Tabriz;1578078.0
fail;FAIL;30/9/2025;8:20:00 ìì;Visa;Tehran;63489.0
success;SUCCESS;29/9/2025;10:27:00 ìì;Visa;Tabriz;914282.0
success;SUCCESS;10/9/2025;9:10:00 ìì;Amex;Tehran;914282.0
fail;FAIL;17/9/2025;4:15:00 ðì;Visa;Mashhad;343679.0
success;SUCCESS;2/9/2025;1:13:00 ìì;Visa;Mashhad;976246.0
FAIL;FAIL;6/9/2025;2:11:00 ìì;Visa;Isfahan;585954.0
fail;FAIL;26/9/2025;12:44:00 ìì;Amex;Tehran;1387769.0
fail;FAIL;5/9/2025;4:16:00 ìì;Master Card;Isfahan;100000.0
fail;FAIL;28/9/2025;9:09:00 ðì;Master Card;Isfahan;177050.0
success;SUCCESS;30/9/2025;6:12:00 ìì;Discover;Mashhad;343679.0
Success;SUCCESS;9/9/2025;2:30:00 ìì;Visa;Karaj;1472823.0
success;SUCCESS;5/9/2025;3:00:00 ðì;Master Card;Isfahan;100.5
success;SUCCESS;26/9/2025;4:15:00 ðì;Master Card;Tehran;1305967.0
success;SUCCESS;9/9/2025;3:27:00 ðì;Amex;Tehran;976246.0
success;SUCCESS;17/9/2025;8:33:00 ìì;VISA;Tehran;452545.0
fail;FAIL;12/9/2025;6:12:00 ìì;Visa;karaj;583952.0
success;SUCCESS;7/9/2025;2:37:00 ðì;Discover;Shiraz;545116.0
fail;FAIL;3/9/2025;2:11:00 ìì;Amex;Shiraz;650000.0
FAIL;FAIL;10/9/2025;2:54:00 ðì;Master Card;Karaj;1472823.0
success;SUCCESS;25/9/2025;7:08:00 ðì;Master Card;Tabriz;100.5
fail;FAIL;3/9/2025;1:51:00 ðì;Master Card;Isfahan;471227.0
fail;FAIL;16/9/2025;1:10:00 ìì;Discover;Shiraz;1.0
success;SUCCESS;2/9/2025;2:30:00 ìì;Master Card;Tabriz;1305967.0
success;SUCCESS;28/9/2025;10:27:00 ìì;Visa;Qom;419089.0
success;SUCCESS;10/9/2025;9:45:00 ðì;Visa;Tabriz;99999.0
success;SUCCESS;6/9/2025;12:12:00 ìì;Visa;Tehran ;1427657.0
Success;SUCCESS;22/9/2025;2:20:00 ðì;Visa;Mashhad;583952.0
success;SUCCESS;26/9/2025;7:40:00 ìì;Master Card;Tehran;200000.0
fail;FAIL;11/9/2025;1:10:00 ìì;Amex;Tehran;1578078.0
fail;FAIL;23/9/2025;10:27:00 ìì;Amex;Isfahan;200000.0
fail;FAIL;29/9/2025;6:30:00 ðì;Visa;Karaj;1502601.0
fail;FAIL;15/9/2025;11:11:00 ðì;VISA;Tehran;914465.0
fail;FAIL;6/9/2025;3:27:00 ðì;Discover;Qom;177050.0
success;SUCCESS;20/9/2025;11:11:00 ðì;Amex;Isfahan;63489.0
fail;FAIL;27/9/2025;1:51:00 ðì;Visa;Tabriz;120000.0
success;SUCCESS;22/9/2025;3:27:00 ðì;Visa;Shiraz;250000.0
fail;FAIL;20/9/2025;8:59:00 ðì;Amex;karaj;976246.0
Success;SUCCESS;3/9/2025;4:15:00 ðì;Visa;Shiraz;914465.0
FAIL;FAIL;30/9/2025;4:04:00 ðì;Master Card;Tabriz;452545.0
success;SUCCESS;21/9/2025;8:59:00 ðì;Amex;Qom;976246.0
fail;FAIL;2/9/2025;5:56:00 ðì;Amex;Isfahan;1782689.0
fail;FAIL;3/9/2025;10:48:00 ðì;Visa;Isfahan;250000.0
fail;FAIL;15/9/2025;11:17:00 ìì;Master Card;Tehran;250000.0
FAIL;FAIL;27/9/2025;4:15:00 ðì;Master Card;karaj;1427657.0
success;SUCCESS;10/9/2025;2:24:00 ðì;Master Card;Mashhad;850000.0
success;SUCCESS;9/9/2025;11:11:00 ðì;Visa;Isfahan;1050805.0
success;SUCCESS;1/9/2025;4:40:00 ðì;Master Card;Mashhad;850000.0
fail;FAIL;16/9/2025;2:24:00 ðì;Visa;Ahvaz;200000.0
success;SUCCESS;9/9/2025;8:33:00 ìì;Visa;Qom;583952.0
Success;SUCCESS;27/9/2025;7:32:00 ðì;Master Card;Mashhad;1782689.0
fail;FAIL;27/9/2025;6:12:00 ìì;Visa;Qom;976246.0
fail;FAIL;28/9/2025;5:23:00 ðì;Visa;Tehran;333333.0
success;SUCCESS;2/9/2025;3:27:00 ðì;Amex;Isfahan;1387769.0
success;SUCCESS;4/9/2025;7:08:00 ðì;Amex;Tehran;1158713.0
success;SUCCESS;1/9/2025;9:00:00 ðì;Master Card;Tehran;452545.0
fail;FAIL;26/9/2025;7:51:00 ìì;Master Card;Tehran;100.5
fail;FAIL;15/9/2025;12:12:00 ìì;Visa;Tehran;1502601.0
success;SUCCESS;19/9/2025;9:23:00 ìì;Master Card;Tabriz;1883871.0
fail;FAIL;21/9/2025;2:30:00 ðì;Discover;Tehran;419089.0
FAIL;FAIL;27/9/2025;11:11:00 ðì;Visa;Ahvaz;1387769.0
success;SUCCESS;22/9/2025;12:34:00 ìì;Master Card;Tehran;419089.0
fail;FAIL;2/9/2025;2:54:00 ðì;Discover;Qom;1387769.0
fail;FAIL;25/9/2025;11:17:00 ìì;Discover;Tabriz;5000.0
fail;FAIL;13/9/2025;6:30:00 ðì;Amex;Tehran;1.0
success;SUCCESS;28/9/2025;7:19:00 ìì;Visa;Tehran;976246.0
success;SUCCESS;1/9/2025;7:19:00 ìì;Discover;Shiraz;50200.0
success;SUCCESS;13/9/2025;9:09:00 ðì;Discover;Shiraz;583952.0
fail;FAIL;4/9/2025;9:09:00 ðì;Master Card;Tehran;177050.0
success;SUCCESS;7/9/2025;4:40:00 ìì;Master Card;Tabriz;443463.0
fail;FAIL;17/9/2025;6:12:00 ìì;Discover;Qom;1578078.0
success;SUCCESS;9/9/2025;5:56:00 ðì;Visa;Tehran;850000.0
success;SUCCESS;4/9/2025;3:27:00 ðì;Discover;Tehran ;177050.0
success;SUCCESS;1/9/2025;9:21:00 ìì;Master Card;Tehran;976246.0
fail;FAIL;10/9/2025;3:27:00 ðì;Master Card;Qom;1578078.0
success;SUCCESS;9/9/2025;3:27:00 ðì;Master Card;Ahvaz;450000.0
success;SUCCESS;13/9/2025;11:11:00 ðì;Discover;Mashhad;650000.0
fail;FAIL;14/9/2025;2:37:00 ðì;Visa;Mashhad;1472823.0
fail;FAIL;10/9/2025;9:00:00 ðì;Visa;Shiraz;100.5
success;SUCCESS;16/9/2025;10:05:00 ðì;Master Card;Karaj;99999.0
Success;SUCCESS;6/9/2025;12:00:00 ðì;Visa;Mashhad;1768588.0
fail;FAIL;17/9/2025;2:02:00 ìì;Master Card;karaj;177050.0
fail;FAIL;10/9/2025;6:00:00 ìì;Visa;Tehran;650000.0
success;SUCCESS;18/9/2025;9:00:00 ðì;Visa;Tabriz;419089.0
fail;FAIL;27/9/2025;2:11:00 ìì;Master Card;Tehran;914282.0
success;SUCCESS;18/9/2025;2:37:00 ðì;Master Card;Tehran;200000.0
fail;FAIL;3/9/2025;10:48:00 ðì;Visa;Karaj;914465.0
fail;FAIL;20/9/2025;11:11:00 ðì;Visa;Tehran;1883871.0
fail;FAIL;27/9/2025;11:59:00 ìì;Master Card;Tabriz;471227.0
fail;FAIL;21/9/2025;6:30:00 ðì;Amex;Tehran;1463119.0
fail;FAIL;25/9/2025;2:55:00 ìì;Master Card;Ahvaz;100.5
fail;FAIL;28/9/2025;9:45:00 ðì;Master Card;Ahvaz;850000.0
fail;FAIL;15/9/2025;9:00:00 ðì;Amex;Shiraz;1502601.0
FAIL;FAIL;15/9/2025;10:48:00 ðì;Discover;Qom;914282.0
success;SUCCESS;4/9/2025;6:45:00 ìì;Discover;Tehran;1578078.0
fail;FAIL;29/9/2025;2:30:00 ìì;Discover;Tehran;1050805.0
Success;SUCCESS;27/9/2025;9:23:00 ìì;Discover;Shiraz;1000.0
success;SUCCESS;9/9/2025;10:05:00 ðì;Master Card;Tehran;200000.0
success;SUCCESS;27/9/2025;7:32:00 ðì;Visa;Tehran;1578078.0
success;SUCCESS;26/9/2025;2:02:00 ìì;Discover;Isfahan;1472823.0
success;SUCCESS;19/9/2025;1:01:00 ðì;Discover;karaj;177050.0
fail;FAIL;24/9/2025;10:05:00 ðì;Discover;Karaj;443463.0
success;SUCCESS;17/9/2025;3:27:00 ðì;Visa;Tehran;585954.0
success;SUCCESS;11/9/2025;2:02:00 ìì;Amex;Isfahan;914465.0
success;SUCCESS;18/9/2025;12:12:00 ìì;Master Card;Tabriz;250000.0
FAIL;FAIL;20/9/2025;8:59:00 ðì;Visa;Isfahan;200000.0
fail;FAIL;13/9/2025;10:48:00 ðì;Discover;Tehran;200000.0
fail;FAIL;8/9/2025;5:17:00 ìì;Visa;Mashhad;12345.0
fail;FAIL;7/9/2025;1:51:00 ðì;Discover;Tehran;177050.0
success;SUCCESS;21/9/2025;7:51:00 ìì;Master Card;karaj;177050.0
fail;FAIL;23/9/2025;9:23:00 ìì;Discover;Ahvaz;177050.0
Success;SUCCESS;15/9/2025;10:05:00 ðì;Master Card;Isfahan;50200.0
fail;FAIL;20/9/2025;1:01:00 ðì;Master Card;Karaj;1463119.0
success;SUCCESS;15/9/2025;4:40:00 ðì;Discover;Ahvaz;200000.0
fail;FAIL;1/9/2025;1:13:00 ìì;Visa;Tabriz;1050805.0
success;SUCCESS;25/9/2025;2:30:00 ðì;Master Card;Tehran;471227.0
success;SUCCESS;14/9/2025;11:11:00 ðì;Master Card;Mashhad;1768588.0
fail;FAIL;5/9/2025;8:33:00 ìì;Visa;Tehran;343679.0
success;SUCCESS;11/9/2025;8:33:00 ìì;Visa;Shiraz;250000.0
success;SUCCESS;16/9/2025;7:51:00 ìì;Master Card;Shiraz;1768588.0
success;SUCCESS;2/9/2025;9:45:00 ðì;Discover;Qom;1463119.0
fail;FAIL;8/9/2025;2:30:00 ðì;Master Card;Tabriz;850000.0
fail;FAIL;11/9/2025;11:59:00 ìì;Visa;Mashhad;774681.0
success;SUCCESS;29/9/2025;4:15:00 ðì;Visa;Isfahan;1502601.0
fail;FAIL;18/9/2025;9:21:00 ìì;Master Card;Tehran ;1502601.0
success;SUCCESS;3/9/2025;4:16:00 ìì;visa;karaj;177050.0
fail;FAIL;30/9/2025;12:12:00 ìì;Amex;Ahvaz;100.5
success;SUCCESS;26/9/2025;5:23:00 ðì;Discover;Tehran;545116.0
success;SUCCESS;1/9/2025;2:02:00 ìì;Visa;Tabriz;419089.0
success;SUCCESS;11/9/2025;9:00:00 ðì;Master Card;Isfahan;914282.0
fail;FAIL;18/9/2025;6:30:00 ðì;Amex;Tehran;419089.0
fail;FAIL;30/9/2025;12:12:00 ìì;Amex;Qom;200000.0
success;SUCCESS;10/9/2025;7:07:00 ðì;Master Card;Tehran;343679.0
fail;FAIL;18/9/2025;10:27:00 ìì;Amex;Tabriz;585954.0
fail;FAIL;6/9/2025;7:51:00 ìì;Visa;Ahvaz;99999.0
fail;FAIL;4/9/2025;8:08:00 ðì;Amex;Ahvaz;443463.0
success;SUCCESS;27/9/2025;7:32:00 ðì;Visa;Karaj;1578078.0
success;SUCCESS;24/9/2025;6:30:00 ðì;Amex;Tehran;1578078.0
fail;FAIL;14/9/2025;12:44:00 ìì;Visa;Tabriz;1578078.0
fail;FAIL;3/9/2025;9:45:00 ðì;Discover;Qom;100.5
success;SUCCESS;6/9/2025;11:11:00 ðì;Master Card;Karaj;1427657.0
fail;FAIL;1/9/2025;7:51:00 ìì;Discover;Mashhad;5000.0
success;SUCCESS;23/9/2025;11:59:00 ìì;Master Card;Tehran;583952.0
success;SUCCESS;14/9/2025;5:07:00 ìì;Master Card;Ahvaz;100.5
fail;FAIL;8/9/2025;10:48:00 ðì;Master Card;Isfahan;976246.0
FAIL;FAIL;19/9/2025;4:04:00 ðì;Visa;Tabriz;1463119.0
success;SUCCESS;14/9/2025;12:12:00 ìì;Discover;Tehran;583952.0
fail;FAIL;10/9/2025;8:08:00 ðì;Visa;Tehran;545116.0
fail;FAIL;17/9/2025;1:10:00 ìì;Master Card;Isfahan;914465.0
fail;FAIL;29/9/2025;1:13:00 ìì;Discover;Qom;1578078.0
fail;FAIL;6/9/2025;8:08:00 ðì;Visa;Karaj;205000.0
success;SUCCESS;25/9/2025;1:10:00 ìì;Visa;Mashhad;177050.0
success;SUCCESS;7/9/2025;2:37:00 ðì;Master Card;Tehran;100000.0
success;SUCCESS;28/9/2025;2:24:00 ðì;Amex;Mashhad;99999.0
success;SUCCESS;28/9/2025;1:51:00 ðì;Visa;Mashhad;976246.0
fail;FAIL;1/9/2025;6:30:00 ðì;Amex;Isfahan;471227.0
fail;FAIL;22/9/2025;1:13:00 ìì;Master Card;Tehran;1782689.0
fail;FAIL;5/9/2025;2:20:00 ðì;Master Card;Tehran;1883871.0
success;SUCCESS;9/9/2025;9:45:00 ðì;Visa;Tehran;100.5
fail;FAIL;18/9/2025;1:13:00 ìì;Visa;Ahvaz;1502601.0
fail;FAIL;24/9/2025;9:45:00 ðì;Discover;Tabriz;1472823.0
success;SUCCESS;21/9/2025;1:13:00 ìì;Amex;karaj;123456.0
success;SUCCESS;26/9/2025;12:12:00 ìì;Master Card;Tehran;343679.0
fail;FAIL;11/9/2025;2:55:00 ìì;Master Card;Qom;419089.0
fail;FAIL;27/9/2025;9:09:00 ðì;Discover;Tehran;452545.0
success;SUCCESS;28/9/2025;4:15:00 ðì;Visa;Tehran;1578078.0
success;SUCCESS;26/9/2025;4:15:00 ðì;visa;Tehran;100.5
fail;FAIL;8/9/2025;7:08:00 ðì;Discover;Qom;300000.0
fail;FAIL;4/9/2025;2:30:00 ðì;Master Card;Tehran;1.0
fail;FAIL;18/9/2025;2:30:00 ðì;Visa;Mashhad;333333.0
success;SUCCESS;28/9/2025;8:08:00 ðì;Master Card;Karaj;1578078.0
success;SUCCESS;11/9/2025;6:00:00 ìì;Master Card;Tehran;1158713.0
success;SUCCESS;15/9/2025;7:51:00 ìì;Amex;Tehran;1305967.0
fail;FAIL;28/9/2025;11:11:00 ðì;Visa;Tehran;850000.0
success;SUCCESS;18/9/2025;7:19:00 ìì;Master Card;Tabriz;50200.0
success;SUCCESS;22/9/2025;12:12:00 ìì;Master Card;Tehran;419089.0
fail;FAIL;26/9/2025;9:23:00 ìì;Amex;Tehran;1463119.0
success;SUCCESS;25/9/2025;6:00:00 ìì;Master Card;karaj;250000.0
success;SUCCESS;13/9/2025;3:27:00 ðì;Master Card;Shiraz;123456.0
success;SUCCESS;4/9/2025;3:27:00 ðì;Master Card;Tehran;1782689.0
success;SUCCESS;22/9/2025;3:45:00 ìì;Visa;Qom;100000.0
Success;SUCCESS;7/9/2025;1:10:00 ìì;Visa;Tehran;177050.0
fail;FAIL;29/9/2025;7:19:00 ìì;Master Card;Tehran;419089.0
success;SUCCESS;11/9/2025;1:10:00 ìì;Master Card;Tehran;1472823.0
success;SUCCESS;22/9/2025;5:07:00 ìì;Discover;Tabriz;1463119.0
fail;FAIL;4/9/2025;3:27:00 ðì;Master Card;Tehran;850000.0
fail;FAIL;15/9/2025;4:15:00 ðì;Visa;Ahvaz;12345.0
fail;FAIL;1/9/2025;2:24:00 ðì;Amex;Qom;50200.0
success;SUCCESS;3/9/2025;9:23:00 ìì;Master Card;Tehran;443463.0
success;SUCCESS;6/9/2025;9:23:00 ìì;Master Card;Mashhad;555555.0
success;SUCCESS;1/9/2025;1:13:00 ìì;Discover;Mashhad;123456.0
success;SUCCESS;21/9/2025;3:45:00 ìì;Visa;Tehran;1578078.0
fail;FAIL;16/9/2025;2:00:00 ìì;Master Card;karaj;250000.0
fail;FAIL;29/9/2025;7:08:00 ðì;Discover;Tabriz;914282.0
success;SUCCESS;5/9/2025;2:24:00 ðì;Visa;Ahvaz;419089.0
fail;FAIL;17/9/2025;4:04:00 ðì;Master Card;Ahvaz;1000.0
success;SUCCESS;10/9/2025;6:06:00 ðì;Master Card;Tabriz;177050.0
fail;FAIL;28/9/2025;8:08:00 ðì;Discover;Shiraz;1463119.0
fail;FAIL;21/9/2025;8:08:00 ðì;Amex;Tabriz;177050.0
fail;FAIL;18/9/2025;11:11:00 ðì;Discover;Ahvaz;5000.0
Success;SUCCESS;3/9/2025;11:17:00 ìì;Visa;Shiraz;99999.0
success;SUCCESS;13/9/2025;12:34:00 ìì;Amex;Tabriz;1463119.0
success;SUCCESS;15/9/2025;5:56:00 ðì;Visa;Tehran;333333.0
fail;FAIL;20/9/2025;2:00:00 ìì;Visa;Tehran;177050.0
fail;FAIL;19/9/2025;8:20:00 ìì;Visa;Shiraz;585954.0
success;SUCCESS;3/9/2025;11:11:00 ðì;Discover;Tabriz;1.0
fail;FAIL;4/9/2025;12:34:00 ìì;Master Card;Shiraz;120000.0
fail;FAIL;5/9/2025;5:17:00 ìì;Visa;Isfahan;1768588.0
success;SUCCESS;1/9/2025;4:40:00 ìì;Master Card;Karaj;412308.0
success;SUCCESS;12/9/2025;9:45:00 ðì;Discover;Tabriz;1158713.0
Success;SUCCESS;24/9/2025;5:17:00 ìì;Visa;Shiraz;100000.0
success;SUCCESS;10/9/2025;12:00:00 ðì;Discover;Karaj;585954.0
Success;SUCCESS;23/9/2025;7:51:00 ìì;Master Card;Tehran;343679.0
success;SUCCESS;21/9/2025;9:23:00 ìì;Master Card;Tehran;774681.0
fail;FAIL;26/9/2025;5:17:00 ìì;Master Card;Mashhad;650000.0
fail;FAIL;25/9/2025;2:11:00 ìì;VISA;Tehran;50200.0
success;SUCCESS;13/9/2025;3:27:00 ðì;Visa;Tehran;450000.0
fail;FAIL;23/9/2025;3:45:00 ìì;Visa;Qom;976246.0
fail;FAIL;14/9/2025;9:10:00 ìì;Discover;Tehran;1387769.0
fail;FAIL;23/9/2025;5:17:00 ìì;Visa;Tehran;100.5
fail;FAIL;5/9/2025;9:00:00 ðì;Visa;Isfahan;976246.0
fail;FAIL;4/9/2025;1:10:00 ìì;Visa;Tehran;99999.0
fail;FAIL;14/9/2025;2:37:00 ðì;Discover;Shiraz;650000.0
fail;FAIL;10/9/2025;2:30:00 ðì;Discover;Shiraz;1427657.0
Success;SUCCESS;17/9/2025;2:30:00 ìì;Master Card;Shiraz;1463119.0
success;SUCCESS;10/9/2025;12:12:00 ìì;Master Card;Qom;1578078.0
success;SUCCESS;7/9/2025;10:48:00 ðì;Visa;Tehran;120000.0
fail;FAIL;16/9/2025;5:17:00 ìì;Visa;Tehran;452545.0
success;SUCCESS;1/9/2025;9:10:00 ìì;Amex;Tabriz;555555.0
fail;FAIL;17/9/2025;6:00:00 ìì;Amex;Tehran;1502601.0
fail;FAIL;21/9/2025;2:30:00 ðì;Visa;Tehran;1463119.0
success;SUCCESS;29/9/2025;9:09:00 ðì;Master Card;karaj;976246.0
fail;FAIL;9/9/2025;6:45:00 ìì;Discover;Ahvaz;123456.0
fail;FAIL;6/9/2025;7:51:00 ìì;Discover;Tehran;250000.0
success;SUCCESS;19/9/2025;12:12:00 ìì;Master Card;Ahvaz;1158713.0
success;SUCCESS;13/9/2025;9:45:00 ðì;Discover;Shiraz;300000.0
Success;SUCCESS;3/9/2025;8:08:00 ðì;Amex;Karaj;100.5
fail;FAIL;7/9/2025;12:44:00 ìì;Discover;Tehran ;100000.0
fail;FAIL;9/9/2025;11:11:00 ðì;Master Card;Mashhad;1578078.0
success;SUCCESS;22/9/2025;5:56:00 ðì;Discover;Ahvaz;177050.0
success;SUCCESS;5/9/2025;2:20:00 ðì;Master Card;Isfahan;471227.0
success;SUCCESS;10/9/2025;8:33:00 ìì;Discover;Tehran;1463119.0
fail;FAIL;12/9/2025;2:02:00 ìì;Master Card;Tabriz;452545.0
success;SUCCESS;23/9/2025;4:40:00 ìì;Master Card;Tehran;1782689.0
fail;FAIL;16/9/2025;9:23:00 ìì;Visa;Isfahan;585954.0
success;SUCCESS;3/9/2025;10:48:00 ðì;Visa;Tehran;583952.0
fail;FAIL;25/9/2025;9:09:00 ðì;Master Card;Tehran;63489.0
success;SUCCESS;22/9/2025;2:54:00 ðì;Master Card;Tehran;250000.0
fail;FAIL;9/9/2025;9:09:00 ðì;Master Card;Tehran;471227.0
success;SUCCESS;15/9/2025;4:16:00 ìì;Visa;Ahvaz;50200.0
success;SUCCESS;5/9/2025;2:11:00 ìì;Amex;Qom;1782689.0
fail;FAIL;23/9/2025;7:08:00 ðì;Master Card;Tabriz;100.5
fail;FAIL;13/9/2025;9:10:00 ìì;Master Card;Tehran;976246.0
fail;FAIL;14/9/2025;8:59:00 ðì;Visa;Mashhad;583952.0
fail;FAIL;20/9/2025;11:11:00 ðì;Amex;Tehran;1502601.0
fail;FAIL;16/9/2025;7:08:00 ðì;Visa;Tehran;419089.0
fail;FAIL;23/9/2025;8:59:00 ðì;Master Card;Isfahan;471227.0
fail;FAIL;13/9/2025;8:59:00 ðì;Master Card;Mashhad;1463119.0
success;SUCCESS;17/9/2025;11:11:00 ðì;Master Card;Isfahan;585954.0
fail;FAIL;6/9/2025;5:17:00 ìì;Amex;Mashhad;914465.0
success;SUCCESS;18/9/2025;5:56:00 ðì;Visa;karaj;1305967.0
fail;FAIL;22/9/2025;9:00:00 ðì;Amex;Tehran;100.5
success;SUCCESS;30/9/2025;10:48:00 ðì;Visa;Mashhad;900000.0
success;SUCCESS;30/9/2025;1:13:00 ìì;Master Card;Tabriz;583952.0
fail;FAIL;11/9/2025;7:19:00 ìì;Master Card;Mashhad;100.5
success;SUCCESS;10/9/2025;3:45:00 ìì;Discover;Mashhad;412308.0
fail;FAIL;19/9/2025;7:08:00 ðì;Master Card;Tabriz;1387769.0
success;SUCCESS;14/9/2025;8:33:00 ìì;Master Card;Tehran;1782689.0
fail;FAIL;10/9/2025;10:05:00 ðì;Visa;Ahvaz;99999.0
success;SUCCESS;15/9/2025;4:40:00 ðì;Discover;Isfahan;343679.0
fail;FAIL;19/9/2025;3:45:00 ìì;Master Card;Karaj;774681.0
fail;FAIL;4/9/2025;5:17:00 ìì;Amex;Shiraz;100000.0
success;SUCCESS;28/9/2025;9:00:00 ðì;Visa;Tehran;583952.0
fail;FAIL;14/9/2025;9:23:00 ìì;Visa;Isfahan;300000.0
success;SUCCESS;7/9/2025;7:51:00 ìì;Discover;Mashhad;120000.0
fail;FAIL;23/9/2025;11:11:00 ðì;Master Card;Karaj;100.5
fail;FAIL;22/9/2025;12:00:00 ðì;Visa;Tehran;585954.0
fail;FAIL;19/9/2025;2:30:00 ðì;Master Card;Tehran;585954.0
fail;FAIL;15/9/2025;8:08:00 ðì;Master Card;Tehran;419089.0
Success;SUCCESS;30/9/2025;5:07:00 ìì;Visa;Tehran;343679.0
fail;FAIL;28/9/2025;11:11:00 ðì;Discover;Ahvaz;200000.0
fail;FAIL;8/9/2025;1:01:00 ðì;Visa;Tehran;177050.0
FAIL;FAIL;11/9/2025;2:37:00 ðì;Master Card;Tehran;1000.0
success;SUCCESS;29/9/2025;9:00:00 ðì;Master Card;Mashhad;1387769.0
fail;FAIL;15/9/2025;11:59:00 ìì;Visa;Tehran;1.0
fail;FAIL;1/9/2025;10:27:00 ìì;Visa;Tehran;1768588.0
fail;FAIL;30/9/2025;11:11:00 ðì;VISA;Tehran;471227.0
fail;FAIL;19/9/2025;1:13:00 ìì;Master Card;Tehran;1463119.0
FAIL;FAIL;3/9/2025;10:48:00 ðì;Visa;Shiraz;555555.0
success;SUCCESS;10/9/2025;2:55:00 ìì;Amex;Shiraz;450000.0
success;SUCCESS;8/9/2025;9:10:00 ìì;Visa;Tehran;1782689.0
fail;FAIL;10/9/2025;9:09:00 ðì;Discover;Isfahan;583952.0
success;SUCCESS;1/9/2025;6:00:00 ìì;Amex;Tehran;343679.0
fail;FAIL;29/9/2025;9:10:00 ìì;Amex;Tehran;1387769.0
fail;FAIL;19/9/2025;2:11:00 ìì;Master Card;Tabriz;471227.0
fail;FAIL;13/9/2025;8:33:00 ìì;Master Card;Tehran;1158713.0
fail;FAIL;22/9/2025;2:54:00 ðì;Visa;Qom;333333.0
success;SUCCESS;1/9/2025;7:08:00 ðì;Discover;Isfahan;123456.0
fail;FAIL;2/9/2025;11:11:00 ðì;Visa;karaj;914282.0
success;SUCCESS;29/9/2025;11:11:00 ðì;Amex;Karaj;1472823.0
fail;FAIL;16/9/2025;12:00:00 ðì;Master Card;Tabriz;471227.0
fail;FAIL;16/9/2025;5:56:00 ðì;VISA;Qom;914465.0
success;SUCCESS;17/9/2025;2:37:00 ðì;Amex;Tehran;471227.0
fail;FAIL;29/9/2025;7:32:00 ðì;Visa;Shiraz;1463119.0
Success;SUCCESS;29/9/2025;7:08:00 ðì;Visa;Tehran;1578078.0
fail;FAIL;7/9/2025;4:40:00 ìì;Visa;Qom;99999.0
fail;FAIL;24/9/2025;8:33:00 ìì;Visa;Shiraz;200000.0
Success;SUCCESS;17/9/2025;7:08:00 ðì;Master Card;Tehran;419089.0
Success;SUCCESS;7/9/2025;12:34:00 ìì;Master Card;Tehran;545116.0
success;SUCCESS;13/9/2025;9:23:00 ìì;Discover;Isfahan;419089.0
fail;FAIL;17/9/2025;1:13:00 ìì;Visa;Isfahan;1502601.0
FAIL;FAIL;3/9/2025;6:06:00 ðì;Discover;Shiraz;1463119.0
fail;FAIL;26/9/2025;2:55:00 ìì;Visa;Tehran;100.5
success;SUCCESS;17/9/2025;7:08:00 ðì;Visa;Mashhad;450000.0
success;SUCCESS;7/9/2025;12:12:00 ìì;Master Card;Isfahan;976246.0
fail;FAIL;21/9/2025;2:30:00 ðì;Visa;Shiraz;5000.0
fail;FAIL;1/9/2025;7:07:00 ðì;Master Card;Qom;1472823.0
success;SUCCESS;17/9/2025;7:51:00 ìì;Visa;Shiraz;1782689.0
success;SUCCESS;30/9/2025;2:30:00 ðì;Amex;Shiraz;1578078.0
fail;FAIL;17/9/2025;3:27:00 ðì;Discover;Tabriz;914282.0
fail;FAIL;27/9/2025;7:08:00 ðì;Discover;Tabriz;471227.0
fail;FAIL;29/9/2025;2:02:00 ìì;visa;Karaj;1000.0
success;SUCCESS;3/9/2025;11:11:00 ðì;Visa;Qom;976246.0
fail;FAIL;15/9/2025;9:00:00 ðì;Amex;Tabriz;200000.0
success;SUCCESS;11/9/2025;12:12:00 ìì;Master Card;Tehran;1782689.0
Success;SUCCESS;26/9/2025;9:45:00 ðì;Visa;Tabriz;1158713.0
fail;FAIL;16/9/2025;11:59:00 ìì;Visa;Isfahan;419089.0
success;SUCCESS;25/9/2025;7:40:00 ìì;visa;Tehran;1782689.0
success;SUCCESS;22/9/2025;1:10:00 ìì;VISA;Mashhad;443463.0
fail;FAIL;28/9/2025;8:08:00 ðì;Discover;Tehran;1502601.0
success;SUCCESS;9/9/2025;9:21:00 ìì;Discover;Tehran;63489.0
fail;FAIL;24/9/2025;2:00:00 ìì;Discover;Tehran;914282.0
fail;FAIL;29/9/2025;12:00:00 ðì;Master Card;Tehran;976246.0
success;SUCCESS;25/9/2025;11:59:00 ìì;Master Card;Mashhad;471227.0
success;SUCCESS;22/9/2025;5:17:00 ìì;Master Card;Tehran ;452545.0
fail;FAIL;16/9/2025;11:17:00 ìì;Amex;Shiraz;50200.0
fail;FAIL;9/9/2025;8:59:00 ðì;Master Card;Shiraz;471227.0
success;SUCCESS;19/9/2025;1:01:00 ðì;Master Card;Shiraz;585954.0
fail;FAIL;12/9/2025;12:00:00 ðì;Master Card;Tehran;1782689.0
fail;FAIL;19/9/2025;4:40:00 ìì;Discover;Mashhad;443463.0
fail;FAIL;22/9/2025;2:02:00 ìì;Discover;Tehran;205000.0
success;SUCCESS;9/9/2025;8:20:00 ìì;Master Card;Tabriz;774681.0
fail;FAIL;14/9/2025;2:37:00 ðì;Amex;Shiraz;583952.0
fail;FAIL;19/9/2025;5:17:00 ìì;Visa;Isfahan;100.5
success;SUCCESS;2/9/2025;9:09:00 ðì;Master Card;karaj;900000.0
fail;FAIL;15/9/2025;4:16:00 ìì;Amex;Isfahan;452545.0
fail;FAIL;3/9/2025;9:23:00 ìì;Discover;Isfahan;555555.0
fail;FAIL;11/9/2025;9:23:00 ìì;Visa;Tehran;583952.0
fail;FAIL;21/9/2025;2:02:00 ìì;Amex;Mashhad;471227.0
fail;FAIL;25/9/2025;7:40:00 ìì;Amex;Tehran;914465.0
fail;FAIL;8/9/2025;7:51:00 ìì;Visa;Karaj;200000.0
fail;FAIL;18/9/2025;3:27:00 ðì;Visa;Tabriz;976246.0
success;SUCCESS;19/9/2025;3:27:00 ðì;Visa;Tehran;976246.0
fail;FAIL;16/9/2025;2:00:00 ìì;Discover;Tehran;1578078.0
success;SUCCESS;8/9/2025;7:29:00 ìì;Visa;Isfahan;177050.0
fail;FAIL;22/9/2025;12:12:00 ìì;Visa;Tabriz;419089.0
success;SUCCESS;6/9/2025;2:24:00 ðì;Visa;Tehran;200000.0
success;SUCCESS;12/9/2025;12:34:00 ìì;Amex;Isfahan;419089.0
fail;FAIL;25/9/2025;2:55:00 ìì;Master Card;Isfahan;250000.0
fail;FAIL;8/9/2025;8:08:00 ðì;Master Card;Tehran;450000.0
success;SUCCESS;4/9/2025;2:11:00 ìì;Master Card;Isfahan;850000.0
success;SUCCESS;15/9/2025;3:00:00 ðì;Master Card;Tehran;419089.0
success;SUCCESS;28/9/2025;6:45:00 ìì;Master Card;Tehran;545116.0
success;SUCCESS;20/9/2025;9:45:00 ðì;Discover;Karaj;177050.0
fail;FAIL;25/9/2025;2:11:00 ìì;Master Card;Qom;443463.0
success;SUCCESS;17/9/2025;12:00:00 ðì;Master Card;Tehran;1578078.0
success;SUCCESS;13/9/2025;7:19:00 ìì;Discover;Karaj;12345.0
success;SUCCESS;18/9/2025;9:10:00 ìì;Visa;Tehran;585954.0
fail;FAIL;2/9/2025;2:30:00 ðì;Master Card;Tehran;1.0
success;SUCCESS;13/9/2025;2:54:00 ðì;Discover;Shiraz;100.5
success;SUCCESS;22/9/2025;9:00:00 ðì;Master Card;Tehran;650000.0
success;SUCCESS;15/9/2025;4:15:00 ðì;Master Card;Qom;1463119.0
Success;SUCCESS;29/9/2025;8:08:00 ðì;Amex;Karaj;200000.0
success;SUCCESS;27/9/2025;11:11:00 ðì;Master Card;Shiraz;1578078.0
fail;FAIL;10/9/2025;4:15:00 ðì;Discover;Ahvaz;412308.0
success;SUCCESS;3/9/2025;2:11:00 ìì;Master Card;Tabriz;1463119.0
success;SUCCESS;19/9/2025;5:56:00 ðì;Master Card;Tehran;583952.0
success;SUCCESS;3/9/2025;2:30:00 ðì;Discover;Tehran;583952.0
fail;FAIL;22/9/2025;9:23:00 ìì;Master Card;Tehran;1472823.0
fail;FAIL;14/9/2025;4:40:00 ìì;Master Card;Tabriz;774681.0
fail;FAIL;8/9/2025;4:04:00 ðì;Visa;Shiraz;5000.0
fail;FAIL;23/9/2025;2:37:00 ðì;Discover;Shiraz;1463119.0
fail;FAIL;30/9/2025;6:06:00 ðì;Master Card;Qom;976246.0
fail;FAIL;4/9/2025;7:51:00 ìì;Master Card;Mashhad;177050.0
Success;SUCCESS;27/9/2025;3:27:00 ðì;Master Card;Isfahan;5000.0
success;SUCCESS;11/9/2025;1:10:00 ìì;Discover;Tehran;1463119.0
fail;FAIL;26/9/2025;2:37:00 ðì;Amex;Mashhad;1387769.0
fail;FAIL;2/9/2025;3:27:00 ðì;visa;Tehran;583952.0
fail;FAIL;17/9/2025;2:11:00 ìì;Master Card;Tabriz;976246.0
fail;FAIL;28/9/2025;2:54:00 ðì;Discover;Ahvaz;1578078.0
success;SUCCESS;28/9/2025;4:40:00 ðì;Amex;Qom;545116.0
fail;FAIL;29/9/2025;2:24:00 ðì;Master Card;Tehran ;412308.0
fail;FAIL;24/9/2025;8:59:00 ðì;VISA;Mashhad;333333.0
fail;FAIL;15/9/2025;5:56:00 ðì;Master Card;Tabriz;419089.0
fail;FAIL;16/9/2025;10:48:00 ðì;Master Card;Mashhad;177050.0
success;SUCCESS;25/9/2025;6:12:00 ìì;Visa;Tehran;583952.0
fail;FAIL;4/9/2025;7:08:00 ðì;Master Card;Tabriz;123456.0
fail;FAIL;8/9/2025;7:40:00 ìì;Visa;Shiraz;452545.0
success;SUCCESS;9/9/2025;11:11:00 ðì;Visa;Karaj;123456.0
fail;FAIL;26/9/2025;9:21:00 ìì;Discover;Tabriz;1158713.0
fail;FAIL;5/9/2025;9:21:00 ìì;Visa;Tabriz;1387769.0
fail;FAIL;16/9/2025;12:00:00 ðì;Visa;Tehran;583952.0
fail;FAIL;13/9/2025;10:27:00 ìì;Master Card;Karaj;555555.0
fail;FAIL;30/9/2025;2:30:00 ðì;Visa;karaj;976246.0
success;SUCCESS;7/9/2025;1:13:00 ìì;Visa;Tehran;1578078.0
success;SUCCESS;26/9/2025;2:11:00 ìì;Amex;Tehran;914282.0
success;SUCCESS;3/9/2025;6:00:00 ìì;Visa;Tehran;1472823.0
fail;FAIL;19/9/2025;2:30:00 ðì;Amex;Mashhad;177050.0
success;SUCCESS;12/9/2025;8:20:00 ìì;Amex;Tehran;419089.0
success;SUCCESS;27/9/2025;2:37:00 ðì;Discover;Karaj;200000.0
Success;SUCCESS;7/9/2025;6:12:00 ìì;Discover;Mashhad;471227.0
success;SUCCESS;28/9/2025;5:56:00 ðì;Visa;Tehran;976246.0
success;SUCCESS;9/9/2025;9:23:00 ìì;Discover;Tehran;471227.0
fail;FAIL;29/9/2025;2:11:00 ìì;Amex;Tehran;200000.0
fail;FAIL;17/9/2025;3:45:00 ìì;Visa;Isfahan;419089.0
success;SUCCESS;16/9/2025;3:00:00 ðì;Visa;Tabriz;1578078.0
success;SUCCESS;23/9/2025;9:10:00 ìì;Master Card;Tabriz;976246.0
success;SUCCESS;26/9/2025;7:51:00 ìì;Master Card;Tehran;1578078.0
success;SUCCESS;4/9/2025;4:15:00 ðì;Master Card;Tehran;1782689.0
success;SUCCESS;10/9/2025;7:08:00 ðì;Discover;Mashhad;343679.0
success;SUCCESS;5/9/2025;12:34:00 ìì;Discover;Shiraz;63489.0
success;SUCCESS;21/9/2025;4:40:00 ðì;Master Card;Tehran;343679.0
success;SUCCESS;30/9/2025;9:00:00 ðì;Visa;Tabriz;200000.0
fail;FAIL;10/9/2025;12:12:00 ìì;Master Card;Tehran;555555.0
fail;FAIL;12/9/2025;4:15:00 ðì;Visa;Tehran;200000.0
fail;FAIL;10/9/2025;4:40:00 ðì;Visa;Mashhad;1768588.0
fail;FAIL;29/9/2025;9:00:00 ðì;Discover;Mashhad;976246.0
fail;FAIL;11/9/2025;6:06:00 ðì;Discover;Isfahan;100000.0
success;SUCCESS;22/9/2025;2:00:00 ìì;Discover;Karaj;1883871.0
fail;FAIL;16/9/2025;10:27:00 ìì;Visa;Isfahan;1158713.0
fail;FAIL;8/9/2025;5:07:00 ìì;Visa;Tabriz;850000.0
success;SUCCESS;8/9/2025;1:51:00 ðì;Discover;Ahvaz;300000.0
fail;FAIL;27/9/2025;9:23:00 ìì;Discover;Tehran;1387769.0
fail;FAIL;25/9/2025;6:00:00 ìì;Visa;Ahvaz;914282.0
success;SUCCESS;8/9/2025;8:59:00 ðì;Visa;karaj;12345.0
fail;FAIL;13/9/2025;4:16:00 ìì;Visa;Tehran;5000.0
success;SUCCESS;27/9/2025;10:48:00 ðì;Visa;Ahvaz;471227.0
success;SUCCESS;2/9/2025;3:27:00 ðì;Amex;Tehran;177050.0
fail;FAIL;30/9/2025;6:45:00 ìì;Visa;Karaj;419089.0
fail;FAIL;30/9/2025;9:23:00 ìì;VISA;Shiraz;555555.0
success;SUCCESS;12/9/2025;2:11:00 ìì;Visa;Karaj;976246.0
success;SUCCESS;10/9/2025;2:37:00 ðì;Master Card;Tehran;976246.0
fail;FAIL;12/9/2025;4:04:00 ðì;Master Card;Karaj;1768588.0
success;SUCCESS;11/9/2025;7:08:00 ðì;Visa;Ahvaz;914465.0
success;SUCCESS;15/9/2025;11:59:00 ìì;Visa;Tabriz;177050.0
success;SUCCESS;16/9/2025;12:00:00 ðì;Master Card;Tehran;1472823.0
success;SUCCESS;26/9/2025;8:08:00 ðì;Visa;Tehran;419089.0
success;SUCCESS;2/9/2025;2:55:00 ìì;Master Card;Ahvaz;976246.0
fail;FAIL;18/9/2025;4:15:00 ðì;Visa;Isfahan;177050.0
success;SUCCESS;12/9/2025;9:23:00 ìì;Master Card;Tehran;443463.0
fail;FAIL;19/9/2025;12:34:00 ìì;Master Card;Tabriz;12345.0
success;SUCCESS;26/9/2025;5:56:00 ðì;Visa;Tehran;1578078.0
fail;FAIL;18/9/2025;1:51:00 ðì;Visa;Qom;1463119.0
success;SUCCESS;6/9/2025;7:19:00 ìì;Discover;karaj;177050.0
fail;FAIL;25/9/2025;7:32:00 ðì;Master Card;Isfahan;1000.0
success;SUCCESS;15/9/2025;3:27:00 ðì;Master Card;Shiraz;12345.0
fail;FAIL;3/9/2025;2:20:00 ðì;Visa;Isfahan;100.5
success;SUCCESS;6/9/2025;5:17:00 ìì;Amex;Shiraz;63489.0
fail;FAIL;29/9/2025;3:00:00 ðì;Master Card;Tehran;250000.0
success;SUCCESS;1/9/2025;5:07:00 ìì;Visa;Mashhad;471227.0
fail;FAIL;30/9/2025;2:02:00 ìì;Master Card;Tabriz;900000.0
Success;SUCCESS;13/9/2025;7:19:00 ìì;Master Card;Qom;650000.0
fail;FAIL;26/9/2025;8:59:00 ðì;Visa;Tabriz;914465.0
success;SUCCESS;14/9/2025;11:11:00 ðì;Master Card;Tehran;419089.0
fail;FAIL;13/9/2025;2:11:00 ìì;Master Card;Ahvaz;177050.0
fail;FAIL;27/9/2025;9:09:00 ðì;Amex;Tabriz;914465.0
success;SUCCESS;7/9/2025;2:30:00 ðì;Visa;Mashhad;850000.0
success;SUCCESS;22/9/2025;2:00:00 ìì;Visa;Tehran;583952.0
FAIL;FAIL;10/9/2025;8:08:00 ðì;Amex;Tehran;419089.0
success;SUCCESS;7/9/2025;7:32:00 ðì;Master Card;Tehran;914282.0
fail;FAIL;21/9/2025;4:40:00 ðì;Discover;Qom;1782689.0
fail;FAIL;15/9/2025;12:00:00 ðì;Discover;Karaj;1463119.0
success;SUCCESS;4/9/2025;7:08:00 ðì;Master Card;karaj;585954.0
success;SUCCESS;23/9/2025;12:12:00 ìì;Amex;Tabriz;471227.0
fail;FAIL;6/9/2025;12:00:00 ðì;Master Card;Tabriz;12345.0
success;SUCCESS;24/9/2025;9:21:00 ìì;Discover;Tehran;555555.0
success;SUCCESS;20/9/2025;1:13:00 ìì;Master Card;Isfahan;583952.0
FAIL;FAIL;26/9/2025;7:51:00 ìì;Master Card;Ahvaz;450000.0
success;SUCCESS;5/9/2025;2:37:00 ðì;Master Card;Mashhad;452545.0
fail;FAIL;20/9/2025;6:30:00 ðì;Amex;Isfahan;471227.0
fail;FAIL;12/9/2025;2:54:00 ðì;Visa;Isfahan;1578078.0
success;SUCCESS;28/9/2025;1:01:00 ðì;Master Card;Tabriz;1000.0
success;SUCCESS;8/9/2025;12:12:00 ìì;Amex;Shiraz;200000.0
fail;FAIL;1/9/2025;12:00:00 ðì;Visa;Tehran;1050805.0
fail;FAIL;5/9/2025;7:19:00 ìì;Master Card;Ahvaz;1578078.0
fail;FAIL;22/9/2025;7:08:00 ðì;Discover;Tehran;1387769.0
Success;SUCCESS;6/9/2025;12:12:00 ìì;Visa;Shiraz;914282.0
fail;FAIL;29/9/2025;1:10:00 ìì;Discover;Mashhad;1463119.0
fail;FAIL;21/9/2025;6:30:00 ðì;Amex;Ahvaz;1427657.0
fail;FAIL;3/9/2025;2:11:00 ìì;Visa;karaj;300000.0
success;SUCCESS;15/9/2025;8:33:00 ìì;Visa;Tabriz;205000.0
success;SUCCESS;5/9/2025;7:40:00 ìì;Visa;Karaj;120000.0
fail;FAIL;28/9/2025;2:30:00 ìì;Discover;Tehran;452545.0
fail;FAIL;24/9/2025;2:30:00 ðì;Visa;Tehran;1782689.0
fail;FAIL;18/9/2025;12:34:00 ìì;Discover;Tehran;177050.0
success;SUCCESS;16/9/2025;2:24:00 ðì;Master Card;Tabriz;914282.0
fail;FAIL;6/9/2025;10:27:00 ìì;Visa;Tehran;452545.0
fail;FAIL;25/9/2025;2:30:00 ìì;Visa;Mashhad;300000.0
fail;FAIL;14/9/2025;1:51:00 ðì;Discover;Tabriz;900000.0
success;SUCCESS;24/9/2025;2:37:00 ðì;visa;Isfahan;177050.0
success;SUCCESS;8/9/2025;11:11:00 ðì;Discover;Isfahan;1387769.0
success;SUCCESS;29/9/2025;12:34:00 ìì;Master Card;Qom;5000.0
success;SUCCESS;7/9/2025;8:20:00 ìì;Visa;Qom;1768588.0
success;SUCCESS;13/9/2025;9:23:00 ìì;Discover;Tehran;914282.0
success;SUCCESS;6/9/2025;11:59:00 ìì;Master Card;Tehran;177050.0
success;SUCCESS;18/9/2025;7:08:00 ðì;Discover;Tehran;1463119.0
fail;FAIL;8/9/2025;6:45:00 ìì;Master Card;Ahvaz;177050.0
success;SUCCESS;11/9/2025;8:08:00 ðì;Master Card;Ahvaz;1.0
success;SUCCESS;22/9/2025;2:55:00 ìì;Discover;Isfahan;200000.0
fail;FAIL;29/9/2025;3:45:00 ìì;Visa;Shiraz;1387769.0
fail;FAIL;6/9/2025;10:48:00 ðì;Visa;Tehran;100.5
fail;FAIL;16/9/2025;7:08:00 ðì;Master Card;Ahvaz;1883871.0
success;SUCCESS;20/9/2025;7:32:00 ðì;Master Card;Tehran;343679.0
success;SUCCESS;12/9/2025;2:30:00 ìì;Visa;Shiraz;1305967.0
success;SUCCESS;11/9/2025;7:08:00 ðì;Amex;Tehran;63489.0
success;SUCCESS;29/9/2025;7:40:00 ìì;Visa;Mashhad;1387769.0
fail;FAIL;27/9/2025;7:32:00 ðì;Discover;Tehran;914465.0
success;SUCCESS;29/9/2025;4:16:00 ìì;Master Card;Karaj;12345.0
fail;FAIL;3/9/2025;1:13:00 ìì;Visa;Isfahan;412308.0
success;SUCCESS;13/9/2025;6:45:00 ìì;Visa;Tehran ;1427657.0
Success;SUCCESS;27/9/2025;8:59:00 ðì;Master Card;Tehran;1578078.0
fail;FAIL;3/9/2025;9:23:00 ìì;Discover;Tehran;976246.0
success;SUCCESS;15/9/2025;5:17:00 ìì;Amex;Tabriz;205000.0
success;SUCCESS;16/9/2025;2:37:00 ðì;visa;Karaj;1472823.0
success;SUCCESS;29/9/2025;5:17:00 ìì;visa;Tehran;900000.0
success;SUCCESS;13/9/2025;10:27:00 ìì;Discover;Qom;177050.0
fail;FAIL;3/9/2025;1:13:00 ìì;Master Card;karaj;123456.0
fail;FAIL;11/9/2025;3:27:00 ðì;Master Card;Karaj;914282.0
success;SUCCESS;27/9/2025;5:07:00 ìì;Discover;Tabriz;850000.0
fail;FAIL;21/9/2025;1:10:00 ìì;Discover;Tehran;471227.0
fail;FAIL;22/9/2025;11:17:00 ìì;Master Card;Mashhad;177050.0
fail;FAIL;11/9/2025;12:44:00 ìì;Discover;Shiraz;1427657.0
success;SUCCESS;30/9/2025;2:20:00 ðì;Visa;Tehran;900000.0
fail;FAIL;28/9/2025;10:27:00 ìì;Master Card;Tehran;583952.0
success;SUCCESS;16/9/2025;10:48:00 ðì;Master Card;Isfahan;419089.0
success;SUCCESS;21/9/2025;1:01:00 ðì;Discover;Tabriz;99999.0
fail;FAIL;22/9/2025;9:10:00 ìì;Discover;Isfahan;412308.0
fail;FAIL;14/9/2025;2:11:00 ìì;Discover;Ahvaz;200000.0
success;SUCCESS;24/9/2025;2:30:00 ðì;Visa;Tehran;200000.0
fail;FAIL;18/9/2025;2:37:00 ðì;visa;Tehran;120000.0
success;SUCCESS;17/9/2025;7:19:00 ìì;Master Card;Ahvaz;200000.0
success;SUCCESS;23/9/2025;4:40:00 ìì;Master Card;Tehran;1427657.0
fail;FAIL;11/9/2025;1:51:00 ðì;Master Card;Isfahan;471227.0
success;SUCCESS;26/9/2025;3:27:00 ðì;Master Card;Tehran;205000.0
success;SUCCESS;3/9/2025;9:23:00 ìì;Amex;Mashhad;177050.0
success;SUCCESS;16/9/2025;2:30:00 ìì;Visa;Shiraz;1472823.0
fail;FAIL;5/9/2025;11:11:00 ðì;Discover;Tehran;443463.0
success;SUCCESS;21/9/2025;3:27:00 ðì;Master Card;Tehran;1000.0
fail;FAIL;19/9/2025;12:00:00 ðì;Master Card;Ahvaz;343679.0
fail;FAIL;4/9/2025;7:51:00 ìì;Discover;Tabriz;250000.0
fail;FAIL;29/9/2025;8:20:00 ìì;Master Card;Tehran;1768588.0
success;SUCCESS;29/9/2025;6:45:00 ìì;Visa;Tehran;850000.0
fail;FAIL;19/9/2025;7:40:00 ìì;Master Card;Karaj;452545.0
fail;FAIL;2/9/2025;6:30:00 ðì;Amex;Tabriz;300000.0
fail;FAIL;11/9/2025;9:23:00 ìì;Master Card;Tehran;650000.0
Success;SUCCESS;25/9/2025;2:20:00 ðì;Visa;Tehran;343679.0
fail;FAIL;20/9/2025;9:23:00 ìì;Master Card;Mashhad;1387769.0
success;SUCCESS;16/9/2025;9:45:00 ðì;Master Card;Tehran ;976246.0
success;SUCCESS;19/9/2025;4:04:00 ðì;Amex;Qom;419089.0
fail;FAIL;23/9/2025;8:08:00 ðì;Visa;Tabriz;100.5
fail;FAIL;24/9/2025;2:11:00 ìì;Discover;Tehran ;99999.0
fail;FAIL;11/9/2025;7:19:00 ìì;Master Card;Tabriz;1387769.0
fail;FAIL;14/9/2025;6:45:00 ìì;Amex;Tehran;250000.0
success;SUCCESS;2/9/2025;7:29:00 ìì;Amex;Tehran;976246.0
success;SUCCESS;23/9/2025;7:51:00 ìì;Master Card;Shiraz;177050.0
fail;FAIL;28/9/2025;7:07:00 ðì;Master Card;Isfahan;177050.0
success;SUCCESS;27/9/2025;5:17:00 ìì;Discover;Tehran;1.0
fail;FAIL;19/9/2025;3:27:00 ðì;Amex;Shiraz;343679.0
success;SUCCESS;12/9/2025;11:11:00 ðì;Discover;Tabriz;914282.0
success;SUCCESS;18/9/2025;2:54:00 ðì;Visa;Isfahan;1578078.0
fail;FAIL;4/9/2025;11:11:00 ðì;Visa;Mashhad;419089.0
success;SUCCESS;22/9/2025;9:23:00 ìì;Amex;Tabriz;443463.0
success;SUCCESS;17/9/2025;2:37:00 ðì;Discover;karaj;1502601.0
fail;FAIL;10/9/2025;7:51:00 ìì;Visa;Tehran;585954.0
fail;FAIL;6/9/2025;2:11:00 ìì;Master Card;Mashhad;1050805.0
fail;FAIL;25/9/2025;2:55:00 ìì;Master Card;Tabriz;100.5
fail;FAIL;14/9/2025;7:51:00 ìì;Discover;Mashhad;419089.0
success;SUCCESS;11/9/2025;2:37:00 ðì;Visa;karaj;1578078.0
fail;FAIL;11/9/2025;11:17:00 ìì;Visa;Mashhad;976246.0
fail;FAIL;18/9/2025;10:48:00 ðì;Visa;Tehran;976246.0
success;SUCCESS;27/9/2025;2:55:00 ìì;Master Card;Ahvaz;1050805.0
fail;FAIL;22/9/2025;10:48:00 ðì;Visa;Tehran;120000.0
success;SUCCESS;24/9/2025;7:51:00 ìì;Amex;Isfahan;120000.0
fail;FAIL;23/9/2025;2:37:00 ðì;Visa;Qom;914465.0
fail;FAIL;11/9/2025;12:12:00 ìì;Master Card;Mashhad;976246.0
fail;FAIL;21/9/2025;2:11:00 ìì;Amex;Tehran;471227.0
FAIL;FAIL;12/9/2025;7:51:00 ìì;Visa;Mashhad;200000.0
success;SUCCESS;5/9/2025;7:32:00 ðì;Visa;Tehran;914282.0
success;SUCCESS;23/9/2025;3:00:00 ðì;Amex;Qom;1578078.0
success;SUCCESS;9/9/2025;2:20:00 ðì;Discover;Shiraz;1502601.0
success;SUCCESS;25/9/2025;9:21:00 ìì;Amex;Tehran;177050.0
success;SUCCESS;10/9/2025;11:17:00 ìì;Master Card;Mashhad;200000.0
success;SUCCESS;22/9/2025;10:27:00 ìì;Master Card;Tehran;300000.0
fail;FAIL;7/9/2025;2:30:00 ìì;VISA;Tabriz;419089.0
fail;FAIL;1/9/2025;6:30:00 ðì;Amex;Tabriz;200000.0
fail;FAIL;8/9/2025;9:21:00 ìì;visa;Tehran;120000.0
success;SUCCESS;12/9/2025;2:00:00 ìì;Visa;Tehran;12345.0
success;SUCCESS;22/9/2025;9:21:00 ìì;Visa;Isfahan;545116.0
success;SUCCESS;18/9/2025;12:44:00 ìì;Master Card;Tabriz;120000.0
fail;FAIL;14/9/2025;1:10:00 ìì;Amex;Karaj;1158713.0
fail;FAIL;14/9/2025;1:51:00 ðì;Master Card;Isfahan;1782689.0
success;SUCCESS;18/9/2025;3:45:00 ìì;Visa;Tehran;545116.0
fail;FAIL;16/9/2025;7:08:00 ðì;Amex;Karaj;1387769.0
success;SUCCESS;1/9/2025;4:40:00 ðì;Master Card;Tehran;1000.0
success;SUCCESS;23/9/2025;8:59:00 ðì;visa;Tehran;419089.0
success;SUCCESS;27/9/2025;4:04:00 ðì;Discover;Tehran;1472823.0
fail;FAIL;8/9/2025;12:34:00 ìì;Discover;Tehran;1578078.0
fail;FAIL;20/9/2025;2:54:00 ðì;Discover;Isfahan;343679.0
success;SUCCESS;30/9/2025;5:17:00 ìì;Master Card;Tehran;914282.0
success;SUCCESS;6/9/2025;6:30:00 ðì;Amex;Qom;120000.0
fail;FAIL;26/9/2025;9:23:00 ìì;Discover;Qom;200000.0
fail;FAIL;13/9/2025;2:24:00 ðì;Master Card;Tehran;1502601.0
fail;FAIL;13/9/2025;12:00:00 ðì;Discover;Shiraz;419089.0
success;SUCCESS;2/9/2025;9:23:00 ìì;VISA;Mashhad;1578078.0
fail;FAIL;5/9/2025;11:59:00 ìì;Master Card;Tabriz;850000.0
fail;FAIL;6/9/2025;11:17:00 ìì;Master Card;Shiraz;976246.0
fail;FAIL;2/9/2025;11:11:00 ðì;Master Card;Tehran;12345.0
fail;FAIL;4/9/2025;6:00:00 ìì;Master Card;Tehran;1463119.0
success;SUCCESS;22/9/2025;2:00:00 ìì;Master Card;Qom;177050.0
FAIL;FAIL;26/9/2025;12:12:00 ìì;Master Card;Tabriz;583952.0
fail;FAIL;11/9/2025;2:30:00 ðì;Amex;Mashhad;1578078.0
Success;SUCCESS;8/9/2025;9:23:00 ìì;Visa;Isfahan;1782689.0
fail;FAIL;11/9/2025;11:59:00 ìì;Master Card;Shiraz;250000.0
fail;FAIL;20/9/2025;3:27:00 ðì;Visa;Tehran;177050.0
Success;SUCCESS;8/9/2025;3:00:00 ðì;Discover;Tabriz;1.0
fail;FAIL;29/9/2025;12:12:00 ìì;Master Card;Isfahan;1578078.0
success;SUCCESS;26/9/2025;2:30:00 ðì;Master Card;Qom;63489.0
fail;FAIL;30/9/2025;9:23:00 ìì;Master Card;Tehran;1578078.0
success;SUCCESS;17/9/2025;10:48:00 ðì;Visa;Tabriz;205000.0
FAIL;FAIL;20/9/2025;12:12:00 ìì;Discover;Tabriz;99999.0
success;SUCCESS;20/9/2025;8:08:00 ðì;Discover;karaj;471227.0
fail;FAIL;16/9/2025;2:02:00 ìì;Visa;Tabriz;300000.0
success;SUCCESS;14/9/2025;3:00:00 ðì;Master Card;Tehran;914465.0
success;SUCCESS;30/9/2025;2:11:00 ìì;Master Card;Tabriz;545116.0
fail;FAIL;11/9/2025;11:11:00 ðì;VISA;Tehran;443463.0
fail;FAIL;7/9/2025;9:09:00 ðì;visa;Tabriz;976246.0
fail;FAIL;13/9/2025;12:34:00 ìì;Master Card;Mashhad;100.5
fail;FAIL;15/9/2025;2:30:00 ðì;Master Card;Qom;443463.0
fail;FAIL;24/9/2025;5:56:00 ðì;Master Card;Isfahan;1502601.0
fail;FAIL;21/9/2025;7:51:00 ìì;Master Card;Isfahan;555555.0
fail;FAIL;23/9/2025;5:17:00 ìì;Master Card;Tehran;585954.0
fail;FAIL;24/9/2025;7:32:00 ðì;Amex;Tabriz;850000.0
fail;FAIL;9/9/2025;2:11:00 ìì;Visa;Tehran;1578078.0
fail;FAIL;3/9/2025;7:29:00 ìì;Master Card;Isfahan;1502601.0
fail;FAIL;17/9/2025;7:32:00 ðì;Visa;Tehran;100.5
success;SUCCESS;15/9/2025;4:04:00 ðì;Master Card;Tabriz;914282.0
success;SUCCESS;23/9/2025;12:44:00 ìì;Visa;Shiraz;443463.0
fail;FAIL;25/9/2025;2:24:00 ðì;Master Card;Tehran;1578078.0
fail;FAIL;8/9/2025;4:15:00 ðì;Discover;Karaj;300000.0
success;SUCCESS;15/9/2025;7:07:00 ðì;Visa;Tehran ;850000.0
fail;FAIL;30/9/2025;7:29:00 ìì;Discover;Tehran;1.0
Success;SUCCESS;14/9/2025;4:15:00 ðì;Master Card;Mashhad;1502601.0
fail;FAIL;21/9/2025;7:08:00 ðì;Discover;Tehran;1463119.0
success;SUCCESS;17/9/2025;5:17:00 ìì;Master Card;Tabriz;177050.0
Success;SUCCESS;17/9/2025;10:05:00 ðì;Master Card;Isfahan;1158713.0
success;SUCCESS;10/9/2025;2:02:00 ìì;VISA;Tabriz;650000.0
Success;SUCCESS;30/9/2025;7:40:00 ìì;Master Card;Tehran;343679.0
fail;FAIL;29/9/2025;4:40:00 ìì;Amex;Tabriz;99999.0
fail;FAIL;19/9/2025;9:00:00 ðì;Visa;karaj;100.5
FAIL;FAIL;11/9/2025;2:55:00 ìì;Visa;karaj;123456.0
fail;FAIL;18/9/2025;6:12:00 ìì;Discover;Karaj;1000.0
fail;FAIL;7/9/2025;11:11:00 ðì;Visa;Mashhad;1472823.0
fail;FAIL;26/9/2025;2:24:00 ðì;Master Card;Tehran;1768588.0
fail;FAIL;2/9/2025;9:00:00 ðì;Master Card;Shiraz;1427657.0
fail;FAIL;27/9/2025;5:17:00 ìì;Amex;Ahvaz;1578078.0
success;SUCCESS;20/9/2025;9:09:00 ðì;Visa;Ahvaz;583952.0
fail;FAIL;6/9/2025;10:27:00 ìì;Master Card;Tehran;900000.0
fail;FAIL;24/9/2025;4:40:00 ìì;Visa;Isfahan;443463.0
success;SUCCESS;10/9/2025;2:30:00 ìì;Master Card;Mashhad;300000.0
fail;FAIL;20/9/2025;7:51:00 ìì;Master Card;karaj;1463119.0
fail;FAIL;3/9/2025;9:00:00 ðì;Amex;Tehran;471227.0
fail;FAIL;5/9/2025;2:30:00 ðì;Amex;Tehran;774681.0
success;SUCCESS;30/9/2025;10:48:00 ðì;Visa;Tehran;343679.0
success;SUCCESS;25/9/2025;2:20:00 ðì;Master Card;Tabriz;12345.0
fail;FAIL;8/9/2025;5:23:00 ðì;Discover;Mashhad;100.5
success;SUCCESS;8/9/2025;5:07:00 ìì;Visa;Tehran;200000.0
Success;SUCCESS;12/9/2025;7:08:00 ðì;Discover;Shiraz;300000.0
fail;FAIL;24/9/2025;6:45:00 ìì;Master Card;Tehran;452545.0
fail;FAIL;23/9/2025;6:06:00 ðì;visa;Tehran ;333333.0
success;SUCCESS;8/9/2025;7:40:00 ìì;Visa;Tehran;1578078.0
success;SUCCESS;11/9/2025;11:59:00 ìì;Visa;Tehran;419089.0
Success;SUCCESS;8/9/2025;10:48:00 ðì;Master Card;Mashhad;1.0
fail;FAIL;24/9/2025;10:27:00 ìì;Visa;Tabriz;583952.0
success;SUCCESS;28/9/2025;9:00:00 ðì;Master Card;Ahvaz;1768588.0
success;SUCCESS;10/9/2025;12:12:00 ìì;Visa;Shiraz;914465.0
fail;FAIL;7/9/2025;7:40:00 ìì;Master Card;Qom;1502601.0
FAIL;FAIL;28/9/2025;6:30:00 ðì;Visa;karaj;450000.0
success;SUCCESS;4/9/2025;4:40:00 ìì;Master Card;Tabriz;177050.0
fail;FAIL;13/9/2025;8:20:00 ìì;Visa;Tehran;1050805.0
fail;FAIL;4/9/2025;2:30:00 ðì;Discover;Qom;1427657.0
fail;FAIL;5/9/2025;2:55:00 ìì;Master Card;Shiraz;123456.0
fail;FAIL;26/9/2025;3:27:00 ðì;Visa;Tehran;471227.0
fail;FAIL;22/9/2025;4:40:00 ðì;Visa;Mashhad;471227.0
success;SUCCESS;18/9/2025;2:00:00 ìì;Master Card;Tehran;1502601.0
success;SUCCESS;6/9/2025;9:10:00 ìì;Master Card;Qom;333333.0
success;SUCCESS;24/9/2025;7:40:00 ìì;Master Card;Tabriz;100000.0
Success;SUCCESS;23/9/2025;1:13:00 ìì;Visa;Tehran;1000.0
fail;FAIL;22/9/2025;4:04:00 ðì;Discover;Tabriz;12345.0
Success;SUCCESS;2/9/2025;9:09:00 ðì;Visa;Tabriz;914465.0
fail;FAIL;23/9/2025;2:30:00 ìì;Visa;Tabriz;976246.0
success;SUCCESS;11/9/2025;6:45:00 ìì;Master Card;Tehran;123456.0
fail;FAIL;28/9/2025;1:01:00 ðì;Amex;karaj;450000.0
success;SUCCESS;5/9/2025;7:51:00 ìì;Visa;Tehran;200000.0
fail;FAIL;6/9/2025;9:09:00 ðì;Master Card;Tehran;850000.0
success;SUCCESS;10/9/2025;6:00:00 ìì;Visa;Tehran;177050.0
fail;FAIL;14/9/2025;4:16:00 ìì;Master Card;karaj;1000.0
success;SUCCESS;12/9/2025;2:37:00 ðì;Master Card;Tehran;63489.0
fail;FAIL;16/9/2025;9:10:00 ìì;Amex;Qom;12345.0
fail;FAIL;28/9/2025;10:48:00 ðì;Master Card;karaj;914282.0
fail;FAIL;23/9/2025;10:27:00 ìì;Master Card;Tabriz;1000.0
fail;FAIL;1/9/2025;9:00:00 ðì;Visa;Tehran;200000.0
success;SUCCESS;23/9/2025;9:21:00 ìì;Visa;Ahvaz;177050.0
FAIL;FAIL;10/9/2025;11:11:00 ðì;Amex;Ahvaz;583952.0
success;SUCCESS;2/9/2025;11:11:00 ðì;Visa;Ahvaz;100.5
success;SUCCESS;9/9/2025;2:11:00 ìì;Visa;Qom;583952.0
success;SUCCESS;22/9/2025;1:51:00 ðì;Amex;Karaj;1768588.0
fail;FAIL;13/9/2025;2:02:00 ìì;VISA;Tehran;850000.0
success;SUCCESS;25/9/2025;10:48:00 ðì;Visa;Tehran;1883871.0
success;SUCCESS;18/9/2025;9:09:00 ðì;Amex;Tehran;914465.0
success;SUCCESS;19/9/2025;3:00:00 ðì;Amex;Isfahan;343679.0
fail;FAIL;12/9/2025;12:12:00 ìì;Visa;Tabriz;1387769.0
fail;FAIL;8/9/2025;12:00:00 ðì;Master Card;Tehran;1305967.0
fail;FAIL;17/9/2025;12:12:00 ìì;Master Card;Tehran;585954.0
fail;FAIL;15/9/2025;12:00:00 ðì;Discover;Ahvaz;343679.0
success;SUCCESS;23/9/2025;2:55:00 ìì;Visa;Tehran;333333.0
fail;FAIL;7/9/2025;8:33:00 ìì;Visa;karaj;250000.0
success;SUCCESS;9/9/2025;2:37:00 ðì;Discover;Tehran;471227.0
fail;FAIL;8/9/2025;1:13:00 ìì;Discover;Tehran;5000.0
success;SUCCESS;20/9/2025;6:30:00 ðì;Master Card;Isfahan;555555.0
Success;SUCCESS;26/9/2025;2:37:00 ðì;Master Card;Mashhad;200000.0
fail;FAIL;27/9/2025;4:40:00 ìì;visa;Tehran;100.5
success;SUCCESS;21/9/2025;8:08:00 ðì;Master Card;Tehran;976246.0
fail;FAIL;13/9/2025;7:07:00 ðì;Visa;Tehran;12345.0
success;SUCCESS;16/9/2025;12:34:00 ìì;Discover;Mashhad;583952.0
success;SUCCESS;9/9/2025;11:11:00 ðì;Visa;Tehran;900000.0
fail;FAIL;6/9/2025;12:44:00 ìì;Visa;Tehran;300000.0
fail;FAIL;28/9/2025;2:54:00 ðì;Amex;Karaj;1463119.0
fail;FAIL;7/9/2025;6:30:00 ðì;Visa;Ahvaz;99999.0
success;SUCCESS;25/9/2025;4:15:00 ðì;Master Card;karaj;333333.0
fail;FAIL;3/9/2025;3:27:00 ðì;Visa;Shiraz;585954.0
Success;SUCCESS;16/9/2025;5:17:00 ìì;Amex;Tabriz;583952.0
fail;FAIL;23/9/2025;6:30:00 ðì;Discover;karaj;177050.0
success;SUCCESS;7/9/2025;5:07:00 ìì;Discover;Karaj;976246.0
fail;FAIL;4/9/2025;3:00:00 ðì;Visa;Mashhad;585954.0
Success;SUCCESS;27/9/2025;4:40:00 ðì;Master Card;Tehran;120000.0
success;SUCCESS;25/9/2025;8:08:00 ðì;Amex;Tabriz;585954.0
fail;FAIL;30/9/2025;10:05:00 ðì;Amex;Karaj;976246.0
fail;FAIL;8/9/2025;9:45:00 ðì;Visa;Mashhad;583952.0
success;SUCCESS;13/9/2025;2:02:00 ìì;Master Card;Isfahan;205000.0
Success;SUCCESS;13/9/2025;12:12:00 ìì;Visa;Tabriz;177050.0
success;SUCCESS;17/9/2025;6:30:00 ðì;Amex;Shiraz;100000.0
fail;FAIL;6/9/2025;10:05:00 ðì;Master Card;Tehran;452545.0
success;SUCCESS;19/9/2025;6:30:00 ðì;VISA;Mashhad;450000.0
Success;SUCCESS;13/9/2025;2:11:00 ìì;Discover;Tabriz;1463119.0
fail;FAIL;25/9/2025;11:59:00 ìì;Visa;Mashhad;1387769.0
fail;FAIL;28/9/2025;7:19:00 ìì;Master Card;Shiraz;850000.0
success;SUCCESS;14/9/2025;6:12:00 ìì;Master Card;Ahvaz;914282.0
fail;FAIL;28/9/2025;7:19:00 ìì;Discover;Tehran;850000.0
fail;FAIL;7/9/2025;2:02:00 ìì;Visa;Tehran;976246.0
Success;SUCCESS;25/9/2025;4:04:00 ðì;Master Card;Karaj;774681.0
fail;FAIL;13/9/2025;3:27:00 ðì;Discover;Qom;200000.0
fail;FAIL;27/9/2025;5:56:00 ðì;Discover;Tehran ;1158713.0
success;SUCCESS;6/9/2025;4:40:00 ìì;Master Card;Isfahan;443463.0
fail;FAIL;24/9/2025;7:51:00 ìì;Master Card;Tehran;471227.0
success;SUCCESS;21/9/2025;3:00:00 ðì;Visa;Isfahan;1463119.0
Success;SUCCESS;30/9/2025;6:12:00 ìì;Master Card;Karaj;100.5
success;SUCCESS;3/9/2025;6:30:00 ðì;Master Card;Shiraz;555555.0
fail;FAIL;28/9/2025;12:34:00 ìì;Master Card;Tabriz;333333.0
Success;SUCCESS;3/9/2025;4:15:00 ðì;Master Card;Tabriz;585954.0
success;SUCCESS;13/9/2025;7:29:00 ìì;Amex;Isfahan;99999.0
success;SUCCESS;2/9/2025;3:27:00 ðì;Master Card;Tehran;471227.0
fail;FAIL;16/9/2025;9:45:00 ðì;Master Card;Tehran;471227.0
fail;FAIL;22/9/2025;2:11:00 ìì;Master Card;Tehran;1000.0
success;SUCCESS;29/9/2025;9:23:00 ìì;Amex;Shiraz;774681.0
fail;FAIL;6/9/2025;8:08:00 ðì;Master Card;Karaj;914282.0
fail;FAIL;25/9/2025;10:48:00 ðì;Visa;Isfahan;1782689.0
fail;FAIL;6/9/2025;7:32:00 ðì;Visa;karaj;200000.0
success;SUCCESS;10/9/2025;3:27:00 ðì;Discover;Qom;1050805.0
fail;FAIL;12/9/2025;2:00:00 ìì;Amex;Tehran;1427657.0
success;SUCCESS;17/9/2025;10:27:00 ìì;Discover;Karaj;900000.0
success;SUCCESS;27/9/2025;12:00:00 ðì;Master Card;Shiraz;12345.0
success;SUCCESS;5/9/2025;2:11:00 ìì;Visa;Tehran;1387769.0
success;SUCCESS;30/9/2025;2:30:00 ìì;Discover;Isfahan;63489.0
success;SUCCESS;20/9/2025;8:33:00 ìì;Visa;Mashhad;50200.0
success;SUCCESS;9/9/2025;7:51:00 ìì;Amex;Tabriz;100.5
success;SUCCESS;30/9/2025;5:07:00 ìì;Visa;Tabriz;1387769.0
success;SUCCESS;21/9/2025;10:48:00 ðì;Visa;Ahvaz;452545.0
fail;FAIL;26/9/2025;1:51:00 ðì;Discover;Tehran;412308.0
success;SUCCESS;20/9/2025;2:30:00 ðì;Visa;karaj;443463.0
Success;SUCCESS;7/9/2025;7:08:00 ðì;Amex;Shiraz;1387769.0
fail;FAIL;4/9/2025;7:08:00 ðì;Visa;Tabriz;1578078.0
success;SUCCESS;13/9/2025;4:15:00 ðì;Discover;Ahvaz;585954.0
success;SUCCESS;10/9/2025;4:04:00 ðì;Visa;Mashhad;123456.0
fail;FAIL;20/9/2025;6:06:00 ðì;Amex;Ahvaz;900000.0
success;SUCCESS;13/9/2025;9:21:00 ìì;Visa;Tabriz;650000.0
success;SUCCESS;22/9/2025;1:51:00 ðì;Visa;Tehran;1000.0
fail;FAIL;4/9/2025;7:51:00 ìì;Amex;Tehran;583952.0
success;SUCCESS;1/9/2025;8:20:00 ìì;Visa;Ahvaz;1387769.0
fail;FAIL;1/9/2025;7:07:00 ðì;Visa;Tehran;976246.0
success;SUCCESS;24/9/2025;11:11:00 ðì;Master Card;Tehran ;471227.0
fail;FAIL;8/9/2025;5:17:00 ìì;Master Card;Mashhad;1578078.0
fail;FAIL;18/9/2025;2:30:00 ìì;Visa;Mashhad;1.0
success;SUCCESS;27/9/2025;11:59:00 ìì;Visa;Shiraz;1768588.0
fail;FAIL;13/9/2025;2:30:00 ìì;Discover;Tabriz;471227.0
success;SUCCESS;14/9/2025;9:21:00 ìì;Master Card;Tabriz;1578078.0
fail;FAIL;8/9/2025;7:19:00 ìì;Visa;Mashhad;100000.0
Success;SUCCESS;26/9/2025;6:30:00 ðì;Visa;Tehran;100.5
Success;SUCCESS;15/9/2025;7:07:00 ðì;Master Card;Tehran;63489.0
fail;FAIL;27/9/2025;10:48:00 ðì;VISA;Qom;333333.0
fail;FAIL;13/9/2025;2:55:00 ìì;Visa;Qom;250000.0
success;SUCCESS;7/9/2025;2:11:00 ìì;Master Card;Ahvaz;177050.0
success;SUCCESS;25/9/2025;2:02:00 ìì;Amex;Karaj;100.5
fail;FAIL;16/9/2025;7:19:00 ìì;Amex;karaj;1387769.0
fail;FAIL;23/9/2025;11:11:00 ðì;Visa;Karaj;177050.0
fail;FAIL;2/9/2025;11:59:00 ìì;Discover;Isfahan;443463.0
success;SUCCESS;22/9/2025;11:11:00 ðì;Amex;Isfahan;200000.0
success;SUCCESS;17/9/2025;2:37:00 ðì;Master Card;Tehran;900000.0
success;SUCCESS;30/9/2025;9:09:00 ðì;Master Card;Tehran;1427657.0
success;SUCCESS;29/9/2025;1:13:00 ìì;Amex;Qom;585954.0
FAIL;FAIL;14/9/2025;10:27:00 ìì;Visa;Tehran;1578078.0
fail;FAIL;30/9/2025;2:11:00 ìì;Visa;Shiraz;120000.0
fail;FAIL;13/9/2025;12:12:00 ìì;Discover;Qom;471227.0
fail;FAIL;11/9/2025;7:08:00 ðì;Discover;Mashhad;774681.0
success;SUCCESS;30/9/2025;1:51:00 ðì;Visa;Tehran;900000.0
fail;FAIL;21/9/2025;7:08:00 ðì;Master Card;Tabriz;914465.0
fail;FAIL;16/9/2025;2:11:00 ìì;Amex;Qom;177050.0
success;SUCCESS;23/9/2025;6:45:00 ìì;Master Card;Ahvaz;419089.0
FAIL;FAIL;17/9/2025;10:05:00 ðì;Visa;Tehran;120000.0
fail;FAIL;8/9/2025;12:34:00 ìì;Visa;Ahvaz;205000.0
success;SUCCESS;19/9/2025;8:20:00 ìì;Visa;Tehran;976246.0
fail;FAIL;20/9/2025;2:20:00 ðì;Visa;Ahvaz;250000.0
Success;SUCCESS;15/9/2025;11:11:00 ðì;Amex;Qom;1578078.0
success;SUCCESS;9/9/2025;6:45:00 ìì;Amex;Mashhad;1578078.0
fail;FAIL;20/9/2025;1:51:00 ðì;Visa;Qom;419089.0
fail;FAIL;10/9/2025;7:32:00 ðì;Visa;Tehran;200000.0
success;SUCCESS;21/9/2025;7:32:00 ðì;Master Card;Mashhad;123456.0
fail;FAIL;23/9/2025;11:11:00 ðì;Master Card;Tehran;443463.0
success;SUCCESS;30/9/2025;5:07:00 ìì;Discover;Isfahan;5000.0
success;SUCCESS;1/9/2025;10:48:00 ðì;Master Card;Tehran;343679.0
fail;FAIL;25/9/2025;6:06:00 ðì;Visa;Tehran;450000.0
success;SUCCESS;20/9/2025;12:00:00 ðì;visa;Tehran ;419089.0
fail;FAIL;9/9/2025;1:13:00 ìì;Master Card;Tehran;471227.0
fail;FAIL;22/9/2025;7:19:00 ìì;Amex;Tehran;419089.0
success;SUCCESS;15/9/2025;12:00:00 ðì;Amex;Karaj;1768588.0
fail;FAIL;1/9/2025;2:55:00 ìì;Master Card;Tehran ;1768588.0
success;SUCCESS;12/9/2025;7:32:00 ðì;Discover;Shiraz;850000.0
fail;FAIL;3/9/2025;11:59:00 ìì;Visa;karaj;50200.0
success;SUCCESS;11/9/2025;6:30:00 ðì;Amex;Tehran;1427657.0
success;SUCCESS;2/9/2025;2:37:00 ðì;Visa;Karaj;99999.0
FAIL;FAIL;16/9/2025;4:04:00 ðì;Visa;Tehran;100.5
fail;FAIL;9/9/2025;10:48:00 ðì;Amex;Qom;555555.0
success;SUCCESS;13/9/2025;4:40:00 ðì;Visa;Ahvaz;177050.0
fail;FAIL;14/9/2025;8:33:00 ìì;Amex;Mashhad;900000.0
success;SUCCESS;25/9/2025;4:15:00 ðì;Visa;Tabriz;1782689.0
fail;FAIL;25/9/2025;2:11:00 ìì;Master Card;Tehran;583952.0
fail;FAIL;8/9/2025;2:55:00 ìì;Master Card;Ahvaz;1.0
fail;FAIL;8/9/2025;9:00:00 ðì;Master Card;Tabriz;100.5
success;SUCCESS;27/9/2025;2:00:00 ìì;Visa;karaj;177050.0
success;SUCCESS;30/9/2025;5:07:00 ìì;Visa;Isfahan;1463119.0
fail;FAIL;12/9/2025;3:00:00 ðì;Visa;Tabriz;583952.0
success;SUCCESS;1/9/2025;9:00:00 ðì;Amex;Tehran;1578078.0
fail;FAIL;11/9/2025;1:01:00 ðì;Visa;Tehran;850000.0
success;SUCCESS;10/9/2025;10:27:00 ìì;Master Card;Tehran;1000.0
fail;FAIL;19/9/2025;6:45:00 ìì;Master Card;Tehran;585954.0
fail;FAIL;11/9/2025;7:08:00 ðì;Master Card;Tehran;914282.0
fail;FAIL;11/9/2025;3:27:00 ðì;Master Card;Tabriz;200000.0
success;SUCCESS;1/9/2025;12:44:00 ìì;Discover;Tehran;177050.0
success;SUCCESS;26/9/2025;12:34:00 ìì;Visa;Tabriz;177050.0
success;SUCCESS;29/9/2025;8:20:00 ìì;Visa;Mashhad;585954.0
fail;FAIL;21/9/2025;1:01:00 ðì;Master Card;Karaj;50200.0
fail;FAIL;23/9/2025;8:08:00 ðì;Master Card;Isfahan;123456.0
success;SUCCESS;24/9/2025;11:11:00 ðì;visa;Shiraz;100000.0
fail;FAIL;6/9/2025;1:10:00 ìì;Amex;karaj;333333.0
success;SUCCESS;18/9/2025;7:08:00 ðì;Amex;Tehran;205000.0
fail;FAIL;6/9/2025;7:08:00 ðì;Visa;Mashhad;900000.0
fail;FAIL;5/9/2025;4:04:00 ðì;Visa;Tehran;850000.0
success;SUCCESS;13/9/2025;9:21:00 ìì;Discover;Tehran;412308.0
success;SUCCESS;22/9/2025;2:02:00 ìì;Visa;Tehran;1883871.0
fail;FAIL;8/9/2025;2:54:00 ðì;Discover;karaj;419089.0
fail;FAIL;9/9/2025;2:24:00 ðì;Master Card;Ahvaz;585954.0
fail;FAIL;17/9/2025;7:08:00 ðì;Visa;Karaj;177050.0
success;SUCCESS;19/9/2025;9:10:00 ìì;Visa;Ahvaz;200000.0
fail;FAIL;24/9/2025;7:07:00 ðì;Discover;Isfahan;900000.0
success;SUCCESS;17/9/2025;9:45:00 ðì;Amex;Tehran;1463119.0
success;SUCCESS;19/9/2025;5:17:00 ìì;Discover;Tehran;100.5
fail;FAIL;8/9/2025;2:55:00 ìì;Visa;Tehran;850000.0
fail;FAIL;19/9/2025;11:11:00 ðì;Master Card;Shiraz;419089.0
fail;FAIL;7/9/2025;5:56:00 ðì;Master Card;Mashhad;5000.0
success;SUCCESS;28/9/2025;9:45:00 ðì;Visa;Tehran;1463119.0
fail;FAIL;27/9/2025;9:00:00 ðì;Visa;Tehran;177050.0
success;SUCCESS;17/9/2025;7:51:00 ìì;Visa;Karaj;177050.0
fail;FAIL;6/9/2025;7:29:00 ìì;Visa;Karaj;555555.0
Success;SUCCESS;19/9/2025;12:00:00 ðì;Master Card;Tehran;545116.0
success;SUCCESS;24/9/2025;12:12:00 ìì;Visa;Qom;583952.0
success;SUCCESS;6/9/2025;8:33:00 ìì;Amex;Tehran;471227.0
success;SUCCESS;6/9/2025;9:45:00 ðì;Visa;Isfahan;205000.0
Success;SUCCESS;23/9/2025;4:40:00 ìì;Amex;Shiraz;976246.0
success;SUCCESS;5/9/2025;10:05:00 ðì;Visa;Mashhad;976246.0
fail;FAIL;19/9/2025;2:02:00 ìì;visa;Tabriz;123456.0
fail;FAIL;20/9/2025;7:51:00 ìì;Visa;Qom;343679.0
fail;FAIL;4/9/2025;10:05:00 ðì;Visa;Qom;976246.0
fail;FAIL;22/9/2025;11:59:00 ìì;Discover;Mashhad;850000.0
fail;FAIL;26/9/2025;1:13:00 ìì;Visa;Tehran;976246.0
success;SUCCESS;17/9/2025;2:30:00 ðì;Discover;Tehran;1768588.0
fail;FAIL;11/9/2025;5:56:00 ðì;Master Card;Qom;1782689.0
fail;FAIL;4/9/2025;8:33:00 ìì;Visa;Tabriz;585954.0
fail;FAIL;26/9/2025;2:37:00 ðì;Visa;Karaj;50200.0
fail;FAIL;20/9/2025;2:55:00 ìì;Visa;Mashhad;443463.0
success;SUCCESS;28/9/2025;12:44:00 ìì;Master Card;Tabriz;200000.0
fail;FAIL;14/9/2025;12:44:00 ìì;Visa;Qom;250000.0
fail;FAIL;19/9/2025;1:13:00 ìì;Visa;Tehran;100.5
success;SUCCESS;26/9/2025;4:15:00 ðì;Master Card;karaj;300000.0
fail;FAIL;3/9/2025;11:11:00 ðì;Master Card;Shiraz;914282.0
fail;FAIL;14/9/2025;8:08:00 ðì;Visa;Mashhad;1.0
success;SUCCESS;24/9/2025;5:56:00 ðì;Visa;Tehran;1578078.0
success;SUCCESS;27/9/2025;11:59:00 ìì;Visa;Karaj;1.0
fail;FAIL;28/9/2025;4:04:00 ðì;Visa;Shiraz;177050.0
fail;FAIL;10/9/2025;2:37:00 ðì;Master Card;Isfahan;177050.0
success;SUCCESS;18/9/2025;12:00:00 ðì;Amex;Tehran;914465.0
fail;FAIL;16/9/2025;2:55:00 ìì;Master Card;Karaj;200000.0
success;SUCCESS;8/9/2025;2:11:00 ìì;Amex;karaj;1768588.0
success;SUCCESS;1/9/2025;7:40:00 ìì;Discover;Tehran;545116.0
fail;FAIL;24/9/2025;7:19:00 ìì;Master Card;Shiraz;650000.0
success;SUCCESS;18/9/2025;2:37:00 ðì;visa;Shiraz;555555.0
fail;FAIL;4/9/2025;9:10:00 ìì;Discover;Tabriz;1782689.0
fail;FAIL;6/9/2025;11:17:00 ìì;Master Card;Tehran;99999.0
fail;FAIL;27/9/2025;6:06:00 ðì;Discover;Tabriz;200000.0
fail;FAIL;9/9/2025;1:01:00 ðì;Visa;Tehran;120000.0
success;SUCCESS;16/9/2025;7:29:00 ìì;Master Card;Tabriz;100000.0
success;SUCCESS;24/9/2025;2:30:00 ðì;Visa;karaj;100.5
success;SUCCESS;12/9/2025;9:23:00 ìì;Master Card;Tehran;100.5
success;SUCCESS;24/9/2025;8:20:00 ìì;Amex;Isfahan;120000.0
fail;FAIL;23/9/2025;6:45:00 ìì;Visa;Tabriz;1768588.0
success;SUCCESS;25/9/2025;5:56:00 ðì;Master Card;Ahvaz;914465.0
FAIL;FAIL;2/9/2025;7:29:00 ìì;Visa;Mashhad;200000.0
fail;FAIL;3/9/2025;9:23:00 ìì;Master Card;Tehran;471227.0
fail;FAIL;26/9/2025;7:51:00 ìì;Visa;Tabriz;100.5
success;SUCCESS;30/9/2025;7:08:00 ðì;Visa;Isfahan;1883871.0
fail;FAIL;20/9/2025;2:20:00 ðì;Visa;Tabriz;250000.0
success;SUCCESS;8/9/2025;6:30:00 ðì;Visa;Tabriz;1578078.0
success;SUCCESS;10/9/2025;7:40:00 ìì;Master Card;Tabriz;5000.0
fail;FAIL;19/9/2025;2:30:00 ìì;Master Card;karaj;471227.0
fail;FAIL;3/9/2025;3:27:00 ðì;Master Card;Isfahan;1050805.0
success;SUCCESS;3/9/2025;12:12:00 ìì;Discover;Tehran;177050.0
fail;FAIL;26/9/2025;12:12:00 ìì;Visa;Tehran;343679.0
fail;FAIL;16/9/2025;1:51:00 ðì;Master Card;Tehran;200000.0
fail;FAIL;17/9/2025;6:45:00 ìì;Amex;karaj;343679.0
fail;FAIL;3/9/2025;8:33:00 ìì;Master Card;Tabriz;1050805.0
success;SUCCESS;12/9/2025;4:15:00 ðì;Visa;Tabriz;419089.0
success;SUCCESS;21/9/2025;6:45:00 ìì;Amex;Isfahan;585954.0
fail;FAIL;12/9/2025;3:45:00 ìì;Visa;Mashhad;1578078.0
fail;FAIL;26/9/2025;2:20:00 ðì;Visa;Tehran;1578078.0
fail;FAIL;4/9/2025;9:45:00 ðì;Visa;Tehran;250000.0
fail;FAIL;16/9/2025;8:08:00 ðì;visa;Tabriz;976246.0
fail;FAIL;23/9/2025;2:11:00 ìì;Master Card;Mashhad;100.5
success;SUCCESS;22/9/2025;1:51:00 ðì;Master Card;Shiraz;300000.0
fail;FAIL;2/9/2025;9:10:00 ìì;Visa;Tehran;1768588.0
fail;FAIL;30/9/2025;8:08:00 ðì;Amex;Tehran;343679.0
success;SUCCESS;26/9/2025;7:40:00 ìì;Master Card;Tehran;585954.0
success;SUCCESS;21/9/2025;1:51:00 ðì;Visa;Tehran ;1463119.0
fail;FAIL;20/9/2025;10:48:00 ðì;Amex;Tehran;100.5
fail;FAIL;17/9/2025;12:12:00 ìì;Visa;Tehran ;99999.0
fail;FAIL;22/9/2025;6:00:00 ìì;VISA;Tehran;5000.0
success;SUCCESS;30/9/2025;12:34:00 ìì;Discover;Tehran;976246.0
success;SUCCESS;1/9/2025;11:11:00 ðì;Master Card;Tehran;12345.0
success;SUCCESS;6/9/2025;3:45:00 ìì;Master Card;Ahvaz;419089.0
success;SUCCESS;15/9/2025;2:11:00 ìì;Amex;Tehran;914465.0
fail;FAIL;26/9/2025;11:11:00 ðì;Discover;Isfahan;412308.0
fail;FAIL;14/9/2025;8:08:00 ðì;Amex;Isfahan;976246.0
fail;FAIL;20/9/2025;9:45:00 ðì;Amex;Mashhad;333333.0
success;SUCCESS;14/9/2025;7:08:00 ðì;Discover;Shiraz;100.5
success;SUCCESS;25/9/2025;2:24:00 ðì;Discover;Tabriz;250000.0
fail;FAIL;21/9/2025;3:27:00 ðì;Master Card;Tabriz;343679.0
success;SUCCESS;24/9/2025;7:40:00 ìì;VISA;Tehran;5000.0
success;SUCCESS;25/9/2025;2:00:00 ìì;Master Card;Tehran;343679.0
success;SUCCESS;26/9/2025;11:11:00 ðì;Master Card;Tabriz;50200.0
fail;FAIL;5/9/2025;7:51:00 ìì;Master Card;Karaj;100000.0
success;SUCCESS;17/9/2025;3:27:00 ðì;Visa;Tabriz;914282.0
success;SUCCESS;11/9/2025;3:45:00 ìì;Master Card;Tehran;1472823.0
success;SUCCESS;16/9/2025;6:12:00 ìì;Master Card;Shiraz;1.0
fail;FAIL;12/9/2025;10:48:00 ðì;Master Card;Tehran;1463119.0
success;SUCCESS;15/9/2025;4:15:00 ðì;Master Card;Tehran;1387769.0
fail;FAIL;23/9/2025;4:15:00 ðì;Visa;Tehran;1387769.0
fail;FAIL;4/9/2025;2:11:00 ìì;Visa;Tehran;583952.0
success;SUCCESS;27/9/2025;7:32:00 ðì;Visa;Tehran;333333.0
fail;FAIL;18/9/2025;1:10:00 ìì;Discover;Tehran;250000.0
fail;FAIL;3/9/2025;2:54:00 ðì;Amex;Karaj;471227.0
fail;FAIL;22/9/2025;8:08:00 ðì;Visa;Tehran;1000.0
fail;FAIL;8/9/2025;7:29:00 ìì;Visa;Shiraz;1463119.0
fail;FAIL;23/9/2025;9:09:00 ðì;Discover;Isfahan;412308.0
fail;FAIL;3/9/2025;12:12:00 ìì;Amex;Tehran;585954.0
success;SUCCESS;8/9/2025;11:59:00 ìì;Master Card;Ahvaz;99999.0
Success;SUCCESS;10/9/2025;6:12:00 ìì;Master Card;Karaj;63489.0
success;SUCCESS;25/9/2025;2:37:00 ðì;Visa;Mashhad;1.0
success;SUCCESS;8/9/2025;1:13:00 ìì;Visa;Ahvaz;1578078.0
success;SUCCESS;23/9/2025;1:01:00 ðì;Master Card;Tehran;177050.0
fail;FAIL;11/9/2025;9:21:00 ìì;Master Card;Tabriz;205000.0
fail;FAIL;29/9/2025;11:59:00 ìì;Visa;Tehran;1387769.0
success;SUCCESS;5/9/2025;2:02:00 ìì;Master Card;Tehran ;100000.0
fail;FAIL;26/9/2025;9:09:00 ðì;Master Card;karaj;1768588.0
success;SUCCESS;21/9/2025;8:08:00 ðì;Master Card;Karaj;1387769.0
fail;FAIL;23/9/2025;9:23:00 ìì;Master Card;Tehran;914282.0
success;SUCCESS;27/9/2025;1:51:00 ðì;Visa;Tehran;914465.0
success;SUCCESS;13/9/2025;2:00:00 ìì;Visa;Qom;333333.0
FAIL;FAIL;6/9/2025;11:11:00 ðì;visa;Ahvaz;471227.0
fail;FAIL;29/9/2025;8:08:00 ðì;Discover;Karaj;100.5
fail;FAIL;9/9/2025;5:23:00 ðì;Master Card;Tehran;333333.0
fail;FAIL;16/9/2025;3:27:00 ðì;Visa;Tabriz;343679.0
fail;FAIL;28/9/2025;12:12:00 ìì;Amex;Qom;123456.0
success;SUCCESS;19/9/2025;3:27:00 ðì;Amex;Tehran;177050.0
success;SUCCESS;30/9/2025;7:08:00 ðì;Amex;Tabriz;177050.0
fail;FAIL;28/9/2025;6:30:00 ðì;Visa;Shiraz;452545.0
Success;SUCCESS;12/9/2025;9:00:00 ðì;Amex;karaj;1305967.0
fail;FAIL;26/9/2025;1:13:00 ìì;Visa;Karaj;1463119.0
success;SUCCESS;13/9/2025;12:34:00 ìì;Master Card;karaj;250000.0
fail;FAIL;27/9/2025;4:40:00 ìì;Master Card;Tabriz;200000.0
fail;FAIL;8/9/2025;12:12:00 ìì;Master Card;Tehran;250000.0
fail;FAIL;22/9/2025;2:54:00 ðì;Master Card;Isfahan;452545.0
fail;FAIL;28/9/2025;8:08:00 ðì;Master Card;Tehran;976246.0
fail;FAIL;26/9/2025;7:08:00 ðì;Amex;Tabriz;1427657.0
fail;FAIL;30/9/2025;10:48:00 ðì;Master Card;Isfahan;1305967.0
success;SUCCESS;26/9/2025;10:48:00 ðì;Discover;karaj;333333.0
fail;FAIL;21/9/2025;2:54:00 ðì;Visa;Tehran;1463119.0
success;SUCCESS;15/9/2025;1:13:00 ìì;Visa;karaj;976246.0
success;SUCCESS;2/9/2025;9:23:00 ìì;Discover;Tehran;443463.0
success;SUCCESS;20/9/2025;8:33:00 ìì;Discover;Shiraz;1578078.0
success;SUCCESS;25/9/2025;7:51:00 ìì;Visa;Tabriz;177050.0
success;SUCCESS;12/9/2025;7:40:00 ìì;Visa;Mashhad;443463.0
success;SUCCESS;23/9/2025;4:04:00 ðì;Visa;Tehran;120000.0
success;SUCCESS;22/9/2025;2:11:00 ìì;Visa;Shiraz;1578078.0
success;SUCCESS;8/9/2025;6:06:00 ðì;Visa;Tehran;1050805.0
fail;FAIL;5/9/2025;2:55:00 ìì;Master Card;Tehran;976246.0
fail;FAIL;1/9/2025;8:33:00 ìì;VISA;Qom;200000.0
fail;FAIL;22/9/2025;2:30:00 ðì;Master Card;Tehran;1578078.0
fail;FAIL;10/9/2025;8:33:00 ìì;Master Card;Isfahan;1305967.0
fail;FAIL;21/9/2025;8:08:00 ðì;Amex;Tehran;250000.0
fail;FAIL;15/9/2025;10:05:00 ðì;Amex;Isfahan;99999.0
fail;FAIL;17/9/2025;8:59:00 ðì;Discover;Qom;1158713.0
fail;FAIL;22/9/2025;12:12:00 ìì;Visa;Tehran ;1502601.0
success;SUCCESS;6/9/2025;3:00:00 ðì;Master Card;karaj;1578078.0
fail;FAIL;3/9/2025;10:27:00 ìì;Visa;karaj;63489.0
success;SUCCESS;13/9/2025;2:11:00 ìì;Amex;Tabriz;123456.0
success;SUCCESS;16/9/2025;7:32:00 ðì;Visa;Tehran;774681.0
success;SUCCESS;8/9/2025;2:30:00 ðì;Discover;Qom;583952.0
fail;FAIL;17/9/2025;7:32:00 ðì;VISA;Tehran;1883871.0
fail;FAIL;17/9/2025;7:51:00 ìì;Visa;Mashhad;914465.0
fail;FAIL;26/9/2025;9:10:00 ìì;Discover;Isfahan;200000.0
success;SUCCESS;13/9/2025;3:27:00 ðì;Master Card;Tehran;850000.0
success;SUCCESS;6/9/2025;6:12:00 ìì;Master Card;Tehran;850000.0
success;SUCCESS;17/9/2025;8:33:00 ìì;Visa;Tehran;976246.0
success;SUCCESS;16/9/2025;2:37:00 ðì;Visa;Tehran;1427657.0
fail;FAIL;13/9/2025;10:05:00 ðì;Master Card;Tehran;177050.0
fail;FAIL;6/9/2025;1:13:00 ìì;Visa;Tehran;976246.0
fail;FAIL;3/9/2025;11:59:00 ìì;Master Card;Shiraz;123456.0
fail;FAIL;14/9/2025;7:08:00 ðì;Master Card;Tehran;200000.0
fail;FAIL;14/9/2025;5:56:00 ðì;Discover;Tehran;343679.0
success;SUCCESS;15/9/2025;5:23:00 ðì;Master Card;Qom;650000.0
success;SUCCESS;8/9/2025;9:00:00 ðì;Discover;Isfahan;585954.0
fail;FAIL;15/9/2025;7:40:00 ìì;Visa;Tehran;99999.0
fail;FAIL;22/9/2025;2:00:00 ìì;Discover;Qom;650000.0
success;SUCCESS;29/9/2025;9:23:00 ìì;Master Card;Tehran;450000.0
success;SUCCESS;27/9/2025;12:12:00 ìì;Visa;Tehran;200000.0
fail;FAIL;13/9/2025;2:30:00 ðì;Visa;Tehran;450000.0
fail;FAIL;21/9/2025;10:48:00 ðì;Master Card;Tehran ;1782689.0
fail;FAIL;24/9/2025;4:40:00 ìì;Master Card;Tehran;976246.0
success;SUCCESS;3/9/2025;9:10:00 ìì;Discover;Karaj;555555.0
Success;SUCCESS;28/9/2025;8:20:00 ìì;Visa;Karaj;545116.0
success;SUCCESS;6/9/2025;9:21:00 ìì;Discover;Karaj;333333.0
success;SUCCESS;5/9/2025;8:20:00 ìì;Visa;Mashhad;443463.0
success;SUCCESS;22/9/2025;3:00:00 ðì;Discover;Tabriz;545116.0
success;SUCCESS;17/9/2025;2:11:00 ìì;Amex;Karaj;177050.0
fail;FAIL;23/9/2025;5:23:00 ðì;Discover;Shiraz;200000.0
fail;FAIL;2/9/2025;2:00:00 ìì;Master Card;Shiraz;1578078.0
fail;FAIL;15/9/2025;8:20:00 ìì;Visa;Ahvaz;545116.0
success;SUCCESS;26/9/2025;5:23:00 ðì;Master Card;Isfahan;914282.0
fail;FAIL;20/9/2025;2:30:00 ðì;Master Card;Tabriz;250000.0
success;SUCCESS;6/9/2025;2:20:00 ðì;Discover;Qom;177050.0
Success;SUCCESS;27/9/2025;4:16:00 ìì;Visa;Ahvaz;976246.0
success;SUCCESS;18/9/2025;5:56:00 ðì;Discover;Tehran;976246.0
success;SUCCESS;18/9/2025;10:05:00 ðì;Master Card;Tabriz;1050805.0
success;SUCCESS;4/9/2025;1:01:00 ðì;Visa;Ahvaz;914282.0
fail;FAIL;17/9/2025;10:48:00 ðì;Discover;Tehran;471227.0
fail;FAIL;25/9/2025;7:40:00 ìì;Visa;Shiraz;1883871.0
success;SUCCESS;14/9/2025;10:05:00 ðì;Discover;Tehran;850000.0
fail;FAIL;14/9/2025;11:11:00 ðì;Visa;Shiraz;120000.0
success;SUCCESS;7/9/2025;7:51:00 ìì;Master Card;Ahvaz;1427657.0
fail;FAIL;12/9/2025;7:08:00 ðì;Discover;Tabriz;250000.0
fail;FAIL;23/9/2025;8:59:00 ðì;Discover;Qom;100.5
success;SUCCESS;15/9/2025;6:12:00 ìì;Master Card;Tabriz;585954.0
fail;FAIL;11/9/2025;11:59:00 ìì;Amex;Tehran;200000.0
success;SUCCESS;12/9/2025;9:00:00 ðì;Master Card;Ahvaz;99999.0
fail;FAIL;3/9/2025;8:20:00 ìì;Visa;Tehran;63489.0
fail;FAIL;17/9/2025;5:23:00 ðì;Visa;Isfahan;123456.0
fail;FAIL;19/9/2025;7:51:00 ìì;Visa;Karaj;1578078.0
success;SUCCESS;20/9/2025;10:48:00 ðì;Master Card;Ahvaz;50200.0
fail;FAIL;4/9/2025;1:51:00 ðì;Visa;Tabriz;443463.0
success;SUCCESS;3/9/2025;4:15:00 ðì;Visa;Tabriz;50200.0
fail;FAIL;26/9/2025;8:59:00 ðì;Master Card;Mashhad;120000.0
success;SUCCESS;16/9/2025;2:55:00 ìì;Discover;Isfahan;850000.0
success;SUCCESS;12/9/2025;5:17:00 ìì;Amex;Karaj;50200.0
success;SUCCESS;8/9/2025;5:17:00 ìì;Discover;Mashhad;100.5
success;SUCCESS;29/9/2025;4:40:00 ìì;Visa;Tehran;471227.0
fail;FAIL;29/9/2025;9:23:00 ìì;Visa;Tehran;555555.0
fail;FAIL;7/9/2025;12:12:00 ìì;Discover;Tehran;50200.0
fail;FAIL;11/9/2025;6:00:00 ìì;Master Card;Karaj;850000.0
fail;FAIL;18/9/2025;11:17:00 ìì;Master Card;Karaj;850000.0
success;SUCCESS;4/9/2025;12:12:00 ìì;Amex;Tehran ;205000.0
success;SUCCESS;13/9/2025;4:15:00 ðì;Amex;Tehran;419089.0
fail;FAIL;6/9/2025;2:00:00 ìì;Discover;Mashhad;177050.0
fail;FAIL;14/9/2025;6:45:00 ìì;Amex;Tehran;50200.0
fail;FAIL;5/9/2025;2:30:00 ðì;Visa;Isfahan;5000.0
success;SUCCESS;16/9/2025;10:48:00 ðì;Discover;Ahvaz;419089.0
success;SUCCESS;15/9/2025;2:54:00 ðì;Master Card;Mashhad;1158713.0
fail;FAIL;30/9/2025;6:00:00 ìì;Master Card;Shiraz;177050.0
fail;FAIL;4/9/2025;7:51:00 ìì;Master Card;Ahvaz;200000.0
success;SUCCESS;8/9/2025;2:30:00 ìì;Master Card;Ahvaz;1387769.0
fail;FAIL;27/9/2025;4:15:00 ðì;Master Card;Karaj;1305967.0
success;SUCCESS;16/9/2025;2:54:00 ðì;Discover;Ahvaz;1578078.0
success;SUCCESS;28/9/2025;9:10:00 ìì;Master Card;Karaj;12345.0
fail;FAIL;16/9/2025;4:40:00 ìì;Visa;Qom;443463.0
fail;FAIL;30/9/2025;7:51:00 ìì;Discover;Qom;1782689.0
fail;FAIL;13/9/2025;9:23:00 ìì;Discover;karaj;850000.0
fail;FAIL;26/9/2025;9:21:00 ìì;Discover;Tabriz;585954.0
fail;FAIL;28/9/2025;9:09:00 ðì;Master Card;Qom;583952.0
FAIL;FAIL;13/9/2025;5:56:00 ðì;Visa;Tabriz;300000.0
success;SUCCESS;2/9/2025;7:32:00 ðì;Master Card;Karaj;99999.0
fail;FAIL;3/9/2025;4:40:00 ðì;Discover;Tehran ;774681.0
success;SUCCESS;22/9/2025;6:45:00 ìì;Discover;Ahvaz;650000.0
success;SUCCESS;15/9/2025;2:37:00 ðì;Master Card;Mashhad;1427657.0
fail;FAIL;11/9/2025;1:10:00 ìì;Amex;Tabriz;343679.0
success;SUCCESS;9/9/2025;10:05:00 ðì;Master Card;Isfahan;1883871.0
fail;FAIL;13/9/2025;11:11:00 ðì;Visa;Tehran;100000.0
fail;FAIL;2/9/2025;4:15:00 ðì;Discover;Isfahan;419089.0
fail;FAIL;8/9/2025;7:51:00 ìì;Discover;Qom;650000.0
fail;FAIL;7/9/2025;9:45:00 ðì;Visa;Tehran;419089.0
success;SUCCESS;24/9/2025;3:27:00 ðì;Visa;Mashhad;333333.0
FAIL;FAIL;12/9/2025;7:29:00 ìì;Visa;Tabriz;100.5
success;SUCCESS;3/9/2025;3:45:00 ìì;Master Card;Isfahan;650000.0
fail;FAIL;30/9/2025;1:01:00 ðì;Visa;Tehran;1782689.0
fail;FAIL;10/9/2025;9:23:00 ìì;Amex;Shiraz;555555.0
fail;FAIL;6/9/2025;7:19:00 ìì;Discover;Isfahan;1768588.0
success;SUCCESS;18/9/2025;4:40:00 ìì;Master Card;Shiraz;419089.0
FAIL;FAIL;5/9/2025;12:34:00 ìì;Amex;Isfahan;412308.0
success;SUCCESS;21/9/2025;2:20:00 ðì;Amex;Tehran;1782689.0
fail;FAIL;29/9/2025;5:23:00 ðì;Master Card;Isfahan;650000.0
success;SUCCESS;2/9/2025;11:11:00 ðì;Master Card;Tehran;120000.0
success;SUCCESS;30/9/2025;5:23:00 ðì;visa;Tehran;1387769.0
success;SUCCESS;13/9/2025;9:45:00 ðì;Visa;Tabriz;1578078.0
fail;FAIL;23/9/2025;2:30:00 ìì;Visa;Tehran;774681.0
fail;FAIL;5/9/2025;12:00:00 ðì;Master Card;Mashhad;120000.0
success;SUCCESS;24/9/2025;8:33:00 ìì;Master Card;Mashhad;177050.0
success;SUCCESS;26/9/2025;5:23:00 ðì;Discover;Shiraz;250000.0
fail;FAIL;29/9/2025;7:19:00 ìì;Discover;Tabriz;914282.0
fail;FAIL;29/9/2025;9:09:00 ðì;Visa;Tehran;1883871.0
fail;FAIL;23/9/2025;11:11:00 ðì;Visa;Isfahan;300000.0
fail;FAIL;6/9/2025;5:56:00 ðì;Master Card;Tehran;471227.0
fail;FAIL;10/9/2025;7:51:00 ìì;Visa;Tehran;914465.0
fail;FAIL;18/9/2025;12:34:00 ìì;Visa;Tehran ;100000.0
fail;FAIL;15/9/2025;11:11:00 ðì;Master Card;Ahvaz;200000.0
success;SUCCESS;8/9/2025;2:11:00 ìì;Discover;Tehran;120000.0
fail;FAIL;26/9/2025;4:15:00 ðì;visa;Karaj;343679.0
success;SUCCESS;9/9/2025;2:02:00 ìì;Master Card;Isfahan;200000.0
fail;FAIL;10/9/2025;3:45:00 ìì;Master Card;Tehran;1158713.0
fail;FAIL;20/9/2025;2:00:00 ìì;Discover;Mashhad;343679.0
fail;FAIL;27/9/2025;12:44:00 ìì;Visa;Tabriz;1578078.0
fail;FAIL;3/9/2025;5:23:00 ðì;Discover;Shiraz;1463119.0
fail;FAIL;11/9/2025;8:59:00 ðì;Visa;Tehran;914465.0
success;SUCCESS;11/9/2025;6:00:00 ìì;Discover;Mashhad;976246.0
success;SUCCESS;17/9/2025;2:37:00 ðì;Discover;Shiraz;443463.0
fail;FAIL;4/9/2025;12:00:00 ðì;Amex;Tehran;1427657.0
fail;FAIL;17/9/2025;9:45:00 ðì;Visa;Tehran;1387769.0
fail;FAIL;9/9/2025;7:40:00 ìì;Discover;Tehran;1387769.0
success;SUCCESS;19/9/2025;7:51:00 ìì;Visa;Tehran;419089.0
success;SUCCESS;22/9/2025;2:30:00 ðì;Visa;Tabriz;471227.0
fail;FAIL;3/9/2025;2:30:00 ìì;Amex;Mashhad;99999.0
fail;FAIL;1/9/2025;12:00:00 ðì;Amex;Tehran;545116.0
success;SUCCESS;20/9/2025;3:27:00 ðì;Visa;Tehran;300000.0
fail;FAIL;16/9/2025;2:20:00 ðì;Discover;Shiraz;471227.0
FAIL;FAIL;11/9/2025;4:16:00 ìì;Visa;Karaj;1578078.0
fail;FAIL;13/9/2025;10:05:00 ðì;Discover;Karaj;850000.0
fail;FAIL;27/9/2025;6:45:00 ìì;Master Card;Isfahan;333333.0
success;SUCCESS;10/9/2025;2:30:00 ðì;Master Card;Tehran;343679.0
Success;SUCCESS;3/9/2025;9:09:00 ðì;Amex;Tehran;123456.0
fail;FAIL;9/9/2025;4:16:00 ìì;Visa;Isfahan;419089.0
fail;FAIL;12/9/2025;4:40:00 ìì;Amex;Ahvaz;650000.0
fail;FAIL;23/9/2025;9:45:00 ðì;Visa;Isfahan;545116.0
success;SUCCESS;14/9/2025;8:20:00 ìì;Master Card;Shiraz;1782689.0
fail;FAIL;1/9/2025;6:00:00 ìì;Master Card;Isfahan;100000.0
fail;FAIL;18/9/2025;2:54:00 ðì;Discover;Ahvaz;1578078.0
fail;FAIL;17/9/2025;1:13:00 ìì;Master Card;Tehran;333333.0
success;SUCCESS;27/9/2025;10:27:00 ìì;Master Card;karaj;1158713.0
fail;FAIL;9/9/2025;7:19:00 ìì;Discover;Mashhad;120000.0
success;SUCCESS;9/9/2025;4:16:00 ìì;Master Card;Tehran;914282.0
fail;FAIL;23/9/2025;9:09:00 ðì;Visa;Isfahan;177050.0
fail;FAIL;10/9/2025;12:12:00 ìì;VISA;Isfahan;177050.0
fail;FAIL;19/9/2025;5:56:00 ðì;Visa;Tehran ;471227.0
fail;FAIL;15/9/2025;8:59:00 ðì;Visa;Shiraz;100000.0
fail;FAIL;5/9/2025;2:02:00 ìì;Master Card;Ahvaz;177050.0
fail;FAIL;15/9/2025;6:06:00 ðì;Master Card;Qom;177050.0
success;SUCCESS;30/9/2025;12:00:00 ðì;Visa;Tehran;545116.0
fail;FAIL;28/9/2025;7:08:00 ðì;Discover;Tehran;1782689.0
fail;FAIL;2/9/2025;11:59:00 ìì;Master Card;Isfahan;976246.0
success;SUCCESS;13/9/2025;8:59:00 ðì;Visa;Qom;1387769.0
success;SUCCESS;24/9/2025;1:51:00 ðì;Master Card;Tabriz;1578078.0
success;SUCCESS;15/9/2025;4:40:00 ìì;Master Card;Tabriz;63489.0
fail;FAIL;25/9/2025;1:01:00 ðì;Master Card;Ahvaz;300000.0
fail;FAIL;10/9/2025;4:16:00 ìì;Master Card;Mashhad;1387769.0
fail;FAIL;10/9/2025;2:30:00 ðì;Discover;Tehran;650000.0
fail;FAIL;26/9/2025;10:48:00 ðì;Amex;Isfahan;333333.0
fail;FAIL;30/9/2025;12:12:00 ìì;Master Card;Isfahan;99999.0
fail;FAIL;23/9/2025;2:30:00 ìì;Visa;Mashhad;1578078.0
success;SUCCESS;25/9/2025;6:12:00 ìì;Master Card;Tehran;583952.0
fail;FAIL;14/9/2025;12:44:00 ìì;Discover;Isfahan;976246.0
success;SUCCESS;3/9/2025;3:27:00 ðì;Visa;Shiraz;12345.0
fail;FAIL;16/9/2025;10:48:00 ðì;Amex;Shiraz;1427657.0
success;SUCCESS;2/9/2025;2:11:00 ìì;Visa;Qom;1387769.0
fail;FAIL;10/9/2025;3:45:00 ìì;Master Card;karaj;774681.0
fail;FAIL;3/9/2025;12:34:00 ìì;Master Card;karaj;99999.0
fail;FAIL;11/9/2025;5:17:00 ìì;Discover;Isfahan;1158713.0
fail;FAIL;11/9/2025;4:15:00 ðì;Amex;Shiraz;12345.0
success;SUCCESS;21/9/2025;9:23:00 ìì;Visa;Tehran;914465.0
success;SUCCESS;22/9/2025;9:10:00 ìì;Amex;Mashhad;12345.0
success;SUCCESS;13/9/2025;11:17:00 ìì;Master Card;Tehran;1463119.0
success;SUCCESS;7/9/2025;5:17:00 ìì;Visa;Shiraz;1050805.0
fail;FAIL;17/9/2025;11:11:00 ðì;Amex;Tehran;774681.0
success;SUCCESS;30/9/2025;2:20:00 ðì;Visa;Mashhad;5000.0
fail;FAIL;2/9/2025;9:21:00 ìì;Amex;Isfahan;583952.0
success;SUCCESS;12/9/2025;9:10:00 ìì;Visa;Ahvaz;177050.0
fail;FAIL;25/9/2025;2:55:00 ìì;Visa;Tehran;200000.0
fail;FAIL;18/9/2025;9:23:00 ìì;Master Card;Tehran;99999.0
fail;FAIL;22/9/2025;9:23:00 ìì;Master Card;Tehran;443463.0
fail;FAIL;27/9/2025;9:21:00 ìì;Visa;Tehran;850000.0
success;SUCCESS;11/9/2025;1:51:00 ðì;Discover;Isfahan;120000.0
success;SUCCESS;19/9/2025;2:00:00 ìì;Master Card;Tehran;12345.0
fail;FAIL;18/9/2025;7:08:00 ðì;Master Card;Tehran;583952.0
success;SUCCESS;3/9/2025;2:30:00 ðì;Discover;Tehran;583952.0
success;SUCCESS;21/9/2025;9:00:00 ðì;Discover;Tabriz;63489.0
fail;FAIL;27/9/2025;4:40:00 ðì;Amex;Tehran;50200.0
success;SUCCESS;26/9/2025;9:45:00 ðì;Visa;Karaj;205000.0
fail;FAIL;6/9/2025;4:15:00 ðì;Discover;Tabriz;914465.0
success;SUCCESS;25/9/2025;4:16:00 ìì;Discover;Karaj;976246.0
fail;FAIL;12/9/2025;9:23:00 ìì;Discover;Tehran;443463.0
fail;FAIL;11/9/2025;6:45:00 ìì;Visa;Tehran;471227.0
success;SUCCESS;15/9/2025;4:40:00 ðì;Amex;Tehran;976246.0
Success;SUCCESS;16/9/2025;6:45:00 ìì;Visa;Karaj;1387769.0
fail;FAIL;10/9/2025;7:32:00 ðì;Visa;Tehran;343679.0
success;SUCCESS;7/9/2025;7:07:00 ðì;Master Card;karaj;1768588.0
fail;FAIL;22/9/2025;2:11:00 ìì;Amex;Shiraz;177050.0
fail;FAIL;2/9/2025;12:44:00 ìì;Discover;Tabriz;914282.0
Success;SUCCESS;27/9/2025;2:20:00 ðì;Amex;Tehran ;1463119.0
success;SUCCESS;15/9/2025;8:33:00 ìì;Amex;Isfahan;1578078.0
success;SUCCESS;8/9/2025;9:23:00 ìì;Master Card;Tehran;900000.0
fail;FAIL;7/9/2025;5:23:00 ðì;visa;Tehran;452545.0
FAIL;FAIL;15/9/2025;2:11:00 ìì;Discover;Tehran;99999.0
fail;FAIL;23/9/2025;4:04:00 ðì;Discover;Shiraz;100.5
fail;FAIL;14/9/2025;2:37:00 ðì;Discover;Ahvaz;1.0
success;SUCCESS;8/9/2025;1:13:00 ìì;Master Card;Shiraz;1463119.0
success;SUCCESS;11/9/2025;2:11:00 ìì;visa;Tehran;900000.0
Success;SUCCESS;29/9/2025;2:30:00 ðì;Master Card;Isfahan;1305967.0
fail;FAIL;17/9/2025;7:51:00 ìì;Master Card;Ahvaz;976246.0
success;SUCCESS;24/9/2025;2:37:00 ðì;Visa;Mashhad;1.0
fail;FAIL;4/9/2025;9:00:00 ðì;Visa;Isfahan;177050.0
fail;FAIL;21/9/2025;2:20:00 ðì;Visa;Karaj;774681.0
fail;FAIL;8/9/2025;1:13:00 ìì;Visa;Mashhad;177050.0
fail;FAIL;5/9/2025;12:12:00 ìì;Amex;Tabriz;177050.0
fail;FAIL;26/9/2025;9:23:00 ìì;Visa;Tehran;976246.0
fail;FAIL;16/9/2025;7:51:00 ìì;Master Card;Tehran;333333.0
fail;FAIL;4/9/2025;2:55:00 ìì;Visa;Tehran;1578078.0
Success;SUCCESS;22/9/2025;6:12:00 ìì;Visa;Tehran;545116.0
fail;FAIL;29/9/2025;2:02:00 ìì;VISA;Qom;205000.0
success;SUCCESS;15/9/2025;8:59:00 ðì;Visa;Shiraz;850000.0
FAIL;FAIL;12/9/2025;1:51:00 ðì;Master Card;Mashhad;200000.0
fail;FAIL;5/9/2025;11:59:00 ìì;Discover;Tabriz;471227.0
success;SUCCESS;30/9/2025;11:59:00 ìì;Master Card;Tehran;343679.0
fail;FAIL;23/9/2025;10:48:00 ðì;Master Card;Mashhad;5000.0
fail;FAIL;14/9/2025;6:45:00 ìì;visa;Tabriz;343679.0
success;SUCCESS;10/9/2025;5:56:00 ðì;Amex;Tabriz;177050.0
success;SUCCESS;13/9/2025;9:23:00 ìì;Discover;Tehran;120000.0
success;SUCCESS;28/9/2025;12:12:00 ìì;Master Card;Karaj;1463119.0
success;SUCCESS;5/9/2025;2:55:00 ìì;VISA;Tehran;100.5
fail;FAIL;3/9/2025;5:07:00 ìì;Master Card;Qom;412308.0
fail;FAIL;15/9/2025;2:24:00 ðì;Master Card;Isfahan;1158713.0
fail;FAIL;4/9/2025;9:23:00 ìì;Master Card;Tehran;1883871.0
success;SUCCESS;15/9/2025;6:12:00 ìì;Visa;Ahvaz;585954.0
success;SUCCESS;14/9/2025;11:11:00 ðì;Master Card;Karaj;343679.0
success;SUCCESS;19/9/2025;9:10:00 ìì;visa;Isfahan;914282.0
success;SUCCESS;13/9/2025;12:34:00 ìì;Visa;Tehran;205000.0
fail;FAIL;10/9/2025;10:05:00 ðì;Master Card;Ahvaz;250000.0
fail;FAIL;21/9/2025;7:29:00 ìì;Visa;Qom;120000.0
fail;FAIL;5/9/2025;6:00:00 ìì;Visa;Tehran;1768588.0
fail;FAIL;27/9/2025;11:11:00 ðì;Amex;Isfahan;850000.0
fail;FAIL;23/9/2025;8:20:00 ìì;Visa;Tehran;850000.0
fail;FAIL;20/9/2025;12:44:00 ìì;Master Card;Mashhad;555555.0
fail;FAIL;20/9/2025;7:07:00 ðì;Visa;Shiraz;12345.0
fail;FAIL;25/9/2025;5:23:00 ðì;Master Card;Tabriz;914465.0
fail;FAIL;6/9/2025;10:27:00 ìì;Visa;Mashhad;443463.0
fail;FAIL;2/9/2025;2:11:00 ìì;Visa;Tehran;1768588.0
fail;FAIL;22/9/2025;3:00:00 ðì;Visa;Karaj;555555.0
success;SUCCESS;16/9/2025;8:20:00 ìì;Amex;Isfahan;583952.0
fail;FAIL;5/9/2025;10:05:00 ðì;Master Card;Tehran;419089.0
success;SUCCESS;22/9/2025;5:07:00 ìì;Discover;Mashhad;1782689.0
fail;FAIL;30/9/2025;9:21:00 ìì;Amex;Tehran;50200.0
success;SUCCESS;13/9/2025;10:48:00 ðì;Visa;Tehran;200000.0
fail;FAIL;23/9/2025;2:11:00 ìì;Master Card;Tabriz;333333.0
success;SUCCESS;2/9/2025;7:08:00 ðì;Visa;Isfahan;177050.0
success;SUCCESS;13/9/2025;4:15:00 ðì;Visa;Ahvaz;545116.0
success;SUCCESS;11/9/2025;8:08:00 ðì;Amex;Isfahan;177050.0
success;SUCCESS;30/9/2025;9:09:00 ðì;Visa;Tehran;200000.0
Success;SUCCESS;29/9/2025;5:56:00 ðì;Discover;Shiraz;1782689.0
fail;FAIL;4/9/2025;1:13:00 ìì;Master Card;karaj;850000.0
fail;FAIL;22/9/2025;5:17:00 ìì;Visa;Isfahan;850000.0
success;SUCCESS;20/9/2025;9:00:00 ðì;Master Card;Tehran;123456.0
fail;FAIL;15/9/2025;9:00:00 ðì;Visa;Tehran;583952.0
success;SUCCESS;7/9/2025;9:45:00 ðì;Discover;Isfahan;1387769.0
fail;FAIL;19/9/2025;2:37:00 ðì;Visa;Mashhad;585954.0
success;SUCCESS;6/9/2025;6:12:00 ìì;Amex;Tehran;1427657.0
success;SUCCESS;20/9/2025;11:59:00 ìì;Visa;Tabriz;914282.0
success;SUCCESS;15/9/2025;6:12:00 ìì;Visa;Tehran;583952.0
fail;FAIL;15/9/2025;8:08:00 ðì;Master Card;Tehran ;443463.0
success;SUCCESS;20/9/2025;2:55:00 ìì;Master Card;Mashhad;205000.0
fail;FAIL;9/9/2025;3:27:00 ðì;Discover;Tehran;63489.0
success;SUCCESS;18/9/2025;2:11:00 ìì;Visa;karaj;774681.0
success;SUCCESS;18/9/2025;2:37:00 ðì;Master Card;Tehran;300000.0
fail;FAIL;5/9/2025;11:59:00 ìì;Discover;Tehran;100.5
fail;FAIL;23/9/2025;8:20:00 ìì;Visa;Isfahan;1000.0
success;SUCCESS;30/9/2025;9:23:00 ìì;Master Card;Tabriz;177050.0
fail;FAIL;11/9/2025;7:51:00 ìì;Visa;Tehran;471227.0
fail;FAIL;5/9/2025;7:19:00 ìì;Visa;Ahvaz;205000.0
success;SUCCESS;22/9/2025;1:51:00 ðì;Visa;Mashhad;205000.0
success;SUCCESS;26/9/2025;4:15:00 ðì;Visa;karaj;100000.0
success;SUCCESS;4/9/2025;11:11:00 ðì;Master Card;Tabriz;900000.0
fail;FAIL;29/9/2025;12:34:00 ìì;visa;Karaj;914282.0
fail;FAIL;12/9/2025;9:23:00 ìì;Visa;Tehran;850000.0
fail;FAIL;2/9/2025;1:51:00 ðì;Master Card;Tehran;914282.0
fail;FAIL;10/9/2025;10:48:00 ðì;Visa;karaj;1463119.0
success;SUCCESS;7/9/2025;4:40:00 ðì;Amex;Isfahan;419089.0
fail;FAIL;4/9/2025;2:02:00 ìì;Discover;Ahvaz;850000.0
success;SUCCESS;10/9/2025;7:51:00 ìì;Visa;Tehran;333333.0
fail;FAIL;30/9/2025;6:00:00 ìì;Discover;Tehran;100.5
fail;FAIL;3/9/2025;9:21:00 ìì;Master Card;Qom;5000.0
Success;SUCCESS;25/9/2025;7:51:00 ìì;Visa;Shiraz;120000.0
success;SUCCESS;29/9/2025;9:10:00 ìì;Master Card;Tabriz;1387769.0
fail;FAIL;19/9/2025;8:59:00 ðì;Master Card;Isfahan;1305967.0
success;SUCCESS;2/9/2025;7:32:00 ðì;Visa;Tehran;850000.0
fail;FAIL;27/9/2025;1:10:00 ìì;VISA;Karaj;200000.0
fail;FAIL;20/9/2025;10:27:00 ìì;Discover;Tehran;774681.0
fail;FAIL;10/9/2025;3:45:00 ìì;Master Card;Qom;774681.0
success;SUCCESS;2/9/2025;6:45:00 ìì;Visa;Isfahan;1502601.0
success;SUCCESS;2/9/2025;2:37:00 ðì;Master Card;karaj;1578078.0
success;SUCCESS;28/9/2025;10:48:00 ðì;Visa;Isfahan;1.0
Success;SUCCESS;24/9/2025;6:00:00 ìì;Visa;Shiraz;200000.0
success;SUCCESS;17/9/2025;7:08:00 ðì;Master Card;Tehran;100000.0
fail;FAIL;16/9/2025;1:10:00 ìì;Visa;Qom;100000.0
fail;FAIL;14/9/2025;7:19:00 ìì;Master Card;Tehran;1158713.0
fail;FAIL;7/9/2025;1:01:00 ðì;Master Card;Shiraz;914282.0
FAIL;FAIL;21/9/2025;9:00:00 ðì;Discover;Shiraz;205000.0
Success;SUCCESS;11/9/2025;8:08:00 ðì;Master Card;Tehran;1050805.0
fail;FAIL;1/9/2025;1:10:00 ìì;Amex;Mashhad;177050.0
fail;FAIL;11/9/2025;2:02:00 ìì;VISA;Tehran;177050.0
success;SUCCESS;23/9/2025;7:32:00 ðì;Master Card;karaj;850000.0
fail;FAIL;21/9/2025;3:45:00 ìì;Master Card;Qom;100000.0
fail;FAIL;4/9/2025;6:30:00 ðì;Master Card;Mashhad;1472823.0
success;SUCCESS;26/9/2025;7:19:00 ìì;visa;Shiraz;100.5
fail;FAIL;15/9/2025;11:11:00 ðì;Amex;Karaj;850000.0
fail;FAIL;18/9/2025;5:07:00 ìì;Discover;Tehran;100000.0
success;SUCCESS;28/9/2025;7:32:00 ðì;Amex;Karaj;850000.0
fail;FAIL;15/9/2025;1:13:00 ìì;Master Card;Isfahan;1502601.0
success;SUCCESS;28/9/2025;11:11:00 ðì;Visa;Tehran;471227.0
fail;FAIL;21/9/2025;2:30:00 ðì;Discover;Tehran;1578078.0
success;SUCCESS;10/9/2025;4:15:00 ðì;Visa;Isfahan;100.5
success;SUCCESS;7/9/2025;3:00:00 ðì;Master Card;Tehran;120000.0
fail;FAIL;24/9/2025;12:12:00 ìì;Master Card;Tehran;1.0
fail;FAIL;4/9/2025;9:21:00 ìì;Discover;Tehran;1768588.0
success;SUCCESS;12/9/2025;7:29:00 ìì;Master Card;Tehran;63489.0
success;SUCCESS;11/9/2025;9:21:00 ìì;Visa;Tehran;1472823.0
success;SUCCESS;8/9/2025;11:11:00 ðì;Master Card;Karaj;1578078.0
fail;FAIL;18/9/2025;9:10:00 ìì;Discover;Isfahan;471227.0
Success;SUCCESS;11/9/2025;9:21:00 ìì;Amex;Isfahan;1883871.0
fail;FAIL;10/9/2025;11:59:00 ìì;Discover;Qom;583952.0
fail;FAIL;27/9/2025;3:27:00 ðì;Visa;Tehran;12345.0
fail;FAIL;17/9/2025;2:00:00 ìì;Master Card;Tehran;585954.0
fail;FAIL;22/9/2025;3:45:00 ìì;Master Card;Tehran;452545.0
success;SUCCESS;17/9/2025;2:20:00 ðì;Amex;Shiraz;1427657.0
fail;FAIL;2/9/2025;2:30:00 ðì;Amex;Shiraz;333333.0
success;SUCCESS;28/9/2025;12:34:00 ìì;visa;Shiraz;200000.0
success;SUCCESS;30/9/2025;8:08:00 ðì;Visa;karaj;850000.0
fail;FAIL;28/9/2025;10:27:00 ìì;Master Card;Isfahan;585954.0
fail;FAIL;25/9/2025;8:59:00 ðì;Master Card;Mashhad;100000.0
fail;FAIL;29/9/2025;12:00:00 ðì;Discover;Tabriz;12345.0
fail;FAIL;8/9/2025;11:59:00 ìì;Master Card;Tehran;914465.0
fail;FAIL;1/9/2025;11:59:00 ìì;Discover;Tabriz;914465.0
success;SUCCESS;13/9/2025;11:11:00 ðì;Visa;Tabriz;555555.0
fail;FAIL;24/9/2025;11:59:00 ìì;Visa;Tehran;545116.0
success;SUCCESS;9/9/2025;6:30:00 ðì;Master Card;Tehran;1578078.0
success;SUCCESS;22/9/2025;11:17:00 ìì;Discover;Tehran;471227.0
success;SUCCESS;10/9/2025;6:00:00 ìì;Visa;Tehran;555555.0
fail;FAIL;15/9/2025;7:32:00 ðì;Master Card;Shiraz;200000.0
success;SUCCESS;5/9/2025;12:12:00 ìì;Master Card;Tabriz;1578078.0
fail;FAIL;22/9/2025;9:23:00 ìì;Master Card;Tabriz;850000.0
fail;FAIL;22/9/2025;3:00:00 ðì;Discover;Tabriz;177050.0
fail;FAIL;25/9/2025;4:16:00 ìì;Master Card;Qom;1387769.0
fail;FAIL;11/9/2025;7:51:00 ìì;Master Card;Karaj;1463119.0
FAIL;FAIL;27/9/2025;12:12:00 ìì;Master Card;Qom;976246.0
success;SUCCESS;16/9/2025;6:06:00 ðì;Amex;Qom;100.5
success;SUCCESS;2/9/2025;2:30:00 ðì;Amex;Qom;1.0
success;SUCCESS;26/9/2025;7:40:00 ìì;Visa;Tabriz;545116.0
fail;FAIL;2/9/2025;2:02:00 ìì;Master Card;Tabriz;1463119.0
fail;FAIL;12/9/2025;3:45:00 ìì;Master Card;Mashhad;1463119.0
success;SUCCESS;12/9/2025;6:12:00 ìì;Amex;Shiraz;100000.0
success;SUCCESS;9/9/2025;2:54:00 ðì;Amex;Tehran;200000.0
FAIL;FAIL;10/9/2025;7:08:00 ðì;Visa;Tehran;914282.0
success;SUCCESS;2/9/2025;11:17:00 ìì;Amex;Tehran;100000.0
FAIL;FAIL;16/9/2025;2:20:00 ðì;Master Card;Ahvaz;1782689.0
fail;FAIL;20/9/2025;2:20:00 ðì;Discover;Mashhad;100.5
success;SUCCESS;7/9/2025;2:30:00 ìì;Discover;Mashhad;471227.0
success;SUCCESS;2/9/2025;3:27:00 ðì;Master Card;Karaj;452545.0
fail;FAIL;19/9/2025;10:05:00 ðì;Visa;Tehran;976246.0
fail;FAIL;28/9/2025;2:11:00 ìì;Master Card;Tehran;123456.0
fail;FAIL;4/9/2025;12:12:00 ìì;Discover;Tehran;774681.0
fail;FAIL;24/9/2025;12:00:00 ðì;Visa;Shiraz;850000.0
success;SUCCESS;22/9/2025;11:11:00 ðì;Visa;Tehran;343679.0
fail;FAIL;2/9/2025;2:24:00 ðì;Visa;Tabriz;250000.0
fail;FAIL;25/9/2025;2:20:00 ðì;Visa;karaj;1578078.0
fail;FAIL;14/9/2025;2:24:00 ðì;Discover;Shiraz;100.5
fail;FAIL;29/9/2025;2:11:00 ìì;Master Card;Isfahan;100.5
success;SUCCESS;15/9/2025;2:11:00 ìì;Master Card;Mashhad;343679.0
success;SUCCESS;12/9/2025;10:05:00 ðì;Visa;Tabriz;1.0
Success;SUCCESS;5/9/2025;7:51:00 ìì;Visa;Tehran;471227.0
success;SUCCESS;28/9/2025;7:51:00 ìì;Visa;Qom;1463119.0
success;SUCCESS;20/9/2025;8:08:00 ðì;Master Card;Mashhad;343679.0
success;SUCCESS;29/9/2025;2:00:00 ìì;Discover;Mashhad;1768588.0
fail;FAIL;24/9/2025;11:59:00 ìì;Master Card;Karaj;100.5
fail;FAIL;21/9/2025;11:11:00 ðì;Master Card;Tehran;585954.0
fail;FAIL;14/9/2025;11:11:00 ðì;Master Card;Tabriz;50200.0
success;SUCCESS;14/9/2025;1:10:00 ìì;visa;Tehran;1387769.0
fail;FAIL;5/9/2025;9:00:00 ðì;Master Card;Isfahan;914282.0
success;SUCCESS;18/9/2025;7:08:00 ðì;Amex;Tehran;99999.0
fail;FAIL;24/9/2025;3:00:00 ðì;Master Card;Isfahan;471227.0
fail;FAIL;14/9/2025;2:30:00 ìì;Visa;Tabriz;99999.0
fail;FAIL;2/9/2025;4:04:00 ðì;Discover;Qom;976246.0
success;SUCCESS;12/9/2025;6:00:00 ìì;Master Card;Tehran;850000.0
success;SUCCESS;6/9/2025;6:12:00 ìì;Amex;Isfahan;1578078.0
success;SUCCESS;4/9/2025;4:16:00 ìì;Amex;karaj;1427657.0
fail;FAIL;13/9/2025;7:08:00 ðì;Visa;Tabriz;1768588.0
fail;FAIL;4/9/2025;7:40:00 ìì;Master Card;Tehran;471227.0
success;SUCCESS;14/9/2025;5:17:00 ìì;Amex;Tehran;343679.0
fail;FAIL;16/9/2025;3:27:00 ðì;Discover;Mashhad;976246.0
fail;FAIL;29/9/2025;11:11:00 ðì;Master Card;Tabriz;1472823.0
success;SUCCESS;4/9/2025;2:37:00 ðì;Discover;Ahvaz;914282.0
fail;FAIL;24/9/2025;2:20:00 ðì;Visa;Tehran;200000.0
success;SUCCESS;25/9/2025;6:45:00 ìì;visa;Tehran;177050.0
success;SUCCESS;1/9/2025;4:04:00 ðì;Master Card;Tehran;200000.0
fail;FAIL;20/9/2025;7:29:00 ìì;Visa;Tehran;583952.0
success;SUCCESS;6/9/2025;9:23:00 ìì;Master Card;Ahvaz;177050.0
fail;FAIL;27/9/2025;2:11:00 ìì;Discover;Tehran;333333.0
fail;FAIL;16/9/2025;8:08:00 ðì;Master Card;Karaj;343679.0
fail;FAIL;27/9/2025;2:30:00 ðì;Visa;Tehran;200000.0
success;SUCCESS;5/9/2025;4:40:00 ìì;Amex;Isfahan;200000.0
success;SUCCESS;21/9/2025;11:11:00 ðì;Master Card;Tehran;1305967.0
success;SUCCESS;8/9/2025;7:07:00 ðì;Discover;Tabriz;177050.0
fail;FAIL;19/9/2025;8:59:00 ðì;Visa;Karaj;585954.0
success;SUCCESS;14/9/2025;12:34:00 ìì;Visa;Tehran;471227.0
fail;FAIL;7/9/2025;11:17:00 ìì;Master Card;Tehran;1050805.0
success;SUCCESS;14/9/2025;12:34:00 ìì;Amex;Karaj;250000.0
fail;FAIL;6/9/2025;11:11:00 ðì;Visa;karaj;850000.0
fail;FAIL;12/9/2025;11:59:00 ìì;Master Card;Tehran;300000.0
fail;FAIL;16/9/2025;1:10:00 ìì;Visa;Isfahan;1578078.0
fail;FAIL;13/9/2025;11:11:00 ðì;Visa;Ahvaz;50200.0
fail;FAIL;7/9/2025;4:16:00 ìì;Visa;Tehran;200000.0
fail;FAIL;15/9/2025;10:05:00 ðì;Master Card;Qom;976246.0
fail;FAIL;17/9/2025;8:59:00 ðì;Master Card;Tehran;1050805.0
success;SUCCESS;9/9/2025;2:30:00 ðì;Visa;Mashhad;99999.0
fail;FAIL;22/9/2025;11:59:00 ìì;Master Card;Ahvaz;419089.0
success;SUCCESS;15/9/2025;11:17:00 ìì;Master Card;Tehran;1050805.0
success;SUCCESS;2/9/2025;1:10:00 ìì;visa;Isfahan;1158713.0
success;SUCCESS;13/9/2025;9:45:00 ðì;Master Card;Tabriz;471227.0
success;SUCCESS;27/9/2025;5:56:00 ðì;Master Card;Tabriz;1578078.0
fail;FAIL;20/9/2025;4:40:00 ðì;Visa;Qom;914282.0
fail;FAIL;23/9/2025;7:29:00 ìì;Amex;Isfahan;900000.0
Success;SUCCESS;8/9/2025;1:51:00 ðì;Visa;Tehran;1387769.0
success;SUCCESS;14/9/2025;11:11:00 ðì;Master Card;Tehran;1000.0
fail;FAIL;11/9/2025;2:30:00 ìì;Visa;Tabriz;443463.0
fail;FAIL;1/9/2025;6:45:00 ìì;Discover;Mashhad;1.0
fail;FAIL;21/9/2025;7:51:00 ìì;visa;Isfahan;1427657.0
success;SUCCESS;28/9/2025;11:11:00 ðì;Amex;Tehran;177050.0
fail;FAIL;14/9/2025;8:08:00 ðì;Amex;Qom;1502601.0
success;SUCCESS;22/9/2025;7:08:00 ðì;Master Card;Mashhad;1463119.0
success;SUCCESS;23/9/2025;12:12:00 ìì;Master Card;karaj;976246.0
success;SUCCESS;8/9/2025;5:56:00 ðì;Master Card;Isfahan;412308.0
success;SUCCESS;13/9/2025;12:00:00 ðì;Master Card;Mashhad;545116.0
fail;FAIL;27/9/2025;2:11:00 ìì;Master Card;Tabriz;100.5
success;SUCCESS;20/9/2025;7:51:00 ìì;Visa;Ahvaz;177050.0
success;SUCCESS;5/9/2025;2:20:00 ðì;VISA;Tehran ;200000.0
fail;FAIL;29/9/2025;2:24:00 ðì;Visa;Shiraz;545116.0
success;SUCCESS;6/9/2025;2:30:00 ðì;Visa;Mashhad;583952.0
fail;FAIL;22/9/2025;10:27:00 ìì;Master Card;Isfahan;419089.0
success;SUCCESS;13/9/2025;4:16:00 ìì;Master Card;Tehran;1305967.0
fail;FAIL;5/9/2025;3:45:00 ìì;Visa;Tehran;123456.0
fail;FAIL;28/9/2025;3:00:00 ðì;Visa;Karaj;450000.0
success;SUCCESS;27/9/2025;2:37:00 ðì;Visa;Tehran;50200.0
success;SUCCESS;25/9/2025;7:32:00 ðì;Master Card;Shiraz;1305967.0
Success;SUCCESS;8/9/2025;2:11:00 ìì;Visa;Karaj;774681.0
fail;FAIL;23/9/2025;11:59:00 ìì;Visa;karaj;1.0
fail;FAIL;1/9/2025;12:44:00 ìì;Discover;Isfahan;1782689.0
success;SUCCESS;20/9/2025;11:17:00 ìì;Master Card;Tehran;450000.0
success;SUCCESS;12/9/2025;3:27:00 ðì;Amex;Tehran;976246.0
success;SUCCESS;7/9/2025;4:40:00 ðì;Master Card;Tabriz;343679.0
success;SUCCESS;15/9/2025;1:10:00 ìì;Discover;Tehran;1387769.0
fail;FAIL;22/9/2025;12:12:00 ìì;Discover;Karaj;1578078.0
fail;FAIL;24/9/2025;9:09:00 ðì;Master Card;Tehran;50200.0
success;SUCCESS;11/9/2025;5:23:00 ðì;Visa;Tehran;583952.0
success;SUCCESS;29/9/2025;8:20:00 ìì;Discover;Tehran;250000.0
success;SUCCESS;22/9/2025;7:08:00 ðì;Discover;Tehran;100.5
fail;FAIL;26/9/2025;8:33:00 ìì;Visa;Tabriz;976246.0
fail;FAIL;16/9/2025;7:19:00 ìì;Master Card;Qom;1.0
fail;FAIL;3/9/2025;1:51:00 ðì;Discover;Tehran;100.5
fail;FAIL;20/9/2025;3:45:00 ìì;visa;Tabriz;200000.0
fail;FAIL;14/9/2025;12:00:00 ðì;Master Card;Isfahan;1883871.0
success;SUCCESS;1/9/2025;11:11:00 ðì;Master Card;Ahvaz;99999.0
success;SUCCESS;26/9/2025;9:00:00 ðì;Amex;Mashhad;100000.0
fail;FAIL;15/9/2025;6:30:00 ðì;Master Card;Tabriz;914465.0
fail;FAIL;2/9/2025;6:45:00 ìì;Master Card;Karaj;205000.0
fail;FAIL;29/9/2025;11:11:00 ðì;Master Card;Tehran;555555.0
fail;FAIL;20/9/2025;2:30:00 ðì;Master Card;Mashhad;1502601.0
success;SUCCESS;6/9/2025;1:13:00 ìì;Master Card;karaj;177050.0
success;SUCCESS;8/9/2025;1:13:00 ìì;Master Card;Isfahan;1768588.0
fail;FAIL;29/9/2025;2:37:00 ðì;Visa;Isfahan;1463119.0
fail;FAIL;16/9/2025;2:30:00 ðì;VISA;Tehran;205000.0
fail;FAIL;1/9/2025;8:33:00 ìì;Visa;Tehran;100000.0
Success;SUCCESS;28/9/2025;2:37:00 ðì;Master Card;Tehran;583952.0
fail;FAIL;3/9/2025;7:08:00 ðì;Master Card;karaj;100000.0
fail;FAIL;5/9/2025;12:12:00 ìì;Discover;Isfahan;1883871.0
fail;FAIL;27/9/2025;2:55:00 ìì;Visa;Shiraz;1427657.0
fail;FAIL;12/9/2025;9:23:00 ìì;Master Card;Tehran;650000.0
fail;FAIL;20/9/2025;6:00:00 ìì;Discover;Tabriz;583952.0
success;SUCCESS;9/9/2025;6:45:00 ìì;Amex;Isfahan;1427657.0
fail;FAIL;19/9/2025;4:04:00 ðì;Amex;Tabriz;583952.0
success;SUCCESS;22/9/2025;9:45:00 ðì;Discover;Ahvaz;100000.0
fail;FAIL;19/9/2025;1:01:00 ðì;Discover;Mashhad;1768588.0
fail;FAIL;6/9/2025;4:40:00 ðì;Discover;Shiraz;914465.0
fail;FAIL;13/9/2025;8:08:00 ðì;Master Card;Tehran;1502601.0
fail;FAIL;22/9/2025;6:45:00 ìì;Master Card;Tabriz;545116.0
success;SUCCESS;28/9/2025;11:59:00 ìì;Amex;Isfahan;583952.0
success;SUCCESS;15/9/2025;3:27:00 ðì;Discover;Qom;1305967.0
fail;FAIL;21/9/2025;12:00:00 ðì;Master Card;Tabriz;1050805.0
fail;FAIL;13/9/2025;4:04:00 ðì;Master Card;Karaj;177050.0
success;SUCCESS;22/9/2025;2:11:00 ìì;Visa;Tehran;471227.0
success;SUCCESS;11/9/2025;2:30:00 ðì;Visa;Isfahan;1463119.0
fail;FAIL;19/9/2025;1:13:00 ìì;Visa;Qom;1463119.0
fail;FAIL;8/9/2025;8:08:00 ðì;Visa;Qom;343679.0
success;SUCCESS;20/9/2025;2:20:00 ðì;Master Card;Shiraz;1000.0
fail;FAIL;8/9/2025;11:59:00 ìì;Amex;Tabriz;99999.0
fail;FAIL;26/9/2025;2:24:00 ðì;Master Card;Tehran;250000.0
fail;FAIL;16/9/2025;8:59:00 ðì;Master Card;Tehran ;177050.0
fail;FAIL;26/9/2025;7:29:00 ìì;Amex;Shiraz;914465.0
success;SUCCESS;23/9/2025;7:19:00 ìì;Visa;Tabriz;585954.0
fail;FAIL;11/9/2025;4:15:00 ðì;Master Card;Isfahan;300000.0
Success;SUCCESS;28/9/2025;5:56:00 ðì;Visa;Mashhad;200000.0
success;SUCCESS;9/9/2025;2:00:00 ìì;Discover;Tehran;914465.0
fail;FAIL;20/9/2025;2:11:00 ìì;Master Card;Shiraz;900000.0
Success;SUCCESS;24/9/2025;4:04:00 ðì;Master Card;Shiraz;5000.0
fail;FAIL;19/9/2025;10:48:00 ðì;Master Card;Tehran;100000.0
success;SUCCESS;16/9/2025;7:07:00 ðì;Visa;Ahvaz;1578078.0
success;SUCCESS;7/9/2025;2:02:00 ìì;Visa;Tehran ;976246.0
fail;FAIL;19/9/2025;12:00:00 ðì;Master Card;Mashhad;850000.0
fail;FAIL;12/9/2025;7:29:00 ìì;Amex;Tehran;583952.0
fail;FAIL;15/9/2025;4:16:00 ìì;Amex;Tehran ;583952.0
success;SUCCESS;23/9/2025;5:17:00 ìì;Visa;Tabriz;450000.0
fail;FAIL;11/9/2025;6:45:00 ìì;Visa;Tehran;177050.0
success;SUCCESS;26/9/2025;7:51:00 ìì;Visa;Tehran;412308.0
success;SUCCESS;27/9/2025;7:51:00 ìì;Visa;Qom;585954.0
success;SUCCESS;11/9/2025;12:12:00 ìì;Visa;Qom;120000.0
success;SUCCESS;2/9/2025;7:08:00 ðì;Master Card;Qom;100.5
success;SUCCESS;11/9/2025;8:33:00 ìì;Discover;Mashhad;100000.0
fail;FAIL;19/9/2025;3:27:00 ðì;Amex;Ahvaz;1387769.0
success;SUCCESS;14/9/2025;10:27:00 ìì;Visa;Tabriz;50200.0
fail;FAIL;28/9/2025;4:40:00 ìì;VISA;Tabriz;419089.0
fail;FAIL;1/9/2025;11:11:00 ðì;Visa;Qom;250000.0
fail;FAIL;3/9/2025;2:20:00 ðì;Master Card;Tehran;177050.0
success;SUCCESS;8/9/2025;1:51:00 ðì;Visa;Qom;5000.0
fail;FAIL;8/9/2025;12:00:00 ðì;Visa;Tehran;177050.0
success;SUCCESS;27/9/2025;2:00:00 ìì;Visa;Ahvaz;12345.0
fail;FAIL;20/9/2025;12:12:00 ìì;Amex;Tehran;471227.0
success;SUCCESS;22/9/2025;1:01:00 ðì;Master Card;Tabriz;1387769.0
success;SUCCESS;11/9/2025;2:37:00 ðì;Discover;Tehran;650000.0
success;SUCCESS;7/9/2025;9:09:00 ðì;Discover;Ahvaz;976246.0
fail;FAIL;25/9/2025;9:09:00 ðì;Master Card;Mashhad;12345.0
fail;FAIL;12/9/2025;2:11:00 ìì;Visa;Tehran;976246.0
success;SUCCESS;26/9/2025;10:48:00 ðì;Master Card;Karaj;100000.0
fail;FAIL;6/9/2025;2:30:00 ðì;Visa;Tehran;914282.0
success;SUCCESS;21/9/2025;2:11:00 ìì;visa;Tehran;900000.0
success;SUCCESS;24/9/2025;8:33:00 ìì;Master Card;Mashhad;443463.0
fail;FAIL;16/9/2025;7:51:00 ìì;Discover;Tabriz;100.5
fail;FAIL;25/9/2025;8:08:00 ðì;visa;Ahvaz;1578078.0
fail;FAIL;25/9/2025;8:59:00 ðì;Visa;Isfahan;205000.0
fail;FAIL;29/9/2025;7:51:00 ìì;Master Card;Tehran;63489.0
fail;FAIL;22/9/2025;7:51:00 ìì;Discover;Tehran;900000.0
success;SUCCESS;22/9/2025;7:29:00 ìì;Discover;Tehran;1463119.0
fail;FAIL;25/9/2025;1:10:00 ìì;Amex;Tehran;333333.0
success;SUCCESS;20/9/2025;10:05:00 ðì;Discover;Mashhad;976246.0
Success;SUCCESS;22/9/2025;5:56:00 ðì;Master Card;Mashhad;583952.0
fail;FAIL;4/9/2025;9:21:00 ìì;Visa;Isfahan;1387769.0
fail;FAIL;11/9/2025;12:12:00 ìì;Amex;Tabriz;177050.0
fail;FAIL;17/9/2025;4:40:00 ìì;Visa;Isfahan;300000.0
fail;FAIL;14/9/2025;4:40:00 ìì;Master Card;Tehran;585954.0
fail;FAIL;26/9/2025;1:01:00 ðì;Discover;Karaj;471227.0
Success;SUCCESS;11/9/2025;12:44:00 ìì;Visa;Tehran;914465.0
fail;FAIL;28/9/2025;2:11:00 ìì;Amex;Ahvaz;850000.0
success;SUCCESS;22/9/2025;3:45:00 ìì;Visa;Tehran;200000.0
success;SUCCESS;9/9/2025;5:23:00 ðì;Discover;Tehran;1578078.0
fail;FAIL;23/9/2025;10:27:00 ìì;Amex;Mashhad;100.5
success;SUCCESS;13/9/2025;4:15:00 ðì;Master Card;Tehran;419089.0
Success;SUCCESS;23/9/2025;12:44:00 ìì;Master Card;karaj;1305967.0
fail;FAIL;28/9/2025;5:17:00 ìì;Master Card;Tehran;1578078.0
fail;FAIL;11/9/2025;7:08:00 ðì;Visa;Karaj;450000.0
fail;FAIL;15/9/2025;4:40:00 ìì;Visa;karaj;1050805.0
fail;FAIL;25/9/2025;5:17:00 ìì;Visa;Tehran;1463119.0
success;SUCCESS;26/9/2025;3:27:00 ðì;Amex;Shiraz;583952.0
fail;FAIL;29/9/2025;12:00:00 ðì;Discover;Tehran;650000.0
fail;FAIL;1/9/2025;9:45:00 ðì;Master Card;Tabriz;419089.0
fail;FAIL;4/9/2025;6:06:00 ðì;Master Card;Shiraz;100.5
fail;FAIL;14/9/2025;4:40:00 ìì;Amex;Tehran;1463119.0
fail;FAIL;3/9/2025;1:10:00 ìì;Visa;Mashhad;1427657.0
fail;FAIL;30/9/2025;8:20:00 ìì;Visa;Karaj;976246.0
fail;FAIL;3/9/2025;6:00:00 ìì;Master Card;Karaj;850000.0
fail;FAIL;16/9/2025;9:09:00 ðì;Amex;Isfahan;343679.0
success;SUCCESS;30/9/2025;4:40:00 ìì;Amex;Tehran ;1387769.0
fail;FAIL;20/9/2025;10:48:00 ðì;Discover;Mashhad;419089.0
FAIL;FAIL;29/9/2025;2:30:00 ðì;Visa;Tehran ;123456.0
fail;FAIL;13/9/2025;9:00:00 ðì;Amex;Tabriz;177050.0
fail;FAIL;15/9/2025;2:11:00 ìì;Visa;Karaj;1883871.0
success;SUCCESS;14/9/2025;3:00:00 ðì;Master Card;Tehran;1158713.0
fail;FAIL;25/9/2025;10:05:00 ðì;Visa;Tehran;1578078.0
fail;FAIL;19/9/2025;3:27:00 ðì;Visa;Tehran;1578078.0
success;SUCCESS;10/9/2025;8:20:00 ìì;Amex;Isfahan;1768588.0
fail;FAIL;27/9/2025;7:51:00 ìì;Discover;Mashhad;555555.0
FAIL;FAIL;15/9/2025;9:00:00 ðì;Master Card;Tehran;50200.0
success;SUCCESS;22/9/2025;9:10:00 ìì;Master Card;Tabriz;1578078.0
success;SUCCESS;6/9/2025;12:44:00 ìì;Master Card;Tehran;1578078.0
success;SUCCESS;23/9/2025;2:11:00 ìì;Master Card;Ahvaz;63489.0
fail;FAIL;10/9/2025;1:10:00 ìì;Master Card;Tabriz;200000.0
success;SUCCESS;7/9/2025;11:59:00 ìì;Discover;Ahvaz;99999.0
success;SUCCESS;22/9/2025;3:00:00 ðì;Master Card;Karaj;5000.0
success;SUCCESS;17/9/2025;10:27:00 ìì;Master Card;Tehran;850000.0
success;SUCCESS;18/9/2025;2:30:00 ðì;Master Card;Mashhad;1463119.0
success;SUCCESS;17/9/2025;7:29:00 ìì;Visa;Ahvaz;1578078.0
success;SUCCESS;9/9/2025;9:23:00 ìì;Visa;Tehran;471227.0
success;SUCCESS;10/9/2025;10:48:00 ðì;Discover;Mashhad;1387769.0
success;SUCCESS;10/9/2025;8:59:00 ðì;Visa;Tehran;300000.0
fail;FAIL;25/9/2025;5:17:00 ìì;Master Card;Tabriz;1782689.0
success;SUCCESS;16/9/2025;9:00:00 ðì;Master Card;Mashhad;333333.0
success;SUCCESS;6/9/2025;9:23:00 ìì;Master Card;Tabriz;100.5
fail;FAIL;27/9/2025;9:00:00 ðì;Visa;Karaj;1578078.0
success;SUCCESS;20/9/2025;1:10:00 ìì;Discover;Karaj;555555.0
fail;FAIL;1/9/2025;12:12:00 ìì;Master Card;Tehran;412308.0
fail;FAIL;1/9/2025;12:00:00 ðì;Discover;Tehran;850000.0
fail;FAIL;12/9/2025;2:20:00 ðì;Discover;Karaj;1000.0
fail;FAIL;21/9/2025;10:27:00 ìì;Visa;Shiraz;1050805.0
success;SUCCESS;2/9/2025;4:04:00 ðì;Visa;Tehran;300000.0
fail;FAIL;4/9/2025;12:34:00 ìì;Master Card;Tehran ;100.5
fail;FAIL;17/9/2025;6:30:00 ðì;visa;Tehran;1578078.0
fail;FAIL;4/9/2025;7:32:00 ðì;Amex;Karaj;250000.0
fail;FAIL;11/9/2025;9:45:00 ðì;Discover;Mashhad;343679.0
success;SUCCESS;22/9/2025;9:45:00 ðì;Visa;Tehran;200000.0
fail;FAIL;26/9/2025;12:44:00 ìì;VISA;Isfahan;1158713.0
success;SUCCESS;4/9/2025;7:40:00 ìì;Visa;Mashhad;650000.0
fail;FAIL;1/9/2025;4:40:00 ðì;Master Card;Karaj;583952.0
FAIL;FAIL;7/9/2025;8:08:00 ðì;Master Card;Tehran;650000.0
success;SUCCESS;9/9/2025;2:30:00 ìì;visa;Tehran;1.0
fail;FAIL;8/9/2025;11:59:00 ìì;Master Card;Ahvaz;1472823.0
success;SUCCESS;24/9/2025;7:08:00 ðì;Master Card;Isfahan;850000.0
fail;FAIL;19/9/2025;3:27:00 ðì;Amex;Tabriz;63489.0
success;SUCCESS;4/9/2025;7:40:00 ìì;Visa;Tehran;177050.0
success;SUCCESS;18/9/2025;4:40:00 ðì;Visa;karaj;99999.0
fail;FAIL;27/9/2025;9:10:00 ìì;Visa;Tabriz;471227.0
fail;FAIL;11/9/2025;3:45:00 ìì;Visa;Tehran;419089.0
fail;FAIL;27/9/2025;9:09:00 ðì;Master Card;Tehran;200000.0
success;SUCCESS;14/9/2025;2:30:00 ðì;Visa;Tehran;583952.0
Success;SUCCESS;25/9/2025;10:05:00 ðì;Master Card;Ahvaz;1578078.0
success;SUCCESS;18/9/2025;9:21:00 ìì;Master Card;Qom;545116.0
success;SUCCESS;28/9/2025;9:23:00 ìì;Amex;Tabriz;471227.0
fail;FAIL;29/9/2025;12:00:00 ðì;Discover;Ahvaz;99999.0
Success;SUCCESS;16/9/2025;4:15:00 ðì;Master Card;karaj;419089.0
success;SUCCESS;3/9/2025;4:40:00 ìì;Amex;Tabriz;1782689.0
fail;FAIL;15/9/2025;2:02:00 ìì;Visa;Tehran;976246.0
Success;SUCCESS;27/9/2025;7:08:00 ðì;Visa;Mashhad;177050.0
fail;FAIL;27/9/2025;2:55:00 ìì;Master Card;Tehran;471227.0
success;SUCCESS;4/9/2025;4:15:00 ðì;Master Card;Tabriz;471227.0
success;SUCCESS;5/9/2025;11:11:00 ðì;Amex;Isfahan;1158713.0
fail;FAIL;16/9/2025;2:30:00 ìì;Master Card;Tehran;450000.0
success;SUCCESS;14/9/2025;7:51:00 ìì;Master Card;Tehran;177050.0
success;SUCCESS;26/9/2025;8:08:00 ðì;Master Card;Ahvaz;12345.0
fail;FAIL;16/9/2025;4:40:00 ìì;Visa;Isfahan;343679.0
FAIL;FAIL;7/9/2025;5:17:00 ìì;Visa;Tabriz;200000.0
fail;FAIL;9/9/2025;7:29:00 ìì;Visa;Tehran;1158713.0
fail;FAIL;4/9/2025;11:17:00 ìì;Discover;Shiraz;250000.0
fail;FAIL;30/9/2025;2:55:00 ìì;Discover;Karaj;774681.0
fail;FAIL;30/9/2025;12:00:00 ðì;Discover;Ahvaz;100.5
success;SUCCESS;22/9/2025;3:27:00 ðì;Visa;Isfahan;443463.0
fail;FAIL;11/9/2025;7:08:00 ðì;Master Card;Qom;1578078.0
success;SUCCESS;2/9/2025;5:07:00 ìì;Visa;Tabriz;976246.0
fail;FAIL;12/9/2025;8:33:00 ìì;Discover;karaj;1578078.0
success;SUCCESS;12/9/2025;9:45:00 ðì;Discover;Qom;177050.0
fail;FAIL;30/9/2025;7:40:00 ìì;Visa;Tabriz;1387769.0
fail;FAIL;4/9/2025;8:08:00 ðì;Amex;Tehran;976246.0
success;SUCCESS;18/9/2025;12:44:00 ìì;Discover;Qom;1427657.0
fail;FAIL;26/9/2025;10:05:00 ðì;Master Card;Mashhad;419089.0
success;SUCCESS;21/9/2025;7:32:00 ðì;Discover;Tehran;583952.0
Success;SUCCESS;7/9/2025;7:29:00 ìì;Amex;Tehran;583952.0
success;SUCCESS;29/9/2025;11:17:00 ìì;visa;Tehran;63489.0
success;SUCCESS;1/9/2025;7:51:00 ìì;Discover;Qom;120000.0
success;SUCCESS;26/9/2025;1:01:00 ðì;Discover;Isfahan;100.5
fail;FAIL;23/9/2025;9:09:00 ðì;Master Card;Tabriz;419089.0
fail;FAIL;26/9/2025;7:29:00 ìì;Master Card;Qom;50200.0
success;SUCCESS;13/9/2025;9:21:00 ìì;Visa;Tehran;1768588.0
fail;FAIL;6/9/2025;9:10:00 ìì;Visa;Tehran;585954.0
success;SUCCESS;12/9/2025;3:27:00 ðì;Master Card;Karaj;1305967.0
success;SUCCESS;8/9/2025;4:16:00 ìì;Master Card;Tabriz;100.5
success;SUCCESS;24/9/2025;7:32:00 ðì;Visa;Tabriz;976246.0
fail;FAIL;5/9/2025;9:45:00 ðì;Master Card;Karaj;1463119.0
success;SUCCESS;18/9/2025;2:30:00 ðì;Master Card;Tabriz;300000.0
fail;FAIL;30/9/2025;7:29:00 ìì;Amex;Tabriz;1502601.0
fail;FAIL;25/9/2025;2:30:00 ðì;Discover;Karaj;471227.0
fail;FAIL;10/9/2025;7:08:00 ðì;Amex;Tabriz;177050.0
Success;SUCCESS;1/9/2025;2:30:00 ìì;visa;Ahvaz;419089.0
fail;FAIL;10/9/2025;11:59:00 ìì;Visa;Isfahan;177050.0
success;SUCCESS;5/9/2025;4:40:00 ðì;Visa;Isfahan;1578078.0
success;SUCCESS;12/9/2025;2:11:00 ìì;Amex;Tabriz;1050805.0
success;SUCCESS;22/9/2025;8:33:00 ìì;Visa;Tehran;250000.0
fail;FAIL;30/9/2025;9:21:00 ìì;Discover;Isfahan;1782689.0
fail;FAIL;27/9/2025;1:51:00 ðì;Visa;Tehran;123456.0
success;SUCCESS;7/9/2025;12:00:00 ðì;Discover;Mashhad;1578078.0
fail;FAIL;9/9/2025;1:10:00 ìì;Master Card;Karaj;1463119.0
fail;FAIL;22/9/2025;8:59:00 ðì;Master Card;Tehran ;300000.0
fail;FAIL;12/9/2025;2:37:00 ðì;Visa;Tabriz;1.0
success;SUCCESS;23/9/2025;11:11:00 ðì;Discover;Mashhad;50200.0
fail;FAIL;29/9/2025;7:51:00 ìì;Discover;Tehran;850000.0
success;SUCCESS;1/9/2025;10:48:00 ðì;Discover;Tehran;100.5
fail;FAIL;11/9/2025;8:08:00 ðì;visa;Mashhad;850000.0
success;SUCCESS;30/9/2025;11:59:00 ìì;Discover;Qom;774681.0
Success;SUCCESS;2/9/2025;8:59:00 ðì;Visa;Ahvaz;585954.0
fail;FAIL;20/9/2025;7:08:00 ðì;Visa;Tabriz;555555.0
fail;FAIL;7/9/2025;1:01:00 ðì;Master Card;Ahvaz;850000.0
success;SUCCESS;21/9/2025;7:19:00 ìì;Visa;Qom;1387769.0
success;SUCCESS;12/9/2025;2:37:00 ðì;VISA;Mashhad;1768588.0
fail;FAIL;18/9/2025;9:09:00 ðì;Discover;Karaj;200000.0
success;SUCCESS;3/9/2025;2:30:00 ðì;Amex;Karaj;1472823.0
Success;SUCCESS;7/9/2025;12:00:00 ðì;Visa;Tehran;419089.0
fail;FAIL;11/9/2025;6:45:00 ìì;Visa;Tehran;250000.0
fail;FAIL;18/9/2025;2:54:00 ðì;Visa;Ahvaz;1768588.0
fail;FAIL;6/9/2025;8:59:00 ðì;Master Card;Tabriz;99999.0
success;SUCCESS;5/9/2025;8:59:00 ðì;Visa;Tehran;200000.0
success;SUCCESS;26/9/2025;12:34:00 ìì;Visa;Tehran;1387769.0
fail;FAIL;1/9/2025;8:08:00 ðì;Discover;Shiraz;177050.0
fail;FAIL;27/9/2025;2:20:00 ðì;Master Card;Tehran;471227.0
fail;FAIL;26/9/2025;10:48:00 ðì;Master Card;karaj;583952.0
fail;FAIL;4/9/2025;10:48:00 ðì;Visa;Isfahan;452545.0
fail;FAIL;27/9/2025;6:00:00 ìì;Visa;Tabriz;545116.0
success;SUCCESS;18/9/2025;2:30:00 ðì;Visa;Tehran;471227.0
success;SUCCESS;4/9/2025;7:40:00 ìì;Visa;Tehran;976246.0
success;SUCCESS;29/9/2025;1:13:00 ìì;Visa;Tehran;443463.0
Success;SUCCESS;22/9/2025;9:09:00 ðì;Master Card;Shiraz;343679.0
success;SUCCESS;2/9/2025;9:21:00 ìì;Master Card;Tehran;650000.0
fail;FAIL;10/9/2025;10:05:00 ðì;Master Card;Karaj;443463.0
success;SUCCESS;25/9/2025;12:44:00 ìì;Discover;Tehran;177050.0
fail;FAIL;23/9/2025;3:00:00 ðì;Master Card;Tehran;1463119.0
fail;FAIL;25/9/2025;9:00:00 ðì;Discover;Tabriz;177050.0
success;SUCCESS;21/9/2025;4:40:00 ìì;Visa;Tabriz;585954.0
fail;FAIL;23/9/2025;9:23:00 ìì;VISA;Tehran;1387769.0
success;SUCCESS;16/9/2025;2:37:00 ðì;Master Card;Isfahan;1782689.0
success;SUCCESS;7/9/2025;9:45:00 ðì;Master Card;Tehran;250000.0
fail;FAIL;28/9/2025;11:59:00 ìì;Discover;Tehran;12345.0
success;SUCCESS;28/9/2025;9:00:00 ðì;Visa;Tehran;583952.0
success;SUCCESS;19/9/2025;7:40:00 ìì;Discover;Tehran;850000.0
success;SUCCESS;17/9/2025;9:23:00 ìì;Visa;Tehran;1578078.0
success;SUCCESS;26/9/2025;4:40:00 ðì;Visa;Qom;200000.0
success;SUCCESS;13/9/2025;7:51:00 ìì;Master Card;Tabriz;200000.0
success;SUCCESS;5/9/2025;2:00:00 ìì;Master Card;Tehran;123456.0
fail;FAIL;23/9/2025;11:11:00 ðì;Master Card;Karaj;1387769.0
success;SUCCESS;10/9/2025;10:48:00 ðì;Master Card;Tabriz;205000.0
fail;FAIL;10/9/2025;1:10:00 ìì;Master Card;Mashhad;1050805.0
fail;FAIL;15/9/2025;6:12:00 ìì;Master Card;karaj;976246.0
fail;FAIL;3/9/2025;7:51:00 ìì;Master Card;Isfahan;1782689.0
fail;FAIL;19/9/2025;7:19:00 ìì;Visa;Tabriz;1050805.0
success;SUCCESS;10/9/2025;6:30:00 ðì;Master Card;Tehran;471227.0
fail;FAIL;28/9/2025;3:27:00 ðì;Visa;Isfahan;976246.0
fail;FAIL;29/9/2025;7:51:00 ìì;visa;Ahvaz;1387769.0
fail;FAIL;3/9/2025;6:00:00 ìì;Master Card;Qom;250000.0
fail;FAIL;6/9/2025;12:00:00 ðì;Discover;Mashhad;1.0
success;SUCCESS;12/9/2025;2:37:00 ðì;Master Card;Karaj;63489.0
success;SUCCESS;15/9/2025;7:51:00 ìì;Discover;Tehran;100.5
fail;FAIL;6/9/2025;4:40:00 ðì;VISA;Mashhad;585954.0
fail;FAIL;13/9/2025;3:45:00 ìì;Discover;Tabriz;452545.0
success;SUCCESS;19/9/2025;8:33:00 ìì;Visa;Shiraz;5000.0
Success;SUCCESS;3/9/2025;11:11:00 ðì;Visa;Qom;1000.0
fail;FAIL;8/9/2025;9:21:00 ìì;Master Card;Ahvaz;914282.0
Success;SUCCESS;8/9/2025;6:30:00 ðì;VISA;Tehran;419089.0
FAIL;FAIL;26/9/2025;8:08:00 ðì;Visa;Ahvaz;1883871.0
success;SUCCESS;20/9/2025;7:07:00 ðì;Discover;Isfahan;1883871.0
fail;FAIL;15/9/2025;5:56:00 ðì;Master Card;Shiraz;1768588.0
fail;FAIL;21/9/2025;1:13:00 ìì;Visa;Qom;177050.0
fail;FAIL;3/9/2025;2:30:00 ðì;Amex;Mashhad;12345.0
fail;FAIL;23/9/2025;7:32:00 ðì;Visa;Ahvaz;914465.0
success;SUCCESS;16/9/2025;5:17:00 ìì;Master Card;Tabriz;250000.0
success;SUCCESS;16/9/2025;3:27:00 ðì;Master Card;Mashhad;1502601.0
success;SUCCESS;9/9/2025;2:37:00 ðì;visa;Isfahan;583952.0
fail;FAIL;28/9/2025;2:02:00 ìì;Master Card;Tabriz;914465.0
success;SUCCESS;14/9/2025;2:30:00 ðì;Master Card;Tehran;914465.0
success;SUCCESS;13/9/2025;11:17:00 ìì;Discover;Tehran;774681.0
fail;FAIL;21/9/2025;1:13:00 ìì;Discover;Tehran;1578078.0
fail;FAIL;7/9/2025;2:20:00 ðì;Master Card;karaj;177050.0
fail;FAIL;6/9/2025;3:27:00 ðì;Visa;Tabriz;100.5
success;SUCCESS;9/9/2025;5:23:00 ðì;Visa;Tehran;200000.0
fail;FAIL;22/9/2025;7:19:00 ìì;Visa;Ahvaz;412308.0
fail;FAIL;17/9/2025;1:01:00 ðì;Visa;Mashhad;450000.0
success;SUCCESS;12/9/2025;5:17:00 ìì;Master Card;Tabriz;1768588.0
Success;SUCCESS;10/9/2025;12:12:00 ìì;Master Card;Tehran;1578078.0
Success;SUCCESS;11/9/2025;5:07:00 ìì;Discover;Shiraz;200000.0
success;SUCCESS;16/9/2025;9:23:00 ìì;Master Card;Isfahan;914465.0
fail;FAIL;8/9/2025;10:48:00 ðì;Master Card;karaj;1387769.0
success;SUCCESS;24/9/2025;9:45:00 ðì;Visa;Tabriz;177050.0
success;SUCCESS;17/9/2025;2:11:00 ìì;Visa;Shiraz;200000.0
success;SUCCESS;25/9/2025;1:13:00 ìì;visa;Tabriz;583952.0
fail;FAIL;12/9/2025;7:19:00 ìì;Visa;Tehran;452545.0
fail;FAIL;25/9/2025;4:04:00 ðì;Visa;Tehran;412308.0
fail;FAIL;26/9/2025;9:00:00 ðì;Visa;Isfahan;250000.0
fail;FAIL;14/9/2025;5:56:00 ðì;Master Card;Shiraz;585954.0
success;SUCCESS;16/9/2025;9:23:00 ìì;Visa;Karaj;343679.0
success;SUCCESS;14/9/2025;1:01:00 ðì;Master Card;Tehran;1472823.0
success;SUCCESS;9/9/2025;4:40:00 ðì;Master Card;Tehran;343679.0
fail;FAIL;4/9/2025;1:51:00 ðì;Master Card;Ahvaz;5000.0
fail;FAIL;25/9/2025;9:21:00 ìì;Master Card;Karaj;1768588.0
success;SUCCESS;23/9/2025;7:51:00 ìì;Visa;karaj;123456.0
fail;FAIL;11/9/2025;2:24:00 ðì;Master Card;Shiraz;100000.0
success;SUCCESS;6/9/2025;8:20:00 ìì;Discover;Ahvaz;914282.0
success;SUCCESS;15/9/2025;2:02:00 ìì;Master Card;Isfahan;120000.0
fail;FAIL;5/9/2025;3:45:00 ìì;Amex;Qom;650000.0
fail;FAIL;11/9/2025;10:05:00 ðì;Visa;Ahvaz;452545.0
success;SUCCESS;25/9/2025;8:59:00 ðì;Discover;Tehran;343679.0
fail;FAIL;18/9/2025;7:51:00 ìì;Master Card;Isfahan;774681.0
success;SUCCESS;11/9/2025;8:08:00 ðì;Discover;Karaj;412308.0
fail;FAIL;28/9/2025;10:27:00 ìì;Visa;Tehran;1578078.0
success;SUCCESS;18/9/2025;9:10:00 ìì;Master Card;Tehran;1305967.0
success;SUCCESS;27/9/2025;7:29:00 ìì;Master Card;Tehran;914465.0
fail;FAIL;28/9/2025;7:51:00 ìì;Visa;Tehran;585954.0
fail;FAIL;25/9/2025;1:10:00 ìì;Visa;Tabriz;914465.0
fail;FAIL;28/9/2025;7:32:00 ðì;Amex;Tehran;333333.0
fail;FAIL;15/9/2025;9:21:00 ìì;Discover;Tabriz;1427657.0
fail;FAIL;28/9/2025;7:08:00 ðì;Amex;Karaj;583952.0
fail;FAIL;1/9/2025;6:30:00 ðì;Discover;Mashhad;123456.0
success;SUCCESS;4/9/2025;11:59:00 ìì;Visa;Tehran;1.0
fail;FAIL;14/9/2025;2:24:00 ðì;Master Card;Karaj;774681.0
success;SUCCESS;2/9/2025;11:17:00 ìì;Discover;Tehran;850000.0
success;SUCCESS;16/9/2025;8:08:00 ðì;Visa;Tehran;100.5
success;SUCCESS;3/9/2025;1:51:00 ðì;Amex;Tehran;976246.0
fail;FAIL;26/9/2025;12:00:00 ðì;Master Card;Karaj;850000.0
success;SUCCESS;8/9/2025;4:40:00 ìì;Discover;Isfahan;100000.0
fail;FAIL;6/9/2025;9:23:00 ìì;Master Card;karaj;1050805.0
success;SUCCESS;16/9/2025;6:00:00 ìì;Visa;Tabriz;100.5
fail;FAIL;16/9/2025;4:40:00 ðì;Master Card;Karaj;1883871.0
fail;FAIL;7/9/2025;7:40:00 ìì;Amex;Qom;1502601.0
fail;FAIL;5/9/2025;2:37:00 ðì;Visa;karaj;100.5
fail;FAIL;25/9/2025;6:00:00 ìì;Visa;Tehran;583952.0
success;SUCCESS;20/9/2025;6:45:00 ìì;Visa;Tabriz;1158713.0
fail;FAIL;22/9/2025;2:20:00 ðì;Discover;Tehran;100.5
fail;FAIL;18/9/2025;7:08:00 ðì;Discover;Tehran;1883871.0
fail;FAIL;2/9/2025;7:51:00 ìì;Master Card;Tabriz;650000.0
success;SUCCESS;10/9/2025;9:23:00 ìì;Visa;Ahvaz;333333.0
fail;FAIL;23/9/2025;11:59:00 ìì;Master Card;karaj;250000.0
success;SUCCESS;18/9/2025;9:23:00 ìì;Visa;Tehran;585954.0
success;SUCCESS;15/9/2025;11:11:00 ðì;Discover;Tehran;1578078.0
success;SUCCESS;12/9/2025;2:11:00 ìì;Master Card;Tehran;914282.0
Success;SUCCESS;15/9/2025;12:12:00 ìì;Master Card;Mashhad;1578078.0
success;SUCCESS;18/9/2025;11:11:00 ðì;Visa;Tehran;123456.0
fail;FAIL;15/9/2025;4:40:00 ðì;Discover;Tehran;1158713.0
success;SUCCESS;25/9/2025;11:17:00 ìì;Master Card;Tehran;1158713.0
fail;FAIL;23/9/2025;11:59:00 ìì;Master Card;Mashhad;300000.0
success;SUCCESS;19/9/2025;7:19:00 ìì;Amex;Tehran;1578078.0
success;SUCCESS;3/9/2025;2:55:00 ìì;Discover;Qom;100.5
Success;SUCCESS;7/9/2025;6:30:00 ðì;Master Card;Isfahan;5000.0
Success;SUCCESS;21/9/2025;12:00:00 ðì;Discover;Isfahan;300000.0
fail;FAIL;26/9/2025;10:05:00 ðì;Amex;Tehran;1768588.0
fail;FAIL;14/9/2025;4:04:00 ðì;Discover;Qom;850000.0
fail;FAIL;14/9/2025;12:12:00 ìì;Discover;Ahvaz;100.5
success;SUCCESS;22/9/2025;9:00:00 ðì;Visa;Shiraz;452545.0
success;SUCCESS;13/9/2025;5:17:00 ìì;Master Card;Mashhad;914465.0
success;SUCCESS;12/9/2025;2:11:00 ìì;Amex;Ahvaz;452545.0
success;SUCCESS;1/9/2025;1:01:00 ðì;visa;Ahvaz;914465.0
success;SUCCESS;19/9/2025;6:00:00 ìì;Visa;Mashhad;452545.0
success;SUCCESS;11/9/2025;11:59:00 ìì;Master Card;Tehran;585954.0
fail;FAIL;23/9/2025;4:15:00 ðì;Master Card;Tehran;1463119.0
success;SUCCESS;23/9/2025;6:12:00 ìì;Discover;Isfahan;1050805.0
success;SUCCESS;22/9/2025;2:55:00 ìì;Discover;Tabriz;412308.0
fail;FAIL;19/9/2025;11:17:00 ìì;visa;Tehran;250000.0
success;SUCCESS;18/9/2025;11:59:00 ìì;Master Card;Mashhad;50200.0
fail;FAIL;23/9/2025;5:17:00 ìì;Master Card;Karaj;1000.0
success;SUCCESS;28/9/2025;8:33:00 ìì;Visa;Tabriz;976246.0
success;SUCCESS;28/9/2025;11:11:00 ðì;Discover;Shiraz;50200.0
success;SUCCESS;27/9/2025;8:08:00 ðì;Visa;Tehran;200000.0
success;SUCCESS;19/9/2025;7:51:00 ìì;Master Card;Shiraz;555555.0
fail;FAIL;28/9/2025;6:00:00 ìì;Amex;Tehran;1427657.0
fail;FAIL;27/9/2025;5:56:00 ðì;visa;Tabriz;976246.0
success;SUCCESS;20/9/2025;11:11:00 ðì;Visa;Tehran;585954.0
success;SUCCESS;29/9/2025;9:23:00 ìì;Discover;Qom;850000.0
fail;FAIL;30/9/2025;1:13:00 ìì;Discover;Tabriz;50200.0
fail;FAIL;17/9/2025;5:56:00 ðì;Master Card;Tehran;123456.0
success;SUCCESS;5/9/2025;5:17:00 ìì;Discover;Ahvaz;300000.0
fail;FAIL;26/9/2025;11:11:00 ðì;Discover;Karaj;900000.0
success;SUCCESS;3/9/2025;12:00:00 ðì;Visa;Tehran;1427657.0
success;SUCCESS;2/9/2025;8:08:00 ðì;Visa;Ahvaz;123456.0
success;SUCCESS;3/9/2025;10:27:00 ìì;Discover;Tabriz;976246.0
fail;FAIL;8/9/2025;3:45:00 ìì;Visa;Qom;1158713.0
success;SUCCESS;16/9/2025;9:00:00 ðì;Master Card;karaj;1000.0
success;SUCCESS;6/9/2025;8:08:00 ðì;Discover;Tehran;1472823.0
fail;FAIL;13/9/2025;2:30:00 ðì;Visa;Tehran;1578078.0
fail;FAIL;23/9/2025;2:20:00 ðì;Master Card;Tehran;1502601.0
fail;FAIL;22/9/2025;11:11:00 ðì;Visa;karaj;12345.0
fail;FAIL;22/9/2025;1:10:00 ìì;Discover;karaj;250000.0
success;SUCCESS;16/9/2025;10:05:00 ðì;Master Card;Tehran;100.5
fail;FAIL;16/9/2025;12:00:00 ðì;Visa;Shiraz;1427657.0
success;SUCCESS;3/9/2025;9:21:00 ìì;Master Card;Tabriz;1782689.0
Success;SUCCESS;28/9/2025;2:30:00 ìì;Discover;Tabriz;650000.0
success;SUCCESS;13/9/2025;11:59:00 ìì;Discover;Tabriz;100000.0
fail;FAIL;14/9/2025;7:51:00 ìì;Master Card;Karaj;123456.0
success;SUCCESS;12/9/2025;1:13:00 ìì;Visa;Tabriz;419089.0
fail;FAIL;23/9/2025;1:10:00 ìì;Visa;Tehran;12345.0
success;SUCCESS;22/9/2025;2:37:00 ðì;Master Card;Ahvaz;1050805.0
success;SUCCESS;26/9/2025;7:51:00 ìì;Master Card;Tehran;120000.0
success;SUCCESS;8/9/2025;6:45:00 ìì;Amex;Tabriz;443463.0
fail;FAIL;21/9/2025;4:15:00 ðì;Visa;Shiraz;177050.0
success;SUCCESS;25/9/2025;8:20:00 ìì;Visa;Tabriz;1768588.0
fail;FAIL;9/9/2025;6:45:00 ìì;Visa;Tabriz;205000.0
fail;FAIL;1/9/2025;11:59:00 ìì;Master Card;karaj;205000.0
fail;FAIL;23/9/2025;12:12:00 ìì;Master Card;Tabriz;419089.0
fail;FAIL;19/9/2025;1:13:00 ìì;Master Card;Tehran;419089.0
success;SUCCESS;23/9/2025;8:20:00 ìì;Visa;Isfahan;177050.0
success;SUCCESS;11/9/2025;2:54:00 ðì;Visa;Ahvaz;200000.0
fail;FAIL;11/9/2025;2:24:00 ðì;Discover;Tehran;555555.0
success;SUCCESS;23/9/2025;10:48:00 ðì;Discover;Shiraz;1050805.0
fail;FAIL;30/9/2025;6:45:00 ìì;Amex;Tehran;471227.0
success;SUCCESS;11/9/2025;2:30:00 ðì;Master Card;Tehran;1050805.0
fail;FAIL;18/9/2025;2:30:00 ðì;Master Card;Tehran;419089.0
fail;FAIL;15/9/2025;12:12:00 ìì;Visa;Ahvaz;850000.0
fail;FAIL;21/9/2025;3:45:00 ìì;Master Card;Tabriz;471227.0
success;SUCCESS;25/9/2025;2:37:00 ðì;Master Card;Tehran;650000.0
Success;SUCCESS;27/9/2025;2:00:00 ìì;Master Card;Isfahan;452545.0
fail;FAIL;13/9/2025;2:24:00 ðì;Visa;Mashhad;850000.0
success;SUCCESS;12/9/2025;6:30:00 ðì;Amex;Qom;471227.0
fail;FAIL;18/9/2025;8:33:00 ìì;Master Card;Mashhad;1768588.0
success;SUCCESS;24/9/2025;6:06:00 ðì;Discover;Tabriz;914465.0
success;SUCCESS;19/9/2025;6:30:00 ðì;Master Card;Karaj;1305967.0
fail;FAIL;15/9/2025;3:00:00 ðì;Visa;Tehran;914465.0
fail;FAIL;8/9/2025;7:51:00 ìì;Master Card;Tehran;443463.0
fail;FAIL;10/9/2025;8:08:00 ðì;Master Card;Qom;583952.0
fail;FAIL;7/9/2025;11:59:00 ìì;Discover;Tabriz;333333.0
success;SUCCESS;18/9/2025;9:09:00 ðì;Master Card;Qom;774681.0
fail;FAIL;16/9/2025;3:45:00 ìì;Discover;Mashhad;555555.0
fail;FAIL;20/9/2025;2:20:00 ðì;Visa;Isfahan;12345.0
success;SUCCESS;27/9/2025;2:11:00 ìì;Amex;Shiraz;555555.0
fail;FAIL;6/9/2025;5:56:00 ðì;Visa;Tehran;1472823.0
success;SUCCESS;27/9/2025;1:13:00 ìì;Visa;Mashhad;471227.0
Success;SUCCESS;9/9/2025;7:19:00 ìì;Master Card;Ahvaz;300000.0
fail;FAIL;21/9/2025;1:13:00 ìì;Amex;Tabriz;12345.0
fail;FAIL;13/9/2025;7:40:00 ìì;Visa;Ahvaz;100.5
fail;FAIL;25/9/2025;1:13:00 ìì;Amex;Shiraz;1883871.0
fail;FAIL;26/9/2025;7:32:00 ðì;Visa;Tehran;63489.0
success;SUCCESS;8/9/2025;3:27:00 ðì;Master Card;Tabriz;205000.0
fail;FAIL;16/9/2025;3:45:00 ìì;Master Card;Isfahan;205000.0
fail;FAIL;13/9/2025;11:11:00 ðì;Master Card;Tehran;555555.0
success;SUCCESS;13/9/2025;9:00:00 ðì;Visa;Karaj;5000.0
fail;FAIL;17/9/2025;10:48:00 ðì;Visa;karaj;177050.0
success;SUCCESS;20/9/2025;4:40:00 ðì;Master Card;Isfahan;1782689.0
fail;FAIL;22/9/2025;2:54:00 ðì;VISA;Tehran;545116.0
success;SUCCESS;21/9/2025;7:40:00 ìì;Amex;Tabriz;1768588.0
success;SUCCESS;17/9/2025;1:13:00 ìì;Master Card;Mashhad;1305967.0
fail;FAIL;28/9/2025;7:32:00 ðì;Master Card;Mashhad;914282.0
fail;FAIL;9/9/2025;8:08:00 ðì;Visa;Tabriz;1387769.0
Success;SUCCESS;2/9/2025;6:45:00 ìì;Visa;Qom;200000.0
fail;FAIL;25/9/2025;10:05:00 ðì;Visa;Tehran;100.5
success;SUCCESS;26/9/2025;1:51:00 ðì;Visa;Tehran;585954.0
fail;FAIL;18/9/2025;10:05:00 ðì;Master Card;Karaj;1782689.0
fail;FAIL;9/9/2025;2:54:00 ðì;Discover;Shiraz;1158713.0
fail;FAIL;6/9/2025;6:45:00 ìì;Visa;Tehran;63489.0
fail;FAIL;6/9/2025;8:33:00 ìì;visa;Tabriz;1463119.0
success;SUCCESS;6/9/2025;6:12:00 ìì;Discover;Qom;585954.0
success;SUCCESS;13/9/2025;5:17:00 ìì;Discover;Mashhad;976246.0
success;SUCCESS;2/9/2025;4:15:00 ðì;Amex;Tabriz;583952.0
success;SUCCESS;8/9/2025;9:45:00 ðì;Master Card;Tabriz;914465.0
fail;FAIL;3/9/2025;2:30:00 ðì;Discover;Karaj;471227.0
success;SUCCESS;23/9/2025;7:08:00 ðì;Visa;Tehran;914465.0
success;SUCCESS;21/9/2025;12:00:00 ðì;Master Card;Tabriz;1782689.0
success;SUCCESS;3/9/2025;9:23:00 ìì;Visa;Tehran;63489.0
fail;FAIL;24/9/2025;7:51:00 ìì;Visa;Karaj;343679.0
fail;FAIL;19/9/2025;9:10:00 ìì;Discover;Tehran;300000.0
success;SUCCESS;17/9/2025;5:56:00 ðì;Visa;Ahvaz;1883871.0
fail;FAIL;20/9/2025;12:34:00 ìì;Discover;karaj;914465.0
success;SUCCESS;29/9/2025;2:30:00 ðì;Visa;Tehran;5000.0
fail;FAIL;3/9/2025;11:17:00 ìì;Master Card;Tabriz;100.5
success;SUCCESS;30/9/2025;11:11:00 ðì;Discover;Tehran ;585954.0
fail;FAIL;1/9/2025;11:11:00 ðì;Master Card;Isfahan;774681.0
fail;FAIL;4/9/2025;10:48:00 ðì;Visa;Ahvaz;177050.0
success;SUCCESS;13/9/2025;10:48:00 ðì;Master Card;Isfahan;774681.0
success;SUCCESS;17/9/2025;10:48:00 ðì;Visa;Karaj;914465.0
fail;FAIL;2/9/2025;2:30:00 ìì;Discover;Tehran;100.5
success;SUCCESS;25/9/2025;7:08:00 ðì;Master Card;Isfahan;1578078.0
fail;FAIL;16/9/2025;2:30:00 ðì;Amex;Ahvaz;200000.0
success;SUCCESS;29/9/2025;12:12:00 ìì;Master Card;Shiraz;250000.0
fail;FAIL;19/9/2025;3:27:00 ðì;Amex;Tehran;120000.0
success;SUCCESS;23/9/2025;12:12:00 ìì;Discover;Tehran;1427657.0
success;SUCCESS;19/9/2025;2:24:00 ðì;Visa;Ahvaz;177050.0
fail;FAIL;25/9/2025;5:56:00 ðì;Visa;Tehran;452545.0
Success;SUCCESS;22/9/2025;1:01:00 ðì;Visa;Qom;120000.0
success;SUCCESS;19/9/2025;6:00:00 ìì;Amex;Isfahan;914465.0
success;SUCCESS;9/9/2025;9:45:00 ðì;Visa;Tehran;177050.0
fail;FAIL;1/9/2025;2:02:00 ìì;Master Card;Isfahan;914282.0
fail;FAIL;10/9/2025;11:17:00 ìì;Amex;Shiraz;585954.0
fail;FAIL;19/9/2025;2:00:00 ìì;Master Card;Tehran;585954.0
success;SUCCESS;1/9/2025;2:30:00 ìì;Visa;Shiraz;900000.0
fail;FAIL;2/9/2025;7:51:00 ìì;Amex;Tehran;300000.0
fail;FAIL;16/9/2025;12:00:00 ðì;Discover;Tehran;100000.0
success;SUCCESS;12/9/2025;11:17:00 ìì;Master Card;Tabriz;1305967.0
fail;FAIL;8/9/2025;10:27:00 ìì;Visa;Tehran ;100.5
fail;FAIL;23/9/2025;10:48:00 ðì;Visa;Tehran;200000.0
success;SUCCESS;18/9/2025;2:20:00 ðì;Visa;Tabriz;1578078.0
fail;FAIL;2/9/2025;7:07:00 ðì;VISA;Shiraz;976246.0
success;SUCCESS;25/9/2025;10:05:00 ðì;Amex;Isfahan;412308.0
fail;FAIL;29/9/2025;1:13:00 ìì;Discover;Mashhad;471227.0
fail;FAIL;6/9/2025;7:29:00 ìì;Discover;Karaj;976246.0
fail;FAIL;21/9/2025;10:05:00 ðì;Master Card;Tabriz;419089.0
fail;FAIL;26/9/2025;3:00:00 ðì;Master Card;Tabriz;1463119.0
success;SUCCESS;9/9/2025;10:27:00 ìì;Amex;Ahvaz;650000.0
success;SUCCESS;16/9/2025;9:45:00 ðì;Visa;Mashhad;1463119.0
success;SUCCESS;11/9/2025;2:30:00 ðì;Master Card;Tehran;100.5
success;SUCCESS;7/9/2025;11:11:00 ðì;Discover;karaj;850000.0
success;SUCCESS;10/9/2025;3:45:00 ìì;Discover;Tabriz;900000.0
fail;FAIL;10/9/2025;6:30:00 ðì;Discover;Ahvaz;1463119.0
fail;FAIL;30/9/2025;4:04:00 ðì;Visa;Mashhad;250000.0
success;SUCCESS;25/9/2025;7:19:00 ìì;VISA;Tabriz;583952.0
fail;FAIL;28/9/2025;11:11:00 ðì;Discover;Mashhad;1000.0
fail;FAIL;24/9/2025;10:48:00 ðì;Master Card;Karaj;1768588.0
success;SUCCESS;20/9/2025;11:59:00 ìì;Amex;Mashhad;914282.0
fail;FAIL;29/9/2025;1:13:00 ìì;Master Card;Isfahan;914465.0
fail;FAIL;9/9/2025;8:33:00 ìì;VISA;Ahvaz;200000.0
fail;FAIL;15/9/2025;8:20:00 ìì;Master Card;karaj;50200.0
success;SUCCESS;8/9/2025;3:00:00 ðì;Visa;Tabriz;5000.0
fail;FAIL;9/9/2025;9:00:00 ðì;Discover;Mashhad;99999.0
fail;FAIL;13/9/2025;7:29:00 ìì;Master Card;Tabriz;900000.0
success;SUCCESS;9/9/2025;9:09:00 ðì;Master Card;Ahvaz;774681.0
fail;FAIL;26/9/2025;12:44:00 ìì;Master Card;Tehran;1578078.0
fail;FAIL;4/9/2025;4:15:00 ðì;Master Card;Ahvaz;250000.0
success;SUCCESS;17/9/2025;9:10:00 ìì;Master Card;Shiraz;452545.0
success;SUCCESS;16/9/2025;3:27:00 ðì;Amex;Tabriz;1463119.0
fail;FAIL;15/9/2025;12:34:00 ìì;Discover;Isfahan;1387769.0
success;SUCCESS;3/9/2025;10:05:00 ðì;Amex;Tehran;583952.0
fail;FAIL;25/9/2025;10:05:00 ðì;Discover;Tabriz;1883871.0
fail;FAIL;20/9/2025;7:07:00 ðì;Discover;Karaj;1158713.0
fail;FAIL;5/9/2025;7:08:00 ðì;VISA;Isfahan;585954.0
fail;FAIL;23/9/2025;2:37:00 ðì;Visa;Karaj;333333.0
fail;FAIL;5/9/2025;6:45:00 ìì;Visa;Mashhad;1883871.0
success;SUCCESS;18/9/2025;10:48:00 ðì;Master Card;Ahvaz;343679.0
success;SUCCESS;4/9/2025;10:48:00 ðì;VISA;Isfahan;976246.0
success;SUCCESS;10/9/2025;4:16:00 ìì;Amex;Isfahan;1050805.0
fail;FAIL;13/9/2025;5:17:00 ìì;Visa;Ahvaz;450000.0
fail;FAIL;10/9/2025;8:08:00 ðì;Visa;Mashhad;5000.0
fail;FAIL;29/9/2025;4:40:00 ðì;Visa;Tehran;914465.0
success;SUCCESS;8/9/2025;10:48:00 ðì;Visa;Mashhad;1472823.0
success;SUCCESS;3/9/2025;1:13:00 ìì;Discover;Tabriz;471227.0
fail;FAIL;16/9/2025;11:11:00 ðì;Master Card;Ahvaz;914282.0
FAIL;FAIL;14/9/2025;9:23:00 ìì;Amex;Tehran;177050.0
success;SUCCESS;9/9/2025;9:21:00 ìì;Amex;Tehran;1502601.0
fail;FAIL;30/9/2025;7:08:00 ðì;Visa;Isfahan;1427657.0
success;SUCCESS;21/9/2025;1:13:00 ìì;Amex;Mashhad;774681.0
fail;FAIL;3/9/2025;12:12:00 ìì;Master Card;Ahvaz;900000.0
Success;SUCCESS;5/9/2025;11:11:00 ðì;Master Card;Tehran;1782689.0
fail;FAIL;29/9/2025;2:02:00 ìì;Amex;Qom;1578078.0
fail;FAIL;10/9/2025;6:00:00 ìì;Master Card;Tabriz;300000.0
success;SUCCESS;4/9/2025;2:54:00 ðì;Visa;Karaj;1472823.0
success;SUCCESS;12/9/2025;10:48:00 ðì;Amex;Mashhad;585954.0
success;SUCCESS;5/9/2025;2:24:00 ðì;visa;Tehran;1472823.0
success;SUCCESS;10/9/2025;4:16:00 ìì;visa;Isfahan;443463.0
success;SUCCESS;28/9/2025;7:08:00 ðì;Amex;Mashhad;1578078.0
FAIL;FAIL;24/9/2025;10:05:00 ðì;Visa;Shiraz;545116.0
fail;FAIL;9/9/2025;7:08:00 ðì;Master Card;Mashhad;300000.0
fail;FAIL;7/9/2025;6:30:00 ðì;Discover;Tehran;914465.0
fail;FAIL;22/9/2025;2:24:00 ðì;Visa;Tabriz;914282.0
fail;FAIL;23/9/2025;10:05:00 ðì;Discover;Tehran;63489.0
fail;FAIL;8/9/2025;3:27:00 ðì;Amex;Qom;1387769.0
success;SUCCESS;23/9/2025;11:11:00 ðì;Master Card;Qom;250000.0
fail;FAIL;29/9/2025;6:06:00 ðì;Discover;Tabriz;1158713.0
fail;FAIL;14/9/2025;4:40:00 ìì;Master Card;karaj;1050805.0
success;SUCCESS;26/9/2025;6:45:00 ìì;Visa;Tehran;12345.0
fail;FAIL;19/9/2025;11:11:00 ðì;Discover;Tehran;450000.0
fail;FAIL;5/9/2025;4:15:00 ðì;Visa;karaj;1387769.0
success;SUCCESS;23/9/2025;11:59:00 ìì;Visa;Karaj;343679.0
fail;FAIL;18/9/2025;10:27:00 ìì;visa;Karaj;1.0
fail;FAIL;20/9/2025;7:40:00 ìì;Visa;Isfahan;12345.0
fail;FAIL;12/9/2025;3:27:00 ðì;Visa;Shiraz;1768588.0
fail;FAIL;23/9/2025;12:44:00 ìì;Discover;Tabriz;412308.0
Success;SUCCESS;17/9/2025;10:27:00 ìì;Amex;karaj;177050.0
success;SUCCESS;2/9/2025;7:51:00 ìì;Master Card;Karaj;100.5
fail;FAIL;25/9/2025;4:40:00 ðì;Visa;karaj;1578078.0
fail;FAIL;13/9/2025;7:32:00 ðì;Amex;Shiraz;205000.0
success;SUCCESS;26/9/2025;9:23:00 ìì;Amex;Tehran;12345.0
Success;SUCCESS;7/9/2025;11:11:00 ðì;Master Card;Tabriz;177050.0
success;SUCCESS;28/9/2025;8:33:00 ìì;Discover;Mashhad;1463119.0
fail;FAIL;10/9/2025;1:01:00 ðì;Visa;Tabriz;100000.0
fail;FAIL;23/9/2025;3:00:00 ðì;Discover;Tehran;100.5
success;SUCCESS;3/9/2025;11:59:00 ìì;Discover;Ahvaz;650000.0
Success;SUCCESS;26/9/2025;2:30:00 ìì;Master Card;Tehran;450000.0
fail;FAIL;3/9/2025;12:34:00 ìì;Visa;Tehran;1768588.0
success;SUCCESS;18/9/2025;3:27:00 ðì;Amex;Isfahan;250000.0
FAIL;FAIL;11/9/2025;11:11:00 ðì;Master Card;Ahvaz;343679.0
fail;FAIL;22/9/2025;7:40:00 ìì;Amex;Tehran;850000.0
success;SUCCESS;5/9/2025;7:32:00 ðì;Visa;Tehran;1387769.0
fail;FAIL;22/9/2025;12:00:00 ðì;Discover;Tehran;585954.0
fail;FAIL;27/9/2025;2:37:00 ðì;Amex;Tehran;1387769.0
fail;FAIL;28/9/2025;5:56:00 ðì;Master Card;Mashhad;1427657.0
FAIL;FAIL;19/9/2025;2:30:00 ðì;Discover;Ahvaz;976246.0
fail;FAIL;30/9/2025;10:27:00 ìì;Discover;Tabriz;1782689.0
fail;FAIL;15/9/2025;3:27:00 ðì;Visa;Karaj;585954.0
success;SUCCESS;30/9/2025;6:30:00 ðì;visa;Ahvaz;177050.0
success;SUCCESS;16/9/2025;6:00:00 ìì;Visa;Tehran;452545.0
fail;FAIL;24/9/2025;2:30:00 ìì;Visa;Tehran;555555.0
fail;FAIL;9/9/2025;5:23:00 ðì;Master Card;Tehran;200000.0
fail;FAIL;4/9/2025;2:20:00 ðì;Master Card;Tehran;1463119.0
success;SUCCESS;15/9/2025;2:37:00 ðì;Discover;Isfahan;545116.0
fail;FAIL;25/9/2025;6:06:00 ðì;Visa;Mashhad;200000.0
success;SUCCESS;12/9/2025;2:24:00 ðì;Master Card;Mashhad;452545.0
success;SUCCESS;23/9/2025;2:20:00 ðì;Amex;Tabriz;250000.0
fail;FAIL;17/9/2025;9:10:00 ìì;Visa;Tehran;471227.0
success;SUCCESS;4/9/2025;3:27:00 ðì;Master Card;Ahvaz;412308.0
success;SUCCESS;7/9/2025;11:59:00 ìì;Visa;Tehran;1883871.0
success;SUCCESS;30/9/2025;9:00:00 ðì;Discover;Ahvaz;1883871.0
fail;FAIL;19/9/2025;7:19:00 ìì;Discover;Tabriz;774681.0
fail;FAIL;16/9/2025;6:00:00 ìì;Visa;Ahvaz;120000.0
success;SUCCESS;15/9/2025;7:29:00 ìì;Visa;Ahvaz;1463119.0
fail;FAIL;22/9/2025;10:05:00 ðì;Visa;Karaj;585954.0
success;SUCCESS;8/9/2025;2:30:00 ìì;Visa;Tehran;12345.0
fail;FAIL;28/9/2025;2:30:00 ðì;Master Card;Isfahan;120000.0
success;SUCCESS;20/9/2025;12:00:00 ðì;visa;Mashhad;100.5
success;SUCCESS;19/9/2025;10:48:00 ðì;Visa;Mashhad;1883871.0
success;SUCCESS;17/9/2025;11:11:00 ðì;Amex;Isfahan;250000.0
fail;FAIL;13/9/2025;3:00:00 ðì;Amex;Tabriz;1463119.0
fail;FAIL;7/9/2025;7:40:00 ìì;Visa;Ahvaz;583952.0
fail;FAIL;27/9/2025;7:51:00 ìì;Master Card;Mashhad;471227.0
success;SUCCESS;10/9/2025;2:37:00 ðì;Visa;Shiraz;205000.0
success;SUCCESS;2/9/2025;5:56:00 ðì;Visa;Qom;177050.0
success;SUCCESS;4/9/2025;9:09:00 ðì;Visa;Tehran;1463119.0
success;SUCCESS;25/9/2025;6:06:00 ðì;Visa;Isfahan;450000.0
success;SUCCESS;24/9/2025;2:02:00 ìì;Master Card;Shiraz;443463.0
fail;FAIL;6/9/2025;6:12:00 ìì;Master Card;Qom;50200.0
fail;FAIL;29/9/2025;4:04:00 ðì;Amex;Tehran;583952.0
success;SUCCESS;30/9/2025;9:10:00 ìì;Visa;Isfahan;471227.0
fail;FAIL;25/9/2025;5:07:00 ìì;Visa;Tehran;1463119.0
success;SUCCESS;23/9/2025;12:00:00 ðì;Master Card;Tehran;1502601.0
success;SUCCESS;17/9/2025;2:02:00 ìì;Discover;Ahvaz;1050805.0
FAIL;FAIL;14/9/2025;5:17:00 ìì;Discover;karaj;100.5
fail;FAIL;24/9/2025;11:59:00 ìì;Visa;Isfahan;545116.0
fail;FAIL;11/9/2025;2:30:00 ðì;Visa;Isfahan;1158713.0
success;SUCCESS;26/9/2025;1:13:00 ìì;Master Card;Tehran;1000.0
fail;FAIL;19/9/2025;5:23:00 ðì;Amex;Isfahan;100.5
success;SUCCESS;2/9/2025;2:55:00 ìì;Visa;Tehran;1883871.0
fail;FAIL;28/9/2025;7:08:00 ðì;Visa;Karaj;914282.0
fail;FAIL;3/9/2025;9:10:00 ìì;Visa;Isfahan;1883871.0
fail;FAIL;6/9/2025;8:08:00 ðì;Visa;karaj;419089.0
success;SUCCESS;29/9/2025;10:05:00 ðì;Amex;Mashhad;1387769.0
fail;FAIL;14/9/2025;2:02:00 ìì;Discover;Qom;1578078.0
success;SUCCESS;19/9/2025;9:00:00 ðì;Master Card;Tehran;177050.0
success;SUCCESS;16/9/2025;7:19:00 ìì;Amex;Tehran;450000.0
fail;FAIL;22/9/2025;2:54:00 ðì;Discover;Ahvaz;850000.0
success;SUCCESS;27/9/2025;5:56:00 ðì;Discover;Tehran;914282.0
success;SUCCESS;9/9/2025;4:40:00 ðì;Visa;Tehran;1502601.0
Success;SUCCESS;13/9/2025;3:27:00 ðì;Master Card;Tehran;100.5
FAIL;FAIL;1/9/2025;6:00:00 ìì;Visa;Mashhad;200000.0
success;SUCCESS;29/9/2025;5:07:00 ìì;Discover;Tabriz;419089.0
success;SUCCESS;8/9/2025;4:15:00 ðì;VISA;Ahvaz;123456.0
Success;SUCCESS;24/9/2025;4:04:00 ðì;Visa;karaj;1472823.0
success;SUCCESS;22/9/2025;10:27:00 ìì;Visa;Shiraz;177050.0
fail;FAIL;4/9/2025;10:05:00 ðì;Master Card;Tabriz;914282.0
Success;SUCCESS;3/9/2025;8:08:00 ðì;Visa;Mashhad;1578078.0
fail;FAIL;27/9/2025;6:00:00 ìì;Visa;Karaj;1768588.0
success;SUCCESS;22/9/2025;8:08:00 ðì;Amex;Tabriz;12345.0
fail;FAIL;13/9/2025;7:07:00 ðì;Master Card;karaj;443463.0
success;SUCCESS;7/9/2025;6:06:00 ðì;Master Card;Shiraz;12345.0
success;SUCCESS;1/9/2025;6:00:00 ìì;Discover;Ahvaz;585954.0
success;SUCCESS;16/9/2025;10:48:00 ðì;Master Card;Tehran;585954.0
success;SUCCESS;7/9/2025;7:29:00 ìì;VISA;Tehran;1000.0
fail;FAIL;9/9/2025;1:13:00 ìì;Amex;karaj;583952.0
success;SUCCESS;1/9/2025;12:44:00 ìì;Amex;Karaj;1387769.0
success;SUCCESS;18/9/2025;4:04:00 ðì;Amex;Tehran;1000.0
fail;FAIL;4/9/2025;9:10:00 ìì;Master Card;Karaj;900000.0
success;SUCCESS;5/9/2025;1:13:00 ìì;Visa;Tehran;850000.0
success;SUCCESS;27/9/2025;7:51:00 ìì;Master Card;Tabriz;1387769.0
success;SUCCESS;17/9/2025;10:48:00 ðì;Master Card;Mashhad;1578078.0
success;SUCCESS;3/9/2025;7:32:00 ðì;Master Card;Tehran;250000.0
success;SUCCESS;16/9/2025;8:08:00 ðì;Master Card;Shiraz;50200.0
Success;SUCCESS;5/9/2025;3:45:00 ìì;Discover;Isfahan;914465.0
success;SUCCESS;16/9/2025;5:23:00 ðì;VISA;Isfahan;1502601.0
success;SUCCESS;20/9/2025;11:59:00 ìì;Amex;Tehran;177050.0
fail;FAIL;3/9/2025;4:04:00 ðì;Visa;Qom;450000.0
fail;FAIL;16/9/2025;7:08:00 ðì;Amex;Tehran;63489.0
fail;FAIL;29/9/2025;7:51:00 ìì;Visa;Tabriz;914465.0
fail;FAIL;28/9/2025;8:33:00 ìì;Visa;Tehran;50200.0
fail;FAIL;24/9/2025;2:11:00 ìì;Visa;Tehran ;585954.0
success;SUCCESS;20/9/2025;8:59:00 ðì;Master Card;Ahvaz;1472823.0
fail;FAIL;23/9/2025;12:44:00 ìì;Visa;Tabriz;471227.0
fail;FAIL;18/9/2025;2:20:00 ðì;Discover;Tehran ;250000.0
fail;FAIL;18/9/2025;11:59:00 ìì;Visa;Tehran;545116.0
success;SUCCESS;14/9/2025;3:27:00 ðì;visa;Shiraz;205000.0
success;SUCCESS;18/9/2025;3:45:00 ìì;Discover;karaj;850000.0
success;SUCCESS;15/9/2025;6:30:00 ðì;Visa;Isfahan;1305967.0
success;SUCCESS;6/9/2025;8:59:00 ðì;Visa;Shiraz;585954.0
success;SUCCESS;27/9/2025;6:45:00 ìì;Master Card;Isfahan;1782689.0
fail;FAIL;15/9/2025;7:07:00 ðì;Master Card;Tehran;250000.0
fail;FAIL;18/9/2025;5:07:00 ìì;Master Card;Karaj;12345.0
success;SUCCESS;4/9/2025;11:17:00 ìì;Master Card;Shiraz;412308.0
success;SUCCESS;23/9/2025;10:27:00 ìì;Discover;Isfahan;5000.0
Success;SUCCESS;8/9/2025;10:48:00 ðì;Master Card;Tabriz;1158713.0
success;SUCCESS;15/9/2025;10:48:00 ðì;Visa;karaj;471227.0
success;SUCCESS;13/9/2025;12:12:00 ìì;Amex;Ahvaz;12345.0
fail;FAIL;9/9/2025;3:45:00 ìì;Master Card;Ahvaz;1578078.0
success;SUCCESS;2/9/2025;11:11:00 ðì;Visa;Tabriz;1050805.0
fail;FAIL;24/9/2025;1:13:00 ìì;Discover;Tehran;419089.0
success;SUCCESS;8/9/2025;11:59:00 ìì;Discover;Ahvaz;585954.0
Success;SUCCESS;30/9/2025;8:33:00 ìì;Discover;Tehran;1578078.0
success;SUCCESS;20/9/2025;10:27:00 ìì;Discover;Tehran;343679.0
fail;FAIL;1/9/2025;1:10:00 ìì;Visa;Mashhad;976246.0
fail;FAIL;30/9/2025;9:23:00 ìì;Discover;Ahvaz;1463119.0
success;SUCCESS;15/9/2025;10:05:00 ðì;Discover;Tehran;419089.0
fail;FAIL;12/9/2025;5:07:00 ìì;Visa;Ahvaz;471227.0
success;SUCCESS;14/9/2025;7:29:00 ìì;Discover;Shiraz;1883871.0
fail;FAIL;25/9/2025;2:30:00 ðì;Visa;Tehran;12345.0
success;SUCCESS;29/9/2025;1:01:00 ðì;Master Card;Tabriz;914282.0
success;SUCCESS;2/9/2025;2:30:00 ðì;Amex;Mashhad;585954.0
success;SUCCESS;18/9/2025;2:24:00 ðì;Visa;Tehran;200000.0
fail;FAIL;22/9/2025;7:40:00 ìì;Visa;Tehran;200000.0
success;SUCCESS;7/9/2025;12:12:00 ìì;Master Card;Tehran;1578078.0
success;SUCCESS;29/9/2025;11:11:00 ðì;Discover;Tehran;100.5
fail;FAIL;23/9/2025;8:20:00 ìì;Discover;Tehran;450000.0
success;SUCCESS;29/9/2025;2:30:00 ðì;Master Card;Isfahan;976246.0
success;SUCCESS;8/9/2025;2:37:00 ðì;Visa;Ahvaz;900000.0
fail;FAIL;27/9/2025;2:11:00 ìì;Master Card;Shiraz;1883871.0
success;SUCCESS;2/9/2025;3:27:00 ðì;Discover;Isfahan;419089.0
fail;FAIL;17/9/2025;8:08:00 ðì;Visa;Shiraz;1305967.0
fail;FAIL;5/9/2025;8:33:00 ìì;Master Card;Tehran;1000.0
fail;FAIL;14/9/2025;11:17:00 ìì;Master Card;Karaj;1472823.0
fail;FAIL;24/9/2025;11:59:00 ìì;Master Card;Tehran;914465.0
success;SUCCESS;30/9/2025;3:00:00 ðì;Visa;Mashhad;343679.0
success;SUCCESS;21/9/2025;7:19:00 ìì;Master Card;Ahvaz;850000.0
success;SUCCESS;29/9/2025;2:11:00 ìì;Master Card;Mashhad;1050805.0
fail;FAIL;21/9/2025;9:10:00 ìì;Master Card;Isfahan;5000.0
fail;FAIL;16/9/2025;5:23:00 ðì;Visa;Tehran;1387769.0
success;SUCCESS;26/9/2025;3:27:00 ðì;Master Card;Ahvaz;1387769.0
success;SUCCESS;11/9/2025;7:32:00 ðì;Master Card;Tehran;419089.0
fail;FAIL;17/9/2025;2:37:00 ðì;Discover;Mashhad;205000.0
fail;FAIL;16/9/2025;12:00:00 ðì;VISA;Isfahan;900000.0
fail;FAIL;26/9/2025;8:33:00 ìì;Visa;Ahvaz;1578078.0
fail;FAIL;23/9/2025;8:08:00 ðì;Discover;Isfahan;1305967.0
fail;FAIL;4/9/2025;7:29:00 ìì;Visa;Tehran;177050.0
success;SUCCESS;21/9/2025;9:21:00 ìì;visa;Isfahan;419089.0
fail;FAIL;30/9/2025;3:27:00 ðì;Visa;Isfahan;1387769.0
fail;FAIL;7/9/2025;4:04:00 ðì;Discover;Tabriz;250000.0
success;SUCCESS;25/9/2025;2:11:00 ìì;Discover;Tehran;1578078.0
success;SUCCESS;5/9/2025;2:55:00 ìì;Amex;Tehran;914465.0
fail;FAIL;5/9/2025;1:13:00 ìì;Amex;Tehran;452545.0
fail;FAIL;19/9/2025;11:59:00 ìì;Master Card;Karaj;1578078.0
fail;FAIL;5/9/2025;7:40:00 ìì;Amex;Tehran;177050.0
fail;FAIL;8/9/2025;9:23:00 ìì;Master Card;Shiraz;100.5
fail;FAIL;9/9/2025;7:19:00 ìì;Visa;Karaj;177050.0
fail;FAIL;10/9/2025;11:11:00 ðì;Visa;Qom;205000.0
success;SUCCESS;2/9/2025;8:20:00 ìì;Master Card;Tabriz;1578078.0
fail;FAIL;9/9/2025;1:13:00 ìì;Master Card;Tabriz;555555.0
fail;FAIL;4/9/2025;2:37:00 ðì;Visa;Tehran;1578078.0
success;SUCCESS;22/9/2025;1:10:00 ìì;Discover;Tehran;5000.0
success;SUCCESS;22/9/2025;2:11:00 ìì;Master Card;Ahvaz;250000.0
fail;FAIL;22/9/2025;3:27:00 ðì;Visa;Isfahan;1463119.0
fail;FAIL;2/9/2025;4:40:00 ðì;Discover;Tehran;50200.0
success;SUCCESS;23/9/2025;3:45:00 ìì;Amex;Tehran;976246.0
success;SUCCESS;29/9/2025;11:11:00 ðì;Visa;Isfahan;1782689.0
fail;FAIL;6/9/2025;9:00:00 ðì;Visa;Karaj;100.5
fail;FAIL;14/9/2025;5:56:00 ðì;Visa;Karaj;200000.0
success;SUCCESS;18/9/2025;11:59:00 ìì;Master Card;Qom;1768588.0
fail;FAIL;1/9/2025;9:10:00 ìì;Discover;Karaj;555555.0
fail;FAIL;1/9/2025;9:00:00 ðì;Discover;Tehran;250000.0
Success;SUCCESS;4/9/2025;4:40:00 ìì;Amex;Qom;545116.0
fail;FAIL;4/9/2025;2:30:00 ðì;Amex;Tehran;99999.0
fail;FAIL;18/9/2025;3:00:00 ðì;Master Card;Tabriz;419089.0
success;SUCCESS;11/9/2025;7:07:00 ðì;Master Card;Tabriz;300000.0
fail;FAIL;27/9/2025;2:11:00 ìì;Master Card;Tabriz;200000.0
Success;SUCCESS;1/9/2025;5:07:00 ìì;VISA;Mashhad;914465.0
fail;FAIL;28/9/2025;2:00:00 ìì;Master Card;Tehran;1502601.0
fail;FAIL;9/9/2025;8:20:00 ìì;Master Card;Tabriz;1768588.0
fail;FAIL;23/9/2025;2:00:00 ìì;Visa;Tehran;300000.0
fail;FAIL;28/9/2025;4:40:00 ðì;Visa;Tehran ;471227.0
success;SUCCESS;30/9/2025;2:11:00 ìì;Amex;Isfahan;100.5
fail;FAIL;16/9/2025;2:37:00 ðì;Master Card;Tehran;333333.0
success;SUCCESS;23/9/2025;2:55:00 ìì;Amex;Tehran;900000.0
success;SUCCESS;18/9/2025;9:09:00 ðì;Visa;karaj;976246.0
fail;FAIL;10/9/2025;11:11:00 ðì;Amex;Tehran;333333.0
fail;FAIL;24/9/2025;1:01:00 ðì;Master Card;Tehran ;1050805.0
success;SUCCESS;17/9/2025;2:54:00 ðì;Discover;Isfahan;545116.0
Success;SUCCESS;13/9/2025;8:20:00 ìì;Amex;Karaj;585954.0
FAIL;FAIL;18/9/2025;8:20:00 ìì;Amex;Isfahan;1463119.0
Success;SUCCESS;22/9/2025;4:40:00 ðì;Visa;Tehran;1782689.0
fail;FAIL;13/9/2025;11:11:00 ðì;Master Card;Tehran;1387769.0
fail;FAIL;5/9/2025;8:33:00 ìì;Master Card;Tehran;100.5
fail;FAIL;11/9/2025;11:11:00 ðì;Master Card;Qom;976246.0
success;SUCCESS;7/9/2025;10:05:00 ðì;Master Card;Tehran;914282.0
fail;FAIL;10/9/2025;10:27:00 ìì;Discover;Karaj;914465.0
fail;FAIL;17/9/2025;10:48:00 ðì;Visa;Tehran;343679.0
fail;FAIL;15/9/2025;8:08:00 ðì;Master Card;Isfahan;1578078.0
fail;FAIL;18/9/2025;2:37:00 ðì;Visa;Tehran;555555.0
success;SUCCESS;22/9/2025;9:10:00 ìì;Visa;Tehran;914282.0
fail;FAIL;19/9/2025;9:00:00 ðì;Visa;Shiraz;177050.0
fail;FAIL;30/9/2025;12:44:00 ìì;Master Card;Karaj;452545.0
success;SUCCESS;26/9/2025;9:21:00 ìì;Visa;Isfahan;583952.0
fail;FAIL;2/9/2025;7:08:00 ðì;Visa;Qom;100.5
success;SUCCESS;3/9/2025;7:08:00 ðì;Master Card;Tehran;1463119.0
fail;FAIL;7/9/2025;6:45:00 ìì;Visa;Shiraz;177050.0
success;SUCCESS;24/9/2025;12:12:00 ìì;Master Card;Tehran;100000.0
fail;FAIL;18/9/2025;2:02:00 ìì;Amex;karaj;471227.0
FAIL;FAIL;7/9/2025;2:37:00 ðì;Master Card;Mashhad;1463119.0
fail;FAIL;8/9/2025;6:30:00 ðì;Master Card;Tehran;177050.0
Success;SUCCESS;22/9/2025;2:02:00 ìì;Master Card;Isfahan;250000.0
Success;SUCCESS;26/9/2025;6:00:00 ìì;Amex;Karaj;100000.0
fail;FAIL;1/9/2025;6:45:00 ìì;Amex;Isfahan;1782689.0
fail;FAIL;4/9/2025;12:00:00 ðì;Discover;Tehran;914465.0
success;SUCCESS;14/9/2025;7:32:00 ðì;Visa;Tehran;976246.0
fail;FAIL;17/9/2025;12:34:00 ìì;Visa;Tehran;343679.0
success;SUCCESS;20/9/2025;1:13:00 ìì;Visa;Mashhad;471227.0
fail;FAIL;18/9/2025;7:08:00 ðì;Discover;Tehran;205000.0
success;SUCCESS;21/9/2025;12:34:00 ìì;Visa;Tehran;976246.0
Success;SUCCESS;26/9/2025;9:23:00 ìì;Amex;Tehran;585954.0
success;SUCCESS;9/9/2025;2:00:00 ìì;Amex;Karaj;1578078.0
fail;FAIL;27/9/2025;1:51:00 ðì;Visa;Tabriz;205000.0
fail;FAIL;15/9/2025;1:13:00 ìì;VISA;Tehran;1387769.0
fail;FAIL;12/9/2025;9:09:00 ðì;Master Card;Tehran;1050805.0
success;SUCCESS;10/9/2025;2:30:00 ðì;Amex;Tehran;100.5
fail;FAIL;19/9/2025;2:55:00 ìì;Discover;Tehran;1305967.0
success;SUCCESS;24/9/2025;2:11:00 ìì;Master Card;Tabriz;205000.0
success;SUCCESS;6/9/2025;2:24:00 ðì;Master Card;Tehran;1463119.0
fail;FAIL;20/9/2025;7:19:00 ìì;Visa;Tehran;1305967.0
success;SUCCESS;24/9/2025;7:08:00 ðì;Amex;Isfahan;12345.0
success;SUCCESS;27/9/2025;1:01:00 ðì;Master Card;Tehran;99999.0
fail;FAIL;6/9/2025;11:17:00 ìì;Discover;Tehran ;177050.0
fail;FAIL;8/9/2025;10:27:00 ìì;Visa;karaj;850000.0
success;SUCCESS;1/9/2025;4:40:00 ìì;Master Card;Karaj;200000.0
fail;FAIL;22/9/2025;2:30:00 ìì;Discover;Karaj;419089.0
fail;FAIL;17/9/2025;5:56:00 ðì;Discover;Mashhad;205000.0
fail;FAIL;17/9/2025;4:40:00 ìì;Visa;Mashhad;343679.0
fail;FAIL;24/9/2025;2:00:00 ìì;Visa;Shiraz;443463.0
success;SUCCESS;7/9/2025;2:00:00 ìì;Visa;Tehran;12345.0
Success;SUCCESS;22/9/2025;7:32:00 ðì;Master Card;Tehran ;99999.0
success;SUCCESS;25/9/2025;6:00:00 ìì;Visa;Isfahan;976246.0
success;SUCCESS;3/9/2025;12:44:00 ìì;Master Card;Tabriz;100.5
fail;FAIL;30/9/2025;2:02:00 ìì;Master Card;Tehran;1158713.0
success;SUCCESS;30/9/2025;2:54:00 ðì;VISA;Tabriz;177050.0
fail;FAIL;20/9/2025;11:11:00 ðì;Master Card;Tehran;585954.0
fail;FAIL;30/9/2025;2:54:00 ðì;Discover;Tehran;100000.0
fail;FAIL;29/9/2025;1:10:00 ìì;Master Card;Tehran;1768588.0
fail;FAIL;19/9/2025;11:11:00 ðì;Visa;Ahvaz;585954.0
success;SUCCESS;9/9/2025;1:13:00 ìì;Discover;Shiraz;1.0
success;SUCCESS;10/9/2025;2:20:00 ðì;Master Card;Tehran;900000.0
fail;FAIL;2/9/2025;2:11:00 ìì;Amex;Tabriz;343679.0
fail;FAIL;30/9/2025;6:00:00 ìì;Amex;Tehran;555555.0
success;SUCCESS;16/9/2025;9:09:00 ðì;Discover;karaj;300000.0
success;SUCCESS;23/9/2025;6:12:00 ìì;Discover;Karaj;650000.0
fail;FAIL;26/9/2025;11:59:00 ìì;Visa;Shiraz;1578078.0
success;SUCCESS;17/9/2025;2:02:00 ìì;Amex;Isfahan;412308.0
Success;SUCCESS;23/9/2025;2:54:00 ðì;Discover;Ahvaz;120000.0
fail;FAIL;25/9/2025;5:23:00 ðì;Visa;Tehran;471227.0
fail;FAIL;15/9/2025;2:30:00 ìì;Master Card;Isfahan;555555.0
fail;FAIL;14/9/2025;2:54:00 ðì;Master Card;Isfahan;545116.0
success;SUCCESS;3/9/2025;10:27:00 ìì;Amex;Tehran;583952.0
fail;FAIL;24/9/2025;5:56:00 ðì;Discover;Qom;1158713.0
success;SUCCESS;23/9/2025;2:11:00 ìì;Visa;Tehran;850000.0
success;SUCCESS;19/9/2025;10:48:00 ðì;Visa;karaj;200000.0
fail;FAIL;25/9/2025;3:00:00 ðì;Amex;Tehran;1387769.0
success;SUCCESS;12/9/2025;2:24:00 ðì;Visa;Tehran;63489.0
success;SUCCESS;3/9/2025;7:19:00 ìì;Master Card;Qom;850000.0
fail;FAIL;18/9/2025;6:30:00 ðì;Visa;Tehran;585954.0
fail;FAIL;29/9/2025;1:51:00 ðì;Discover;Tehran;63489.0
success;SUCCESS;20/9/2025;6:45:00 ìì;Master Card;Tabriz;100.5
success;SUCCESS;29/9/2025;12:44:00 ìì;VISA;karaj;976246.0
success;SUCCESS;6/9/2025;2:02:00 ìì;visa;Tehran;1782689.0
success;SUCCESS;5/9/2025;4:40:00 ìì;Master Card;Isfahan;1387769.0
FAIL;FAIL;21/9/2025;8:08:00 ðì;Discover;Shiraz;471227.0
fail;FAIL;21/9/2025;7:40:00 ìì;Master Card;Isfahan;585954.0
success;SUCCESS;16/9/2025;1:10:00 ìì;Master Card;Qom;1387769.0
success;SUCCESS;29/9/2025;2:00:00 ìì;Visa;Tehran;200000.0
success;SUCCESS;8/9/2025;9:10:00 ìì;Master Card;Tehran;1427657.0
success;SUCCESS;16/9/2025;11:59:00 ìì;Visa;Tehran;650000.0
fail;FAIL;28/9/2025;2:55:00 ìì;Amex;Mashhad;1883871.0
fail;FAIL;1/9/2025;1:01:00 ðì;Discover;Shiraz;450000.0
fail;FAIL;10/9/2025;7:19:00 ìì;Discover;Tabriz;1463119.0
success;SUCCESS;11/9/2025;1:51:00 ðì;Visa;Tehran;976246.0
fail;FAIL;17/9/2025;10:48:00 ðì;Master Card;Tehran;120000.0
fail;FAIL;25/9/2025;1:10:00 ìì;Amex;Tehran;5000.0
fail;FAIL;27/9/2025;11:17:00 ìì;Master Card;Tehran;1768588.0
success;SUCCESS;7/9/2025;11:17:00 ìì;Amex;Tehran;250000.0
fail;FAIL;12/9/2025;5:17:00 ìì;Master Card;Tehran;1305967.0
success;SUCCESS;21/9/2025;7:51:00 ìì;Visa;Isfahan;100.5
success;SUCCESS;7/9/2025;7:07:00 ðì;Visa;Shiraz;1502601.0
success;SUCCESS;15/9/2025;6:06:00 ðì;Master Card;Tabriz;850000.0
success;SUCCESS;2/9/2025;9:23:00 ìì;Master Card;Shiraz;850000.0
fail;FAIL;13/9/2025;11:59:00 ìì;Visa;Tabriz;100000.0
fail;FAIL;7/9/2025;11:17:00 ìì;Master Card;Isfahan;1768588.0
success;SUCCESS;2/9/2025;1:13:00 ìì;Master Card;Tehran;100.5
fail;FAIL;10/9/2025;7:29:00 ìì;Master Card;Tehran;300000.0
success;SUCCESS;29/9/2025;6:12:00 ìì;Discover;Isfahan;1387769.0
success;SUCCESS;17/9/2025;10:05:00 ðì;Discover;Tehran;250000.0
fail;FAIL;5/9/2025;9:10:00 ìì;Master Card;Tehran;100.5
fail;FAIL;6/9/2025;7:07:00 ðì;Amex;Mashhad;914465.0
fail;FAIL;22/9/2025;1:13:00 ìì;Discover;Tehran;100.5
fail;FAIL;9/9/2025;2:37:00 ðì;Master Card;Tehran;99999.0
success;SUCCESS;1/9/2025;9:45:00 ðì;Visa;Tehran;1472823.0
fail;FAIL;22/9/2025;8:59:00 ðì;Amex;Qom;1000.0
fail;FAIL;15/9/2025;2:30:00 ðì;Visa;Tabriz;412308.0
success;SUCCESS;26/9/2025;5:17:00 ìì;Visa;Tabriz;1768588.0
fail;FAIL;6/9/2025;5:56:00 ðì;Discover;Tabriz;914465.0
success;SUCCESS;13/9/2025;9:09:00 ðì;visa;Tehran;99999.0
fail;FAIL;1/9/2025;9:10:00 ìì;Master Card;Tehran ;914282.0
success;SUCCESS;23/9/2025;8:33:00 ìì;Amex;Tehran;1768588.0
success;SUCCESS;23/9/2025;7:07:00 ðì;Visa;Shiraz;205000.0
fail;FAIL;26/9/2025;7:32:00 ðì;Master Card;Tehran;583952.0
fail;FAIL;7/9/2025;8:33:00 ìì;Amex;Tehran;1768588.0
fail;FAIL;15/9/2025;2:54:00 ðì;Amex;Tabriz;200000.0
fail;FAIL;27/9/2025;7:19:00 ìì;Master Card;Tabriz;1387769.0
fail;FAIL;1/9/2025;2:11:00 ìì;Master Card;Tehran;1782689.0
success;SUCCESS;27/9/2025;9:21:00 ìì;visa;Tabriz;1463119.0
success;SUCCESS;25/9/2025;12:34:00 ìì;Visa;Tehran;333333.0
fail;FAIL;5/9/2025;2:30:00 ðì;Master Card;Tehran;583952.0
fail;FAIL;29/9/2025;9:09:00 ðì;VISA;Tabriz;471227.0
fail;FAIL;23/9/2025;9:10:00 ìì;Visa;Tehran;1463119.0
fail;FAIL;26/9/2025;12:12:00 ìì;Amex;Tehran;5000.0
success;SUCCESS;1/9/2025;7:07:00 ðì;Discover;Tehran;333333.0
fail;FAIL;16/9/2025;6:30:00 ðì;Discover;karaj;914282.0
success;SUCCESS;23/9/2025;6:30:00 ðì;Master Card;Tehran;900000.0
Success;SUCCESS;6/9/2025;2:20:00 ðì;Visa;Tehran;555555.0
fail;FAIL;16/9/2025;12:12:00 ìì;Master Card;Qom;412308.0
fail;FAIL;14/9/2025;10:27:00 ìì;Discover;Shiraz;1502601.0
fail;FAIL;26/9/2025;2:54:00 ðì;Discover;Qom;1578078.0
fail;FAIL;3/9/2025;5:17:00 ìì;Discover;Tehran;100000.0
success;SUCCESS;15/9/2025;7:51:00 ìì;Master Card;karaj;177050.0
fail;FAIL;3/9/2025;4:04:00 ðì;Discover;Tabriz;850000.0
success;SUCCESS;23/9/2025;2:30:00 ðì;Visa;Tehran;419089.0
fail;FAIL;29/9/2025;7:08:00 ðì;Discover;Isfahan;1387769.0
fail;FAIL;2/9/2025;2:37:00 ðì;Amex;Tabriz;1.0
fail;FAIL;1/9/2025;5:23:00 ðì;Visa;Tehran;1387769.0
fail;FAIL;9/9/2025;11:59:00 ìì;VISA;Qom;300000.0
Success;SUCCESS;9/9/2025;2:30:00 ìì;Master Card;Karaj;123456.0
fail;FAIL;23/9/2025;8:59:00 ðì;Master Card;Isfahan;100000.0
success;SUCCESS;7/9/2025;4:40:00 ðì;Discover;Tehran;1472823.0
fail;FAIL;18/9/2025;1:13:00 ìì;Master Card;Tabriz;1.0
success;SUCCESS;7/9/2025;5:23:00 ðì;Discover;Tehran;1768588.0
fail;FAIL;9/9/2025;7:07:00 ðì;Discover;Shiraz;177050.0
fail;FAIL;1/9/2025;4:04:00 ðì;Discover;Tehran;1782689.0
success;SUCCESS;29/9/2025;12:12:00 ìì;Visa;Isfahan;100.5
success;SUCCESS;7/9/2025;8:08:00 ðì;Amex;Mashhad;1768588.0
success;SUCCESS;10/9/2025;4:04:00 ðì;Visa;Shiraz;555555.0
fail;FAIL;7/9/2025;2:11:00 ìì;Visa;Tabriz;12345.0
fail;FAIL;26/9/2025;10:27:00 ìì;Visa;Tehran;120000.0
success;SUCCESS;2/9/2025;3:27:00 ðì;Discover;Tehran;63489.0
Success;SUCCESS;30/9/2025;2:30:00 ðì;Discover;Ahvaz;100.5
fail;FAIL;21/9/2025;12:12:00 ìì;Visa;Tehran;1472823.0
fail;FAIL;30/9/2025;1:51:00 ðì;Visa;Mashhad;1427657.0
Success;SUCCESS;28/9/2025;5:56:00 ðì;Amex;Ahvaz;412308.0
fail;FAIL;1/9/2025;9:45:00 ðì;Discover;Shiraz;900000.0
success;SUCCESS;15/9/2025;2:11:00 ìì;Discover;Isfahan;419089.0
success;SUCCESS;10/9/2025;12:00:00 ðì;Master Card;Karaj;1768588.0
success;SUCCESS;19/9/2025;7:32:00 ðì;Visa;Tehran;976246.0
fail;FAIL;12/9/2025;6:45:00 ìì;Visa;Tabriz;5000.0
fail;FAIL;24/9/2025;2:37:00 ðì;visa;Tehran;5000.0
fail;FAIL;16/9/2025;7:32:00 ðì;Discover;Tabriz;120000.0
success;SUCCESS;9/9/2025;2:24:00 ðì;Discover;Tehran;1050805.0
success;SUCCESS;30/9/2025;2:00:00 ìì;Master Card;Mashhad;1000.0
success;SUCCESS;27/9/2025;3:27:00 ðì;Amex;Tabriz;200000.0
fail;FAIL;14/9/2025;6:45:00 ìì;Master Card;Tabriz;545116.0
success;SUCCESS;27/9/2025;8:59:00 ðì;Visa;Tabriz;471227.0
fail;FAIL;18/9/2025;11:11:00 ðì;Master Card;Ahvaz;1883871.0
success;SUCCESS;26/9/2025;9:45:00 ðì;Discover;Tehran;1.0
success;SUCCESS;2/9/2025;10:27:00 ìì;Visa;Shiraz;1502601.0
success;SUCCESS;4/9/2025;11:59:00 ìì;Master Card;Tehran;471227.0
fail;FAIL;7/9/2025;7:07:00 ðì;Visa;Shiraz;200000.0
fail;FAIL;13/9/2025;10:48:00 ðì;Discover;Karaj;343679.0
success;SUCCESS;15/9/2025;8:20:00 ìì;Amex;Tehran;333333.0
fail;FAIL;25/9/2025;4:16:00 ìì;Amex;Ahvaz;1427657.0
fail;FAIL;23/9/2025;1:13:00 ìì;Master Card;Tehran;850000.0
fail;FAIL;28/9/2025;3:27:00 ðì;Visa;Tehran;250000.0
success;SUCCESS;22/9/2025;9:23:00 ìì;VISA;Tabriz;99999.0
success;SUCCESS;26/9/2025;2:37:00 ðì;Amex;Tabriz;1883871.0
fail;FAIL;11/9/2025;7:08:00 ðì;Master Card;Tehran;900000.0
success;SUCCESS;10/9/2025;11:11:00 ðì;Visa;Tehran;452545.0
fail;FAIL;5/9/2025;8:59:00 ðì;Master Card;Ahvaz;1158713.0
success;SUCCESS;16/9/2025;2:37:00 ðì;Discover;Isfahan;850000.0
success;SUCCESS;11/9/2025;4:15:00 ðì;Master Card;Qom;177050.0
fail;FAIL;21/9/2025;2:54:00 ðì;Visa;Tehran;1472823.0
FAIL;FAIL;6/9/2025;5:56:00 ðì;Visa;Tabriz;177050.0
fail;FAIL;9/9/2025;11:59:00 ìì;Visa;Isfahan;1.0
fail;FAIL;8/9/2025;1:10:00 ìì;Visa;Tehran;850000.0
fail;FAIL;14/9/2025;10:05:00 ðì;Master Card;Tehran;850000.0
fail;FAIL;24/9/2025;4:40:00 ìì;Discover;Karaj;1387769.0
success;SUCCESS;24/9/2025;11:59:00 ìì;Master Card;Tabriz;99999.0
fail;FAIL;5/9/2025;3:27:00 ðì;Master Card;Tehran;1158713.0
Success;SUCCESS;2/9/2025;9:00:00 ðì;Master Card;Tehran;1768588.0
success;SUCCESS;28/9/2025;7:08:00 ðì;Master Card;Tehran;1502601.0
success;SUCCESS;9/9/2025;11:17:00 ìì;visa;Qom;1472823.0
success;SUCCESS;4/9/2025;3:27:00 ðì;Master Card;Tehran;177050.0
fail;FAIL;17/9/2025;5:23:00 ðì;Master Card;Tehran;100.5
fail;FAIL;21/9/2025;2:30:00 ðì;Visa;Shiraz;650000.0
success;SUCCESS;16/9/2025;12:34:00 ìì;Master Card;Isfahan;63489.0
fail;FAIL;8/9/2025;2:30:00 ðì;Master Card;Tehran;200000.0
fail;FAIL;26/9/2025;10:48:00 ðì;Amex;Karaj;1768588.0
success;SUCCESS;18/9/2025;6:00:00 ìì;Visa;Tabriz;177050.0
success;SUCCESS;23/9/2025;2:11:00 ìì;Visa;Shiraz;583952.0
fail;FAIL;29/9/2025;12:00:00 ðì;Discover;Qom;177050.0
success;SUCCESS;24/9/2025;2:54:00 ðì;Master Card;Qom;850000.0
success;SUCCESS;10/9/2025;5:17:00 ìì;Master Card;Tabriz;471227.0
fail;FAIL;13/9/2025;12:44:00 ìì;Master Card;Tehran ;555555.0
success;SUCCESS;17/9/2025;5:56:00 ðì;Master Card;Tehran;976246.0
success;SUCCESS;18/9/2025;4:16:00 ìì;Visa;Tehran;1387769.0
fail;FAIL;20/9/2025;2:11:00 ìì;Amex;Tehran;450000.0
fail;FAIL;5/9/2025;7:08:00 ðì;Discover;Tehran;419089.0
success;SUCCESS;9/9/2025;1:10:00 ìì;Master Card;Mashhad;1463119.0
fail;FAIL;14/9/2025;11:11:00 ðì;Discover;Isfahan;1578078.0
fail;FAIL;17/9/2025;9:00:00 ðì;Visa;Tabriz;452545.0
success;SUCCESS;29/9/2025;5:56:00 ðì;Master Card;Tabriz;250000.0
fail;FAIL;4/9/2025;11:11:00 ðì;visa;Qom;343679.0
success;SUCCESS;18/9/2025;7:40:00 ìì;Visa;Tehran;914282.0
success;SUCCESS;27/9/2025;9:23:00 ìì;Discover;Tehran;976246.0
fail;FAIL;20/9/2025;7:51:00 ìì;Visa;Tehran;177050.0
fail;FAIL;24/9/2025;9:23:00 ìì;Amex;Shiraz;419089.0
fail;FAIL;15/9/2025;3:27:00 ðì;Master Card;Tehran;1502601.0
Success;SUCCESS;11/9/2025;2:37:00 ðì;Master Card;Karaj;471227.0
fail;FAIL;12/9/2025;2:30:00 ðì;Visa;Ahvaz;976246.0
success;SUCCESS;9/9/2025;3:00:00 ðì;Visa;Isfahan;914282.0
fail;FAIL;15/9/2025;6:30:00 ðì;Discover;Isfahan;1782689.0
fail;FAIL;27/9/2025;10:27:00 ìì;Master Card;Tehran;300000.0
fail;FAIL;28/9/2025;11:11:00 ðì;Master Card;Tehran;200000.0
fail;FAIL;5/9/2025;7:08:00 ðì;Visa;Ahvaz;585954.0
fail;FAIL;23/9/2025;11:59:00 ìì;Amex;Tehran;471227.0
success;SUCCESS;19/9/2025;10:48:00 ðì;Master Card;Tabriz;343679.0
fail;FAIL;26/9/2025;7:29:00 ìì;Visa;Tehran;583952.0
fail;FAIL;20/9/2025;3:27:00 ðì;Discover;Tehran;100.5
success;SUCCESS;26/9/2025;8:59:00 ðì;Master Card;Shiraz;100.5
success;SUCCESS;14/9/2025;9:00:00 ðì;Visa;Shiraz;100.5
success;SUCCESS;28/9/2025;2:11:00 ìì;Discover;Tehran;12345.0
fail;FAIL;17/9/2025;8:08:00 ðì;Visa;Tehran;177050.0
success;SUCCESS;18/9/2025;7:29:00 ìì;Visa;Karaj;914465.0
success;SUCCESS;21/9/2025;12:44:00 ìì;Master Card;Tabriz;343679.0
fail;FAIL;3/9/2025;2:30:00 ðì;Discover;Tabriz;100.5
fail;FAIL;1/9/2025;11:11:00 ðì;Visa;Karaj;976246.0
fail;FAIL;10/9/2025;3:00:00 ðì;Visa;Tehran;585954.0
Success;SUCCESS;19/9/2025;2:30:00 ðì;Discover;Isfahan;583952.0
success;SUCCESS;17/9/2025;8:33:00 ìì;Visa;Tabriz;100.5
fail;FAIL;12/9/2025;2:11:00 ìì;VISA;Tabriz;914465.0
fail;FAIL;12/9/2025;7:51:00 ìì;Amex;Tehran ;471227.0
fail;FAIL;17/9/2025;8:33:00 ìì;Master Card;Ahvaz;177050.0
fail;FAIL;24/9/2025;12:44:00 ìì;visa;Ahvaz;1305967.0
success;SUCCESS;3/9/2025;2:30:00 ðì;Amex;Tabriz;1472823.0
fail;FAIL;11/9/2025;2:55:00 ìì;Visa;Tehran;123456.0
fail;FAIL;23/9/2025;9:45:00 ðì;Amex;Qom;419089.0
fail;FAIL;26/9/2025;1:51:00 ðì;Amex;Tabriz;914465.0
success;SUCCESS;3/9/2025;12:34:00 ìì;Master Card;Tehran;914282.0
success;SUCCESS;20/9/2025;2:55:00 ìì;Master Card;Tehran;850000.0
Success;SUCCESS;21/9/2025;12:12:00 ìì;Amex;Tehran;583952.0
fail;FAIL;22/9/2025;6:06:00 ðì;Visa;Ahvaz;177050.0
success;SUCCESS;14/9/2025;3:27:00 ðì;Amex;Tabriz;976246.0
fail;FAIL;14/9/2025;7:40:00 ìì;Amex;Tehran;471227.0
success;SUCCESS;4/9/2025;7:32:00 ðì;Master Card;karaj;100.5
fail;FAIL;24/9/2025;4:40:00 ìì;Visa;karaj;976246.0
Success;SUCCESS;22/9/2025;10:48:00 ðì;Master Card;Mashhad;1463119.0
fail;FAIL;1/9/2025;12:00:00 ðì;Discover;Shiraz;1883871.0
fail;FAIL;25/9/2025;7:40:00 ìì;Amex;Isfahan;50200.0
fail;FAIL;10/9/2025;3:00:00 ðì;Master Card;Tehran;914465.0
success;SUCCESS;16/9/2025;8:59:00 ðì;Visa;Tehran;650000.0
fail;FAIL;16/9/2025;1:13:00 ìì;Visa;Ahvaz;1463119.0
success;SUCCESS;26/9/2025;3:27:00 ðì;Amex;Tabriz;1472823.0
fail;FAIL;29/9/2025;6:12:00 ìì;Visa;Shiraz;976246.0
fail;FAIL;7/9/2025;4:40:00 ìì;Visa;Tehran;177050.0
success;SUCCESS;20/9/2025;6:00:00 ìì;VISA;Isfahan;545116.0
FAIL;FAIL;7/9/2025;7:08:00 ðì;Master Card;karaj;300000.0
fail;FAIL;14/9/2025;3:27:00 ðì;Visa;Tabriz;471227.0
success;SUCCESS;11/9/2025;8:08:00 ðì;Master Card;Tehran ;1472823.0
success;SUCCESS;26/9/2025;2:24:00 ðì;Master Card;Qom;1000.0
fail;FAIL;26/9/2025;2:11:00 ìì;Amex;Tehran;205000.0
success;SUCCESS;7/9/2025;3:27:00 ðì;Master Card;Tehran;177050.0
fail;FAIL;1/9/2025;10:48:00 ðì;Amex;karaj;1427657.0
success;SUCCESS;26/9/2025;4:16:00 ìì;Visa;Tehran;850000.0
success;SUCCESS;25/9/2025;9:23:00 ìì;Discover;Tabriz;412308.0
fail;FAIL;20/9/2025;12:00:00 ðì;Visa;Tabriz;1883871.0
fail;FAIL;4/9/2025;12:12:00 ìì;Master Card;Tehran;1463119.0
fail;FAIL;29/9/2025;8:33:00 ìì;Visa;Shiraz;1578078.0
fail;FAIL;26/9/2025;4:04:00 ðì;Visa;Tabriz;200000.0
fail;FAIL;11/9/2025;1:01:00 ðì;Master Card;Tehran;1578078.0
success;SUCCESS;2/9/2025;2:30:00 ðì;Master Card;Karaj;585954.0
success;SUCCESS;14/9/2025;9:10:00 ìì;Master Card;Tehran;900000.0
fail;FAIL;30/9/2025;4:40:00 ìì;Master Card;Ahvaz;200000.0
fail;FAIL;17/9/2025;12:00:00 ðì;Visa;Tabriz;177050.0
fail;FAIL;26/9/2025;2:30:00 ðì;Master Card;Tabriz;545116.0
fail;FAIL;12/9/2025;8:08:00 ðì;Visa;Shiraz;471227.0
fail;FAIL;1/9/2025;2:02:00 ìì;Master Card;karaj;1305967.0
fail;FAIL;13/9/2025;6:30:00 ðì;visa;Tehran;63489.0
fail;FAIL;14/9/2025;8:33:00 ìì;Amex;Shiraz;120000.0
fail;FAIL;24/9/2025;9:10:00 ìì;Visa;Isfahan;100000.0
fail;FAIL;2/9/2025;6:12:00 ìì;Master Card;Tehran;914282.0
success;SUCCESS;12/9/2025;11:17:00 ìì;Visa;Tehran;471227.0
success;SUCCESS;16/9/2025;1:01:00 ðì;Discover;Shiraz;471227.0
fail;FAIL;4/9/2025;9:10:00 ìì;visa;karaj;976246.0
success;SUCCESS;2/9/2025;8:59:00 ðì;Master Card;Isfahan;5000.0
fail;FAIL;10/9/2025;6:00:00 ìì;Master Card;Tehran;250000.0
fail;FAIL;9/9/2025;4:15:00 ðì;Master Card;Qom;300000.0
fail;FAIL;23/9/2025;10:05:00 ðì;Discover;Qom;1387769.0
fail;FAIL;13/9/2025;5:56:00 ðì;Master Card;Qom;177050.0
fail;FAIL;23/9/2025;1:13:00 ìì;Visa;Isfahan;471227.0
fail;FAIL;17/9/2025;8:59:00 ðì;Discover;Ahvaz;50200.0
success;SUCCESS;30/9/2025;6:45:00 ìì;Master Card;Qom;1883871.0
fail;FAIL;16/9/2025;11:11:00 ðì;Master Card;Tehran;419089.0
fail;FAIL;28/9/2025;2:37:00 ðì;Visa;Mashhad;1782689.0
fail;FAIL;2/9/2025;5:56:00 ðì;Master Card;Tehran;976246.0
Success;SUCCESS;20/9/2025;8:08:00 ðì;Amex;Mashhad;12345.0
fail;FAIL;20/9/2025;2:20:00 ðì;Visa;Qom;1472823.0
fail;FAIL;14/9/2025;3:27:00 ðì;Master Card;Isfahan;250000.0
fail;FAIL;3/9/2025;7:07:00 ðì;Discover;Tehran;1387769.0
fail;FAIL;23/9/2025;11:59:00 ìì;Master Card;Tabriz;976246.0
success;SUCCESS;12/9/2025;1:51:00 ðì;Master Card;Tehran;250000.0
success;SUCCESS;8/9/2025;6:12:00 ìì;Visa;karaj;585954.0
fail;FAIL;14/9/2025;2:02:00 ìì;Visa;Isfahan;343679.0
success;SUCCESS;16/9/2025;2:20:00 ðì;Amex;Mashhad;177050.0
fail;FAIL;2/9/2025;2:30:00 ìì;VISA;karaj;419089.0
fail;FAIL;12/9/2025;11:17:00 ìì;Visa;Isfahan;1305967.0
fail;FAIL;29/9/2025;7:08:00 ðì;Visa;Shiraz;1.0
fail;FAIL;14/9/2025;4:16:00 ìì;Master Card;karaj;774681.0
success;SUCCESS;6/9/2025;8:59:00 ðì;Visa;karaj;1463119.0
success;SUCCESS;13/9/2025;2:54:00 ðì;Discover;Tabriz;471227.0
success;SUCCESS;4/9/2025;6:00:00 ìì;Master Card;Isfahan;200000.0
fail;FAIL;22/9/2025;2:20:00 ðì;Discover;Qom;900000.0
success;SUCCESS;18/9/2025;7:07:00 ðì;Discover;Tehran;1768588.0
fail;FAIL;20/9/2025;5:56:00 ðì;Discover;Qom;300000.0
fail;FAIL;27/9/2025;2:11:00 ìì;Master Card;Tehran;774681.0
success;SUCCESS;22/9/2025;6:30:00 ðì;Master Card;Isfahan;123456.0
fail;FAIL;30/9/2025;4:15:00 ðì;Visa;karaj;452545.0
Success;SUCCESS;7/9/2025;7:51:00 ìì;Visa;Mashhad;1.0
success;SUCCESS;16/9/2025;2:30:00 ðì;Discover;Tehran;1305967.0
success;SUCCESS;19/9/2025;4:16:00 ìì;Visa;Mashhad;343679.0
fail;FAIL;6/9/2025;2:54:00 ðì;Discover;Tehran;583952.0
success;SUCCESS;20/9/2025;2:00:00 ìì;Discover;karaj;976246.0
success;SUCCESS;27/9/2025;1:10:00 ìì;Discover;Isfahan;100.5
success;SUCCESS;21/9/2025;11:59:00 ìì;Amex;Tehran;1305967.0
success;SUCCESS;11/9/2025;2:55:00 ìì;Master Card;Mashhad;583952.0
fail;FAIL;5/9/2025;12:00:00 ðì;Amex;Mashhad;1883871.0
fail;FAIL;7/9/2025;10:48:00 ðì;Master Card;Ahvaz;300000.0
success;SUCCESS;27/9/2025;11:11:00 ðì;Master Card;Tabriz;177050.0
fail;FAIL;5/9/2025;9:23:00 ìì;Master Card;Shiraz;333333.0
fail;FAIL;11/9/2025;11:59:00 ìì;Visa;Tehran;585954.0
success;SUCCESS;26/9/2025;7:08:00 ðì;Discover;Isfahan;1050805.0
fail;FAIL;5/9/2025;4:40:00 ìì;Visa;Shiraz;1782689.0
success;SUCCESS;23/9/2025;2:24:00 ðì;Discover;Tehran;900000.0
fail;FAIL;21/9/2025;2:02:00 ìì;VISA;Tehran;914465.0
fail;FAIL;15/9/2025;2:11:00 ìì;Visa;Tehran;471227.0
fail;FAIL;3/9/2025;4:40:00 ðì;Master Card;Tehran;1782689.0
fail;FAIL;6/9/2025;2:30:00 ðì;Visa;Tehran;1502601.0
success;SUCCESS;26/9/2025;7:08:00 ðì;Visa;Isfahan;1305967.0
success;SUCCESS;21/9/2025;10:27:00 ìì;Master Card;Isfahan;1883871.0
fail;FAIL;8/9/2025;2:20:00 ðì;Master Card;Tehran;1578078.0
success;SUCCESS;11/9/2025;7:08:00 ðì;Visa;Tehran;900000.0
fail;FAIL;6/9/2025;2:00:00 ìì;Master Card;Tabriz;914465.0
fail;FAIL;8/9/2025;10:48:00 ðì;Visa;Isfahan;471227.0
success;SUCCESS;10/9/2025;8:08:00 ðì;Visa;Tabriz;976246.0
fail;FAIL;29/9/2025;9:23:00 ìì;Visa;Karaj;343679.0
success;SUCCESS;3/9/2025;10:05:00 ðì;Master Card;Tehran;1502601.0
fail;FAIL;23/9/2025;2:30:00 ìì;Master Card;Tehran;205000.0
success;SUCCESS;10/9/2025;5:56:00 ðì;Amex;Karaj;300000.0
fail;FAIL;12/9/2025;1:13:00 ìì;Amex;Tehran;177050.0
fail;FAIL;6/9/2025;2:54:00 ðì;Visa;Shiraz;650000.0
fail;FAIL;12/9/2025;9:00:00 ðì;Master Card;Mashhad;100.5
fail;FAIL;14/9/2025;6:00:00 ìì;Visa;Mashhad;100.5
success;SUCCESS;2/9/2025;6:45:00 ìì;Master Card;Tehran;900000.0
fail;FAIL;9/9/2025;12:00:00 ðì;Discover;Tabriz;205000.0
success;SUCCESS;26/9/2025;4:15:00 ðì;Visa;Tehran ;1158713.0
fail;FAIL;17/9/2025;2:11:00 ìì;Discover;Karaj;343679.0
fail;FAIL;17/9/2025;6:45:00 ìì;Master Card;Tehran;914465.0
success;SUCCESS;3/9/2025;7:08:00 ðì;Discover;Tehran;1578078.0
Success;SUCCESS;1/9/2025;2:11:00 ìì;visa;Tehran;100.5
fail;FAIL;12/9/2025;9:23:00 ìì;Visa;Tehran;450000.0
success;SUCCESS;7/9/2025;2:30:00 ðì;Amex;Shiraz;1463119.0
fail;FAIL;4/9/2025;9:23:00 ìì;Visa;Tehran;1463119.0
fail;FAIL;13/9/2025;7:51:00 ìì;Master Card;Tehran;200000.0
success;SUCCESS;21/9/2025;5:56:00 ðì;Amex;Karaj;412308.0
success;SUCCESS;22/9/2025;7:40:00 ìì;Visa;Shiraz;333333.0
success;SUCCESS;25/9/2025;4:16:00 ìì;Discover;Tehran;1883871.0
success;SUCCESS;4/9/2025;6:06:00 ðì;Amex;Tehran;1578078.0
fail;FAIL;19/9/2025;12:44:00 ìì;Visa;Tehran;914465.0
fail;FAIL;2/9/2025;8:33:00 ìì;Visa;Isfahan;1427657.0
success;SUCCESS;17/9/2025;1:51:00 ðì;Master Card;Tehran;205000.0
fail;FAIL;10/9/2025;1:13:00 ìì;Discover;Tehran;1883871.0
fail;FAIL;2/9/2025;11:11:00 ðì;Discover;Isfahan;250000.0
fail;FAIL;6/9/2025;4:40:00 ðì;Visa;Tabriz;1305967.0
fail;FAIL;11/9/2025;9:23:00 ìì;Master Card;Tehran;250000.0
fail;FAIL;25/9/2025;7:08:00 ðì;Visa;Isfahan;99999.0
success;SUCCESS;12/9/2025;2:20:00 ðì;Master Card;Shiraz;443463.0
success;SUCCESS;9/9/2025;4:15:00 ðì;Amex;Tehran;99999.0
fail;FAIL;8/9/2025;2:30:00 ðì;Master Card;Tehran;1578078.0
success;SUCCESS;26/9/2025;7:32:00 ðì;Master Card;Tehran;1578078.0
fail;FAIL;11/9/2025;8:08:00 ðì;Amex;Ahvaz;5000.0
success;SUCCESS;28/9/2025;4:04:00 ðì;Amex;Tabriz;1502601.0
fail;FAIL;21/9/2025;6:06:00 ðì;Discover;Qom;205000.0
fail;FAIL;20/9/2025;5:07:00 ìì;Master Card;Karaj;585954.0
fail;FAIL;8/9/2025;9:09:00 ðì;Master Card;Isfahan;177050.0
success;SUCCESS;4/9/2025;3:00:00 ðì;Discover;Tabriz;976246.0
Success;SUCCESS;29/9/2025;7:19:00 ìì;Master Card;Mashhad;585954.0
success;SUCCESS;10/9/2025;8:33:00 ìì;Discover;karaj;1578078.0
fail;FAIL;12/9/2025;6:45:00 ìì;Visa;Qom;419089.0
fail;FAIL;29/9/2025;10:48:00 ðì;Visa;Tehran ;343679.0
fail;FAIL;22/9/2025;4:40:00 ðì;Visa;Karaj;450000.0
success;SUCCESS;18/9/2025;7:51:00 ìì;Visa;karaj;585954.0
success;SUCCESS;21/9/2025;2:02:00 ìì;Discover;Isfahan;5000.0
success;SUCCESS;22/9/2025;10:48:00 ðì;Visa;Mashhad;471227.0
fail;FAIL;21/9/2025;10:27:00 ìì;Master Card;Ahvaz;200000.0
fail;FAIL;12/9/2025;9:10:00 ìì;Amex;Ahvaz;177050.0
fail;FAIL;18/9/2025;7:51:00 ìì;Visa;Isfahan;450000.0
fail;FAIL;30/9/2025;7:08:00 ðì;Visa;Tabriz;774681.0
fail;FAIL;7/9/2025;10:48:00 ðì;Amex;Shiraz;1463119.0
success;SUCCESS;24/9/2025;3:27:00 ðì;Visa;Isfahan;914465.0
fail;FAIL;23/9/2025;7:40:00 ìì;Visa;Isfahan;900000.0
fail;FAIL;1/9/2025;9:21:00 ìì;Master Card;Isfahan;177050.0
fail;FAIL;26/9/2025;11:11:00 ðì;Discover;Tehran;1472823.0
fail;FAIL;6/9/2025;1:13:00 ìì;Visa;Karaj;471227.0
fail;FAIL;6/9/2025;4:40:00 ìì;Master Card;Isfahan;555555.0
fail;FAIL;29/9/2025;7:08:00 ðì;Visa;Shiraz;1463119.0
success;SUCCESS;12/9/2025;7:29:00 ìì;visa;Tabriz;100.5
fail;FAIL;10/9/2025;1:13:00 ìì;Visa;Karaj;1427657.0
success;SUCCESS;23/9/2025;2:24:00 ðì;Amex;Tabriz;1387769.0
success;SUCCESS;30/9/2025;3:27:00 ðì;Master Card;Tehran;123456.0
fail;FAIL;26/9/2025;5:56:00 ðì;Master Card;Isfahan;914465.0
success;SUCCESS;6/9/2025;9:00:00 ðì;Master Card;Tehran;250000.0
success;SUCCESS;19/9/2025;9:09:00 ðì;Master Card;Tehran;177050.0
success;SUCCESS;18/9/2025;6:06:00 ðì;Visa;Shiraz;1000.0
fail;FAIL;6/9/2025;10:05:00 ðì;Master Card;Tabriz;100000.0
success;SUCCESS;19/9/2025;1:01:00 ðì;Master Card;Tabriz;976246.0
fail;FAIL;10/9/2025;6:12:00 ìì;Visa;Tabriz;900000.0
success;SUCCESS;24/9/2025;3:27:00 ðì;Visa;Tabriz;976246.0
fail;FAIL;21/9/2025;4:16:00 ìì;Master Card;Tehran;585954.0
success;SUCCESS;24/9/2025;12:12:00 ìì;Master Card;Tehran;1387769.0
fail;FAIL;6/9/2025;7:29:00 ìì;Visa;Shiraz;200000.0
Success;SUCCESS;21/9/2025;12:44:00 ìì;Visa;Tehran;50200.0
fail;FAIL;25/9/2025;3:45:00 ìì;Master Card;Ahvaz;450000.0
success;SUCCESS;30/9/2025;7:51:00 ìì;Visa;Tehran;419089.0
fail;FAIL;1/9/2025;8:33:00 ìì;Master Card;Isfahan;1463119.0
fail;FAIL;27/9/2025;4:04:00 ðì;Visa;Isfahan;976246.0
Success;SUCCESS;24/9/2025;7:07:00 ðì;Amex;Tehran;200000.0
success;SUCCESS;25/9/2025;12:00:00 ðì;Visa;Isfahan;976246.0
fail;FAIL;12/9/2025;9:21:00 ìì;Visa;Mashhad;123456.0
success;SUCCESS;16/9/2025;12:44:00 ìì;Amex;Tehran;63489.0
success;SUCCESS;10/9/2025;10:48:00 ðì;Master Card;Qom;1782689.0
fail;FAIL;10/9/2025;2:20:00 ðì;Discover;Qom;300000.0
success;SUCCESS;25/9/2025;7:19:00 ìì;Discover;karaj;914465.0
fail;FAIL;20/9/2025;4:04:00 ðì;Visa;Tabriz;976246.0
success;SUCCESS;10/9/2025;7:29:00 ìì;Discover;Mashhad;1472823.0
fail;FAIL;10/9/2025;9:23:00 ìì;Amex;Tehran ;99999.0
fail;FAIL;26/9/2025;3:27:00 ðì;Visa;Karaj;1883871.0
success;SUCCESS;25/9/2025;11:59:00 ìì;Visa;Tehran ;583952.0
success;SUCCESS;11/9/2025;10:48:00 ðì;Visa;Tehran;5000.0
success;SUCCESS;2/9/2025;9:00:00 ðì;Master Card;Tabriz;583952.0
fail;FAIL;25/9/2025;12:12:00 ìì;Amex;Ahvaz;900000.0
success;SUCCESS;20/9/2025;11:11:00 ðì;Visa;Karaj;850000.0
success;SUCCESS;30/9/2025;2:37:00 ðì;Master Card;Karaj;976246.0
fail;FAIL;23/9/2025;9:21:00 ìì;Visa;Shiraz;1.0
success;SUCCESS;7/9/2025;3:27:00 ðì;Visa;Isfahan;1463119.0
fail;FAIL;8/9/2025;2:02:00 ìì;Master Card;Tehran;650000.0
fail;FAIL;2/9/2025;5:17:00 ìì;Amex;Qom;1502601.0
success;SUCCESS;18/9/2025;6:45:00 ìì;Master Card;Tabriz;100.5
success;SUCCESS;15/9/2025;3:00:00 ðì;Master Card;Tehran;1782689.0
success;SUCCESS;1/9/2025;9:09:00 ðì;Master Card;Tehran;177050.0
Success;SUCCESS;5/9/2025;2:30:00 ìì;VISA;Tehran;1463119.0
Success;SUCCESS;19/9/2025;6:12:00 ìì;Visa;Karaj;300000.0
fail;FAIL;18/9/2025;9:21:00 ìì;Master Card;Tehran;100.5
fail;FAIL;29/9/2025;8:33:00 ìì;Master Card;Tabriz;100.5
fail;FAIL;22/9/2025;7:40:00 ìì;Master Card;Mashhad;976246.0
fail;FAIL;14/9/2025;1:13:00 ìì;Master Card;Tehran;200000.0
Success;SUCCESS;30/9/2025;9:21:00 ìì;Master Card;Isfahan;976246.0
success;SUCCESS;24/9/2025;2:11:00 ìì;Master Card;Tabriz;120000.0
fail;FAIL;8/9/2025;7:08:00 ðì;Amex;Tabriz;250000.0
fail;FAIL;30/9/2025;12:12:00 ìì;Visa;Mashhad;914465.0
fail;FAIL;12/9/2025;2:30:00 ðì;Visa;Isfahan;583952.0
success;SUCCESS;10/9/2025;6:06:00 ðì;Visa;Tabriz;177050.0
success;SUCCESS;20/9/2025;7:07:00 ðì;Master Card;Tabriz;1782689.0
fail;FAIL;17/9/2025;6:12:00 ìì;Discover;Qom;774681.0
fail;FAIL;11/9/2025;2:54:00 ðì;Master Card;Shiraz;12345.0
success;SUCCESS;2/9/2025;2:20:00 ðì;Visa;Shiraz;774681.0
fail;FAIL;26/9/2025;12:12:00 ìì;Visa;Tehran;583952.0
fail;FAIL;26/9/2025;2:02:00 ìì;Visa;Tabriz;177050.0
fail;FAIL;4/9/2025;7:19:00 ìì;Master Card;Tabriz;1.0
fail;FAIL;25/9/2025;1:01:00 ðì;Master Card;Isfahan;1000.0
fail;FAIL;10/9/2025;11:11:00 ðì;Amex;Isfahan;1.0
success;SUCCESS;18/9/2025;5:23:00 ðì;Visa;Shiraz;583952.0
fail;FAIL;5/9/2025;4:04:00 ðì;Master Card;Karaj;471227.0
fail;FAIL;19/9/2025;7:08:00 ðì;Master Card;Tabriz;5000.0
Success;SUCCESS;26/9/2025;7:29:00 ìì;Discover;Shiraz;1050805.0
fail;FAIL;27/9/2025;2:37:00 ðì;Master Card;Tabriz;471227.0
fail;FAIL;22/9/2025;7:51:00 ìì;Master Card;Shiraz;99999.0
success;SUCCESS;16/9/2025;1:13:00 ìì;Discover;Tehran;914282.0
Success;SUCCESS;12/9/2025;5:07:00 ìì;Visa;Tabriz;12345.0
fail;FAIL;2/9/2025;11:17:00 ìì;Visa;Tehran;471227.0
success;SUCCESS;21/9/2025;2:30:00 ðì;Master Card;Isfahan;412308.0
success;SUCCESS;25/9/2025;1:51:00 ðì;Visa;Tabriz;200000.0
Success;SUCCESS;8/9/2025;12:12:00 ìì;Visa;Tabriz;471227.0
fail;FAIL;18/9/2025;5:23:00 ðì;Amex;Tehran;1883871.0
success;SUCCESS;25/9/2025;2:55:00 ìì;Discover;Karaj;914282.0
fail;FAIL;16/9/2025;1:13:00 ìì;Master Card;Tehran;443463.0
success;SUCCESS;26/9/2025;8:08:00 ðì;Visa;Tehran;555555.0
fail;FAIL;30/9/2025;10:27:00 ìì;Master Card;Karaj;50200.0
fail;FAIL;22/9/2025;4:40:00 ìì;Master Card;Qom;545116.0
fail;FAIL;13/9/2025;2:37:00 ðì;Amex;Karaj;250000.0
fail;FAIL;29/9/2025;2:55:00 ìì;Visa;Tehran;100.5
Success;SUCCESS;3/9/2025;1:13:00 ìì;Visa;Tehran;100.5
success;SUCCESS;26/9/2025;9:09:00 ðì;Master Card;Tehran;250000.0
success;SUCCESS;8/9/2025;8:20:00 ìì;Visa;Isfahan;914465.0
fail;FAIL;26/9/2025;5:23:00 ðì;Visa;Tehran;177050.0
success;SUCCESS;26/9/2025;2:11:00 ìì;Amex;Tehran;1305967.0
fail;FAIL;12/9/2025;7:29:00 ìì;Master Card;Tehran;120000.0
success;SUCCESS;2/9/2025;11:59:00 ìì;Master Card;Tabriz;1782689.0
Success;SUCCESS;28/9/2025;9:10:00 ìì;Visa;Tehran;1000.0
fail;FAIL;18/9/2025;4:40:00 ðì;Master Card;Tabriz;1.0
success;SUCCESS;13/9/2025;7:51:00 ìì;Visa;Tehran;1768588.0
success;SUCCESS;22/9/2025;6:00:00 ìì;Master Card;Karaj;914282.0
success;SUCCESS;12/9/2025;1:10:00 ìì;Discover;karaj;177050.0
fail;FAIL;2/9/2025;9:00:00 ðì;Master Card;Tehran;200000.0
fail;FAIL;5/9/2025;7:51:00 ìì;Master Card;Tehran;650000.0
fail;FAIL;7/9/2025;2:00:00 ìì;Master Card;Karaj;1427657.0
success;SUCCESS;26/9/2025;5:23:00 ðì;Master Card;Qom;450000.0
success;SUCCESS;12/9/2025;1:13:00 ìì;Amex;Isfahan;99999.0
fail;FAIL;16/9/2025;2:30:00 ðì;Master Card;Tehran;5000.0
success;SUCCESS;23/9/2025;7:29:00 ìì;Visa;Qom;1463119.0
success;SUCCESS;28/9/2025;2:37:00 ðì;Visa;Tabriz;343679.0
fail;FAIL;9/9/2025;1:01:00 ðì;Visa;Karaj;250000.0
success;SUCCESS;5/9/2025;9:10:00 ìì;Discover;Tehran;450000.0
fail;FAIL;10/9/2025;4:15:00 ðì;Visa;Isfahan;1427657.0
fail;FAIL;13/9/2025;6:06:00 ðì;Visa;Isfahan;1050805.0
success;SUCCESS;21/9/2025;12:00:00 ðì;Master Card;Shiraz;177050.0
success;SUCCESS;14/9/2025;3:00:00 ðì;Discover;Isfahan;555555.0
fail;FAIL;15/9/2025;7:07:00 ðì;Master Card;Mashhad;774681.0
fail;FAIL;10/9/2025;6:06:00 ðì;Visa;Tehran;50200.0
Success;SUCCESS;24/9/2025;7:40:00 ìì;Master Card;Tehran;177050.0
success;SUCCESS;7/9/2025;9:21:00 ìì;Visa;Tabriz;450000.0
success;SUCCESS;8/9/2025;1:10:00 ìì;Discover;Karaj;99999.0
success;SUCCESS;28/9/2025;9:23:00 ìì;Master Card;Ahvaz;583952.0
fail;FAIL;15/9/2025;9:09:00 ðì;Amex;Tehran;1782689.0
fail;FAIL;16/9/2025;9:23:00 ìì;Visa;Qom;1387769.0
success;SUCCESS;4/9/2025;3:27:00 ðì;Master Card;Tehran;100000.0
success;SUCCESS;6/9/2025;1:13:00 ìì;Master Card;Mashhad;650000.0
success;SUCCESS;4/9/2025;2:37:00 ðì;Amex;Karaj;200000.0
fail;FAIL;11/9/2025;11:17:00 ìì;Master Card;Tabriz;976246.0
fail;FAIL;29/9/2025;11:11:00 ðì;Amex;Tabriz;1883871.0
fail;FAIL;5/9/2025;10:05:00 ðì;Master Card;Tehran;300000.0
success;SUCCESS;23/9/2025;2:54:00 ðì;Master Card;Isfahan;419089.0
fail;FAIL;29/9/2025;11:59:00 ìì;Amex;Qom;585954.0
fail;FAIL;21/9/2025;10:27:00 ìì;Master Card;Tehran;1782689.0
fail;FAIL;13/9/2025;2:30:00 ðì;Amex;Isfahan;976246.0
fail;FAIL;13/9/2025;12:00:00 ðì;Master Card;Tehran;585954.0
fail;FAIL;27/9/2025;7:07:00 ðì;Amex;Ahvaz;1387769.0
fail;FAIL;7/9/2025;5:56:00 ðì;VISA;Tabriz;471227.0
fail;FAIL;13/9/2025;3:00:00 ðì;Master Card;Tehran;1387769.0
fail;FAIL;23/9/2025;9:21:00 ìì;Amex;Qom;123456.0
success;SUCCESS;27/9/2025;3:27:00 ðì;Discover;Qom;1427657.0
fail;FAIL;16/9/2025;8:08:00 ðì;Visa;Shiraz;200000.0
success;SUCCESS;30/9/2025;1:51:00 ðì;Visa;Ahvaz;1578078.0
success;SUCCESS;4/9/2025;9:23:00 ìì;Master Card;Ahvaz;120000.0
success;SUCCESS;8/9/2025;11:11:00 ðì;Visa;Tehran;583952.0
fail;FAIL;21/9/2025;7:08:00 ðì;Visa;Tehran;545116.0
fail;FAIL;10/9/2025;2:11:00 ìì;Discover;Tehran;471227.0
fail;FAIL;12/9/2025;11:11:00 ðì;Master Card;Tehran;333333.0
success;SUCCESS;12/9/2025;12:00:00 ðì;Discover;Ahvaz;774681.0
Success;SUCCESS;26/9/2025;1:10:00 ìì;Discover;Tehran;123456.0
fail;FAIL;1/9/2025;4:40:00 ìì;Visa;Tehran;1427657.0
Success;SUCCESS;28/9/2025;2:20:00 ðì;Amex;Tehran;99999.0
success;SUCCESS;9/9/2025;6:12:00 ìì;Discover;Karaj;1883871.0
success;SUCCESS;12/9/2025;9:23:00 ìì;Visa;Tehran;976246.0
success;SUCCESS;5/9/2025;6:30:00 ðì;Amex;Tehran;1578078.0
fail;FAIL;22/9/2025;5:23:00 ðì;Visa;Tabriz;123456.0
success;SUCCESS;20/9/2025;7:51:00 ìì;Visa;Ahvaz;1883871.0
success;SUCCESS;28/9/2025;11:11:00 ðì;Master Card;Qom;250000.0
success;SUCCESS;24/9/2025;6:45:00 ìì;Master Card;Isfahan;419089.0
fail;FAIL;5/9/2025;2:55:00 ìì;Visa;Shiraz;1387769.0
fail;FAIL;2/9/2025;1:10:00 ìì;Visa;Tehran;1472823.0
success;SUCCESS;14/9/2025;2:00:00 ìì;Visa;Tehran;452545.0
fail;FAIL;2/9/2025;5:17:00 ìì;Amex;Tabriz;419089.0
fail;FAIL;13/9/2025;3:45:00 ìì;Discover;Karaj;1.0
success;SUCCESS;10/9/2025;2:20:00 ðì;Amex;Tehran;545116.0
success;SUCCESS;13/9/2025;9:00:00 ðì;Visa;Tehran;177050.0
fail;FAIL;16/9/2025;11:11:00 ðì;Visa;Tehran;443463.0
success;SUCCESS;26/9/2025;1:01:00 ðì;Master Card;Tabriz;583952.0
success;SUCCESS;4/9/2025;4:16:00 ìì;Visa;Tehran;177050.0
fail;FAIL;1/9/2025;12:00:00 ðì;Visa;Tehran;583952.0
success;SUCCESS;7/9/2025;7:08:00 ðì;Master Card;Tabriz;419089.0
Success;SUCCESS;9/9/2025;2:54:00 ðì;Master Card;Tehran;205000.0
FAIL;FAIL;19/9/2025;10:48:00 ðì;Master Card;Ahvaz;100.5
fail;FAIL;10/9/2025;1:10:00 ìì;Master Card;Mashhad;1050805.0
success;SUCCESS;11/9/2025;8:20:00 ìì;Visa;Mashhad;471227.0
fail;FAIL;25/9/2025;9:45:00 ðì;Visa;Shiraz;100.5
success;SUCCESS;15/9/2025;4:15:00 ðì;Amex;Tehran;914282.0
success;SUCCESS;6/9/2025;9:09:00 ðì;Visa;Tehran;12345.0
fail;FAIL;15/9/2025;1:10:00 ìì;Master Card;Tabriz;585954.0
fail;FAIL;5/9/2025;5:17:00 ìì;Master Card;Isfahan;343679.0
success;SUCCESS;29/9/2025;11:11:00 ðì;Discover;Isfahan;63489.0
fail;FAIL;10/9/2025;1:10:00 ìì;Visa;Tehran;976246.0
fail;FAIL;22/9/2025;2:30:00 ðì;Amex;Tehran;914282.0
fail;FAIL;4/9/2025;2:37:00 ðì;Amex;Tehran;200000.0
Success;SUCCESS;8/9/2025;7:08:00 ðì;Master Card;Tehran;419089.0
fail;FAIL;4/9/2025;7:51:00 ìì;Discover;Tabriz;1782689.0
fail;FAIL;23/9/2025;9:00:00 ðì;Visa;Mashhad;100000.0
fail;FAIL;12/9/2025;10:48:00 ðì;Visa;Tehran;450000.0
success;SUCCESS;4/9/2025;2:54:00 ðì;Visa;Tehran;1050805.0
fail;FAIL;5/9/2025;11:11:00 ðì;Amex;Tabriz;1463119.0
fail;FAIL;29/9/2025;5:07:00 ìì;Amex;Ahvaz;250000.0
fail;FAIL;21/9/2025;4:04:00 ðì;visa;Tehran;545116.0
success;SUCCESS;11/9/2025;7:32:00 ðì;Master Card;Qom;12345.0
fail;FAIL;3/9/2025;10:48:00 ðì;Visa;karaj;419089.0
fail;FAIL;30/9/2025;11:11:00 ðì;Master Card;Tehran;650000.0
fail;FAIL;25/9/2025;2:37:00 ðì;Discover;Qom;1387769.0
fail;FAIL;23/9/2025;3:45:00 ìì;Amex;Tabriz;1305967.0
success;SUCCESS;2/9/2025;7:08:00 ðì;Discover;Tehran;120000.0
success;SUCCESS;9/9/2025;7:40:00 ìì;Visa;Shiraz;177050.0
success;SUCCESS;14/9/2025;8:08:00 ðì;Master Card;Tabriz;200000.0
success;SUCCESS;29/9/2025;10:27:00 ìì;Visa;Qom;5000.0
success;SUCCESS;13/9/2025;5:17:00 ìì;Visa;Qom;1768588.0
success;SUCCESS;18/9/2025;5:56:00 ðì;Master Card;Ahvaz;650000.0
fail;FAIL;15/9/2025;7:08:00 ðì;Master Card;Tabriz;100000.0
success;SUCCESS;28/9/2025;9:10:00 ìì;Visa;Mashhad;1463119.0
fail;FAIL;10/9/2025;9:45:00 ðì;Master Card;Tehran;1463119.0
success;SUCCESS;16/9/2025;4:16:00 ìì;Discover;Shiraz;471227.0
success;SUCCESS;12/9/2025;7:08:00 ðì;Discover;Mashhad;1305967.0
fail;FAIL;5/9/2025;1:01:00 ðì;Amex;Karaj;443463.0
success;SUCCESS;10/9/2025;8:08:00 ðì;Visa;Tehran;1578078.0
fail;FAIL;7/9/2025;2:24:00 ðì;Master Card;Tehran;471227.0
fail;FAIL;17/9/2025;6:06:00 ðì;Visa;Mashhad;343679.0
fail;FAIL;16/9/2025;12:00:00 ðì;visa;karaj;471227.0
fail;FAIL;27/9/2025;6:06:00 ðì;Master Card;Mashhad;900000.0
fail;FAIL;27/9/2025;2:20:00 ðì;Amex;Shiraz;205000.0
success;SUCCESS;24/9/2025;11:59:00 ìì;Discover;Isfahan;1427657.0
fail;FAIL;3/9/2025;7:40:00 ìì;Master Card;Karaj;1427657.0
fail;FAIL;14/9/2025;5:56:00 ðì;Amex;Tabriz;200000.0
fail;FAIL;10/9/2025;11:59:00 ìì;Amex;Karaj;343679.0
fail;FAIL;22/9/2025;10:27:00 ìì;Amex;Tehran;914282.0
fail;FAIL;7/9/2025;6:30:00 ðì;Discover;Karaj;1.0
success;SUCCESS;26/9/2025;12:12:00 ìì;Visa;Tabriz;471227.0
fail;FAIL;17/9/2025;6:45:00 ìì;Visa;Tabriz;1158713.0
success;SUCCESS;30/9/2025;6:30:00 ðì;Discover;karaj;1578078.0
fail;FAIL;6/9/2025;9:45:00 ðì;Master Card;karaj;1387769.0
success;SUCCESS;22/9/2025;8:59:00 ðì;Discover;Tehran;1427657.0
fail;FAIL;4/9/2025;3:27:00 ðì;Amex;Tehran;443463.0
fail;FAIL;17/9/2025;2:30:00 ìì;Amex;Tabriz;774681.0
fail;FAIL;27/9/2025;3:00:00 ðì;Master Card;Tabriz;1387769.0
fail;FAIL;9/9/2025;1:10:00 ìì;Visa;Tabriz;200000.0
success;SUCCESS;4/9/2025;6:00:00 ìì;Visa;Tabriz;585954.0
fail;FAIL;17/9/2025;12:12:00 ìì;Visa;Qom;419089.0
fail;FAIL;24/9/2025;11:17:00 ìì;Visa;Tehran;450000.0
success;SUCCESS;8/9/2025;7:32:00 ðì;Amex;Isfahan;200000.0
success;SUCCESS;23/9/2025;7:51:00 ìì;Discover;Tehran;177050.0
fail;FAIL;30/9/2025;8:33:00 ìì;visa;Tehran;1883871.0
fail;FAIL;15/9/2025;3:27:00 ðì;Visa;Tehran;914282.0
FAIL;FAIL;8/9/2025;4:15:00 ðì;Visa;Mashhad;450000.0
fail;FAIL;16/9/2025;6:30:00 ðì;Visa;Tabriz;1387769.0
success;SUCCESS;19/9/2025;2:37:00 ðì;Amex;Tehran;914465.0
fail;FAIL;11/9/2025;7:07:00 ðì;Master Card;Karaj;585954.0
fail;FAIL;2/9/2025;1:10:00 ìì;Discover;Tehran ;976246.0
fail;FAIL;23/9/2025;8:20:00 ìì;Visa;Tehran;650000.0
fail;FAIL;17/9/2025;11:11:00 ðì;Visa;Isfahan;555555.0
success;SUCCESS;28/9/2025;9:00:00 ðì;Master Card;Isfahan;443463.0
fail;FAIL;16/9/2025;2:02:00 ìì;Visa;Mashhad;200000.0
success;SUCCESS;25/9/2025;10:48:00 ðì;VISA;Tehran;100.5
fail;FAIL;13/9/2025;4:16:00 ìì;Master Card;Isfahan;914465.0
fail;FAIL;15/9/2025;11:11:00 ðì;Master Card;Shiraz;250000.0
success;SUCCESS;4/9/2025;3:27:00 ðì;Amex;Tehran;976246.0
fail;FAIL;16/9/2025;8:33:00 ìì;Discover;Tehran;1768588.0
fail;FAIL;12/9/2025;10:05:00 ðì;visa;Tehran;976246.0
success;SUCCESS;30/9/2025;7:19:00 ìì;Master Card;Ahvaz;120000.0
fail;FAIL;4/9/2025;2:00:00 ìì;Discover;Tehran;585954.0
success;SUCCESS;3/9/2025;10:48:00 ðì;Master Card;Shiraz;443463.0
fail;FAIL;22/9/2025;8:59:00 ðì;visa;Shiraz;177050.0
fail;FAIL;17/9/2025;1:10:00 ìì;Visa;Tehran;585954.0
fail;FAIL;22/9/2025;1:51:00 ðì;Master Card;Isfahan;50200.0
fail;FAIL;25/9/2025;2:24:00 ðì;Visa;Tehran;1463119.0
fail;FAIL;23/9/2025;7:51:00 ìì;Discover;Shiraz;419089.0
success;SUCCESS;28/9/2025;9:00:00 ðì;Master Card;Tehran;545116.0
fail;FAIL;23/9/2025;9:23:00 ìì;Master Card;Tehran;205000.0
success;SUCCESS;26/9/2025;1:51:00 ðì;Visa;Isfahan;1782689.0
fail;FAIL;23/9/2025;9:09:00 ðì;Discover;Mashhad;900000.0
success;SUCCESS;22/9/2025;7:51:00 ìì;Master Card;Qom;12345.0
success;SUCCESS;21/9/2025;9:09:00 ðì;Visa;Tabriz;774681.0
success;SUCCESS;15/9/2025;2:55:00 ìì;Visa;Karaj;100.5
fail;FAIL;16/9/2025;12:44:00 ìì;Visa;Isfahan;976246.0
success;SUCCESS;5/9/2025;8:59:00 ðì;Visa;Tehran;976246.0
fail;FAIL;21/9/2025;2:11:00 ìì;Visa;Tabriz;650000.0
Success;SUCCESS;15/9/2025;2:00:00 ìì;Amex;Tehran;900000.0
success;SUCCESS;17/9/2025;6:12:00 ìì;Discover;Tehran;850000.0
fail;FAIL;18/9/2025;8:33:00 ìì;Visa;Tehran;12345.0
fail;FAIL;13/9/2025;12:12:00 ìì;visa;Tabriz;177050.0
fail;FAIL;30/9/2025;8:59:00 ðì;Amex;Tabriz;1158713.0
success;SUCCESS;18/9/2025;7:19:00 ìì;Visa;Shiraz;583952.0
success;SUCCESS;14/9/2025;7:07:00 ðì;Discover;Tehran;471227.0
fail;FAIL;30/9/2025;1:10:00 ìì;Master Card;Mashhad;177050.0
fail;FAIL;4/9/2025;9:45:00 ðì;Master Card;Isfahan;177050.0
fail;FAIL;4/9/2025;8:20:00 ìì;Master Card;Mashhad;177050.0
fail;FAIL;20/9/2025;6:30:00 ðì;Master Card;Qom;1387769.0
success;SUCCESS;19/9/2025;8:59:00 ðì;Visa;Tehran;250000.0
fail;FAIL;13/9/2025;1:01:00 ðì;Discover;Isfahan;1463119.0
fail;FAIL;7/9/2025;9:10:00 ìì;Master Card;Isfahan;419089.0
success;SUCCESS;21/9/2025;2:54:00 ðì;Visa;Shiraz;774681.0
fail;FAIL;4/9/2025;9:10:00 ìì;Amex;Isfahan;1305967.0
success;SUCCESS;27/9/2025;6:45:00 ìì;Master Card;Tehran;583952.0
success;SUCCESS;5/9/2025;8:08:00 ðì;Visa;Tehran;583952.0
success;SUCCESS;23/9/2025;8:33:00 ìì;Master Card;Tehran;443463.0
fail;FAIL;10/9/2025;12:00:00 ðì;Visa;Tabriz;1502601.0
success;SUCCESS;7/9/2025;2:11:00 ìì;Master Card;Mashhad;1158713.0
fail;FAIL;5/9/2025;1:10:00 ìì;Visa;Tabriz;1.0
success;SUCCESS;26/9/2025;5:56:00 ðì;Master Card;Tehran;914465.0
FAIL;FAIL;10/9/2025;8:08:00 ðì;Visa;Tehran;1472823.0
fail;FAIL;6/9/2025;8:08:00 ðì;Visa;Tabriz;443463.0
fail;FAIL;27/9/2025;2:24:00 ðì;Master Card;Tehran;12345.0
success;SUCCESS;28/9/2025;3:00:00 ðì;Master Card;Ahvaz;343679.0
success;SUCCESS;19/9/2025;12:34:00 ìì;Visa;Tabriz;1050805.0
fail;FAIL;8/9/2025;9:09:00 ðì;Discover;Ahvaz;1050805.0
fail;FAIL;1/9/2025;11:11:00 ðì;Discover;Tabriz;1000.0
fail;FAIL;17/9/2025;4:15:00 ðì;VISA;Mashhad;1578078.0
fail;FAIL;7/9/2025;7:32:00 ðì;Master Card;Tehran;1578078.0
success;SUCCESS;14/9/2025;8:08:00 ðì;visa;Tehran;205000.0
fail;FAIL;30/9/2025;9:23:00 ìì;Master Card;Tehran;1000.0
success;SUCCESS;21/9/2025;3:27:00 ðì;Discover;Tabriz;1782689.0
success;SUCCESS;9/9/2025;9:00:00 ðì;Master Card;Qom;914465.0
fail;FAIL;17/9/2025;2:20:00 ðì;Discover;Tabriz;419089.0
fail;FAIL;5/9/2025;2:30:00 ìì;Master Card;Mashhad;177050.0
fail;FAIL;26/9/2025;1:13:00 ìì;Visa;karaj;900000.0
success;SUCCESS;25/9/2025;11:11:00 ðì;Master Card;Mashhad;1427657.0
success;SUCCESS;30/9/2025;2:11:00 ìì;Amex;Mashhad;100.5
Success;SUCCESS;20/9/2025;8:33:00 ìì;Discover;Tabriz;1463119.0
success;SUCCESS;29/9/2025;3:27:00 ðì;Discover;Ahvaz;419089.0
fail;FAIL;8/9/2025;10:05:00 ðì;visa;Karaj;450000.0
fail;FAIL;6/9/2025;9:09:00 ðì;Amex;Tabriz;1768588.0
fail;FAIL;11/9/2025;2:20:00 ðì;Master Card;Tabriz;471227.0
fail;FAIL;19/9/2025;9:23:00 ìì;Master Card;Ahvaz;250000.0
fail;FAIL;4/9/2025;11:11:00 ðì;Visa;Isfahan;1768588.0
Success;SUCCESS;18/9/2025;7:32:00 ðì;Visa;Isfahan;471227.0
success;SUCCESS;13/9/2025;12:12:00 ìì;Master Card;Tehran;774681.0
fail;FAIL;14/9/2025;9:09:00 ðì;Discover;Isfahan;177050.0
fail;FAIL;1/9/2025;3:27:00 ðì;Visa;Mashhad;914282.0
fail;FAIL;30/9/2025;5:17:00 ìì;Master Card;Mashhad;914282.0
fail;FAIL;29/9/2025;9:21:00 ìì;Discover;Tehran;443463.0
Success;SUCCESS;17/9/2025;11:11:00 ðì;Visa;Tehran;1782689.0
success;SUCCESS;4/9/2025;1:51:00 ðì;Visa;Tehran;850000.0
success;SUCCESS;26/9/2025;4:40:00 ðì;Visa;Mashhad;50200.0
Success;SUCCESS;12/9/2025;3:27:00 ðì;Master Card;Isfahan;1578078.0
fail;FAIL;10/9/2025;3:27:00 ðì;Master Card;Tabriz;1387769.0
success;SUCCESS;25/9/2025;12:00:00 ðì;Master Card;Isfahan;419089.0
fail;FAIL;26/9/2025;9:23:00 ìì;Visa;Tabriz;976246.0
success;SUCCESS;27/9/2025;8:08:00 ðì;Visa;Qom;976246.0
fail;FAIL;21/9/2025;7:32:00 ðì;Visa;Tehran;585954.0
fail;FAIL;16/9/2025;5:23:00 ðì;Discover;Tehran;1158713.0
fail;FAIL;24/9/2025;4:40:00 ðì;Master Card;Tabriz;443463.0
fail;FAIL;14/9/2025;2:00:00 ìì;Visa;Mashhad;1463119.0
fail;FAIL;23/9/2025;9:45:00 ðì;Amex;Karaj;1578078.0
success;SUCCESS;6/9/2025;7:32:00 ðì;Master Card;karaj;5000.0
success;SUCCESS;22/9/2025;1:13:00 ìì;Master Card;Tehran;200000.0
success;SUCCESS;25/9/2025;2:30:00 ìì;Master Card;Karaj;1.0
fail;FAIL;28/9/2025;10:48:00 ðì;Visa;Tehran;1578078.0
success;SUCCESS;5/9/2025;9:23:00 ìì;Discover;Tabriz;1000.0
Success;SUCCESS;24/9/2025;10:48:00 ðì;Master Card;Tehran;585954.0
success;SUCCESS;21/9/2025;7:08:00 ðì;Discover;Tehran ;1463119.0
